
build/debug/DAC_ADC_1.elf:     file format elf32-littlearm

Sections:
Idx Name          Size      VMA       LMA       File off  Algn
  0 .isr_vector   000001c4  08000000  08000000  00001000  2**0
                  CONTENTS, ALLOC, LOAD, READONLY, DATA
  1 .text         0000399c  080001c4  080001c4  000011c4  2**2
                  CONTENTS, ALLOC, LOAD, READONLY, CODE
  2 .rodata       00000020  08003b60  08003b60  00004b60  2**2
                  CONTENTS, ALLOC, LOAD, READONLY, DATA
  3 .ARM          00000008  08003b80  08003b80  00004b80  2**2
                  CONTENTS, ALLOC, LOAD, READONLY, DATA
  4 .init_array   00000004  08003b88  08003b88  00004b88  2**2
                  CONTENTS, ALLOC, LOAD, DATA
  5 .fini_array   00000004  08003b8c  08003b8c  00004b8c  2**2
                  CONTENTS, ALLOC, LOAD, DATA
  6 .data         00000010  20000000  08003b90  00005000  2**2
                  CONTENTS, ALLOC, LOAD, DATA
  7 .bss          000121e0  20000010  08003ba0  00005010  2**2
                  ALLOC
  8 ._user_heap_stack 00000600  200121f0  08003ba0  000051f0  2**0
                  ALLOC
  9 .ARM.attributes 00000030  00000000  00000000  00005010  2**0
                  CONTENTS, READONLY
 10 .comment      00000039  00000000  00000000  00005040  2**0
                  CONTENTS, READONLY
 11 .debug_info   0001683e  00000000  00000000  00005079  2**0
                  CONTENTS, READONLY, DEBUGGING, OCTETS
 12 .debug_abbrev 00002c96  00000000  00000000  0001b8b7  2**0
                  CONTENTS, READONLY, DEBUGGING, OCTETS
 13 .debug_loclists 0000b859  00000000  00000000  0001e54d  2**0
                  CONTENTS, READONLY, DEBUGGING, OCTETS
 14 .debug_aranges 00001030  00000000  00000000  00029da8  2**3
                  CONTENTS, READONLY, DEBUGGING, OCTETS
 15 .debug_rnglists 00000cb5  00000000  00000000  0002add8  2**0
                  CONTENTS, READONLY, DEBUGGING, OCTETS
 16 .debug_line   00012b37  00000000  00000000  0002ba8d  2**0
                  CONTENTS, READONLY, DEBUGGING, OCTETS
 17 .debug_str    00004d99  00000000  00000000  0003e5c4  2**0
                  CONTENTS, READONLY, DEBUGGING, OCTETS
 18 .debug_frame  00002ab8  00000000  00000000  00043360  2**2
                  CONTENTS, READONLY, DEBUGGING, OCTETS
 19 .debug_line_str 0000003f  00000000  00000000  00045e18  2**0
                  CONTENTS, READONLY, DEBUGGING, OCTETS

Disassembly of section .text:

080001c4 <__aeabi_uldivmod>:
 80001c4:	b953      	cbnz	r3, 80001dc <__aeabi_uldivmod+0x18>
 80001c6:	b94a      	cbnz	r2, 80001dc <__aeabi_uldivmod+0x18>
 80001c8:	2900      	cmp	r1, #0
 80001ca:	bf08      	it	eq
 80001cc:	2800      	cmpeq	r0, #0
 80001ce:	bf1c      	itt	ne
 80001d0:	f04f 31ff 	movne.w	r1, #4294967295	@ 0xffffffff
 80001d4:	f04f 30ff 	movne.w	r0, #4294967295	@ 0xffffffff
 80001d8:	f000 b80c 	b.w	80001f4 <__aeabi_idiv0>
 80001dc:	f1ad 0c08 	sub.w	ip, sp, #8
 80001e0:	e96d ce04 	strd	ip, lr, [sp, #-16]!
 80001e4:	f003 fb34 	bl	8003850 <__udivmoddi4>
 80001e8:	f8dd e004 	ldr.w	lr, [sp, #4]
 80001ec:	e9dd 2302 	ldrd	r2, r3, [sp, #8]
 80001f0:	b004      	add	sp, #16
 80001f2:	4770      	bx	lr

080001f4 <__aeabi_idiv0>:
 80001f4:	4770      	bx	lr
 80001f6:	bf00      	nop

080001f8 <__do_global_dtors_aux>:
 80001f8:	b510      	push	{r4, lr}
 80001fa:	4c05      	ldr	r4, [pc, #20]	@ (8000210 <__do_global_dtors_aux+0x18>)
 80001fc:	7823      	ldrb	r3, [r4, #0]
 80001fe:	b933      	cbnz	r3, 800020e <__do_global_dtors_aux+0x16>
 8000200:	4b04      	ldr	r3, [pc, #16]	@ (8000214 <__do_global_dtors_aux+0x1c>)
 8000202:	b113      	cbz	r3, 800020a <__do_global_dtors_aux+0x12>
 8000204:	4804      	ldr	r0, [pc, #16]	@ (8000218 <__do_global_dtors_aux+0x20>)
 8000206:	f3af 8000 	nop.w
 800020a:	2301      	movs	r3, #1
 800020c:	7023      	strb	r3, [r4, #0]
 800020e:	bd10      	pop	{r4, pc}
 8000210:	20000010 	.word	0x20000010
 8000214:	00000000 	.word	0x00000000
 8000218:	08003b48 	.word	0x08003b48

0800021c <frame_dummy>:
 800021c:	b508      	push	{r3, lr}
 800021e:	4b03      	ldr	r3, [pc, #12]	@ (800022c <frame_dummy+0x10>)
 8000220:	b11b      	cbz	r3, 800022a <frame_dummy+0xe>
 8000222:	4903      	ldr	r1, [pc, #12]	@ (8000230 <frame_dummy+0x14>)
 8000224:	4803      	ldr	r0, [pc, #12]	@ (8000234 <frame_dummy+0x18>)
 8000226:	f3af 8000 	nop.w
 800022a:	bd08      	pop	{r3, pc}
 800022c:	00000000 	.word	0x00000000
 8000230:	20000014 	.word	0x20000014
 8000234:	08003b48 	.word	0x08003b48

08000238 <buildRamp>:
uint8_t rxBuffer[1];
uint8_t command;


void
buildRamp(uint16_t min, uint16_t max) {
 8000238:	ee06 0a10 	vmov	s12, r0
    float factor = (float)(max-min)/(float)NS;
 800023c:	1a0b      	subs	r3, r1, r0
 800023e:	ee06 3a90 	vmov	s13, r3
 8000242:	eef8 6ae6 	vcvt.f32.s32	s13, s13
 8000246:	eddf 7a0e 	vldr	s15, [pc, #56]	@ 8000280 <buildRamp+0x48>
 800024a:	ee66 6aa7 	vmul.f32	s13, s13, s15
    for(int16_t i=0; i<NS; i++) {
 800024e:	2300      	movs	r3, #0
 8000250:	e012      	b.n	8000278 <buildRamp+0x40>
        Ramp[i] = (uint16_t)(min+factor*i);
 8000252:	ee07 3a90 	vmov	s15, r3
 8000256:	eeb8 7ae7 	vcvt.f32.s32	s14, s15
 800025a:	ee27 7a26 	vmul.f32	s14, s14, s13
 800025e:	eef8 7ac6 	vcvt.f32.s32	s15, s12
 8000262:	ee77 7a87 	vadd.f32	s15, s15, s14
 8000266:	eefc 7ae7 	vcvt.u32.f32	s15, s15
 800026a:	4a06      	ldr	r2, [pc, #24]	@ (8000284 <buildRamp+0x4c>)
 800026c:	ee17 1a90 	vmov	r1, s15
 8000270:	f822 1013 	strh.w	r1, [r2, r3, lsl #1]
    for(int16_t i=0; i<NS; i++) {
 8000274:	3301      	adds	r3, #1
 8000276:	b21b      	sxth	r3, r3
 8000278:	f5b3 5f80 	cmp.w	r3, #4096	@ 0x1000
 800027c:	dbe9      	blt.n	8000252 <buildRamp+0x1a>
        //Ramp[i] = (uint16_t)(max-factor*i); // Rampa inversa...
    }
}
 800027e:	4770      	bx	lr
 8000280:	39800000 	.word	0x39800000
 8000284:	20010040 	.word	0x20010040

08000288 <MX_GPIO_Init>:
    //HAL_NVIC_EnableIRQ(DMA1_Stream6_IRQn);
}


static void
MX_GPIO_Init(void) {
 8000288:	e92d 43f0 	stmdb	sp!, {r4, r5, r6, r7, r8, r9, lr}
 800028c:	b08b      	sub	sp, #44	@ 0x2c
    GPIO_InitTypeDef GPIO_InitStruct = {0};
 800028e:	ad05      	add	r5, sp, #20
 8000290:	2400      	movs	r4, #0
 8000292:	9405      	str	r4, [sp, #20]
 8000294:	9406      	str	r4, [sp, #24]
 8000296:	9407      	str	r4, [sp, #28]
 8000298:	9408      	str	r4, [sp, #32]
 800029a:	9409      	str	r4, [sp, #36]	@ 0x24

    __HAL_RCC_GPIOA_CLK_ENABLE();
 800029c:	9401      	str	r4, [sp, #4]
 800029e:	4b43      	ldr	r3, [pc, #268]	@ (80003ac <MX_GPIO_Init+0x124>)
 80002a0:	6b1a      	ldr	r2, [r3, #48]	@ 0x30
 80002a2:	f042 0201 	orr.w	r2, r2, #1
 80002a6:	631a      	str	r2, [r3, #48]	@ 0x30
 80002a8:	6b1a      	ldr	r2, [r3, #48]	@ 0x30
 80002aa:	f002 0201 	and.w	r2, r2, #1
 80002ae:	9201      	str	r2, [sp, #4]
 80002b0:	9a01      	ldr	r2, [sp, #4]
    __HAL_RCC_GPIOB_CLK_ENABLE();
 80002b2:	9402      	str	r4, [sp, #8]
 80002b4:	6b1a      	ldr	r2, [r3, #48]	@ 0x30
 80002b6:	f042 0202 	orr.w	r2, r2, #2
 80002ba:	631a      	str	r2, [r3, #48]	@ 0x30
 80002bc:	6b1a      	ldr	r2, [r3, #48]	@ 0x30
 80002be:	f002 0202 	and.w	r2, r2, #2
 80002c2:	9202      	str	r2, [sp, #8]
 80002c4:	9a02      	ldr	r2, [sp, #8]
    __HAL_RCC_GPIOC_CLK_ENABLE();
 80002c6:	9403      	str	r4, [sp, #12]
 80002c8:	6b1a      	ldr	r2, [r3, #48]	@ 0x30
 80002ca:	f042 0204 	orr.w	r2, r2, #4
 80002ce:	631a      	str	r2, [r3, #48]	@ 0x30
 80002d0:	6b1a      	ldr	r2, [r3, #48]	@ 0x30
 80002d2:	f002 0204 	and.w	r2, r2, #4
 80002d6:	9203      	str	r2, [sp, #12]
 80002d8:	9a03      	ldr	r2, [sp, #12]
    __HAL_RCC_GPIOH_CLK_ENABLE();
 80002da:	9404      	str	r4, [sp, #16]
 80002dc:	6b1a      	ldr	r2, [r3, #48]	@ 0x30
 80002de:	f042 0280 	orr.w	r2, r2, #128	@ 0x80
 80002e2:	631a      	str	r2, [r3, #48]	@ 0x30
 80002e4:	6b1b      	ldr	r3, [r3, #48]	@ 0x30
 80002e6:	f003 0380 	and.w	r3, r3, #128	@ 0x80
 80002ea:	9304      	str	r3, [sp, #16]
 80002ec:	9b04      	ldr	r3, [sp, #16]
        GPIO_InitStruct.Speed = GPIO_SPEED_FREQ_LOW;
        HAL_GPIO_Init(LD2_GPIO_Port, &GPIO_InitStruct);
    #endif

    // Led Indicators: RampMinLed_Pin, RampMaxLed_Pin, RampStartLed_Pin
    GPIO_InitStruct.Pin   = RampMinLed_Pin | RampMaxLed_Pin | RampStartLed_Pin;
 80002ee:	f44f 4360 	mov.w	r3, #57344	@ 0xe000
 80002f2:	9305      	str	r3, [sp, #20]
    GPIO_InitStruct.Mode  = GPIO_MODE_OUTPUT_PP;
 80002f4:	2701      	movs	r7, #1
 80002f6:	9706      	str	r7, [sp, #24]
    GPIO_InitStruct.Pull  = GPIO_NOPULL;
    GPIO_InitStruct.Speed = GPIO_SPEED_FREQ_LOW;
    HAL_GPIO_Init(GPIOB, &GPIO_InitStruct);
 80002f8:	4e2d      	ldr	r6, [pc, #180]	@ (80003b0 <MX_GPIO_Init+0x128>)
 80002fa:	4629      	mov	r1, r5
 80002fc:	4630      	mov	r0, r6
 80002fe:	f001 fcef 	bl	8001ce0 <HAL_GPIO_Init>
    HAL_GPIO_WritePin(GPIOB, RampMinLed_Pin,   GPIO_PIN_RESET);
 8000302:	4622      	mov	r2, r4
 8000304:	f44f 5100 	mov.w	r1, #8192	@ 0x2000
 8000308:	4630      	mov	r0, r6
 800030a:	f001 fdd9 	bl	8001ec0 <HAL_GPIO_WritePin>
    HAL_GPIO_WritePin(GPIOB, RampMaxLed_Pin,   GPIO_PIN_RESET);
 800030e:	4622      	mov	r2, r4
 8000310:	f44f 4180 	mov.w	r1, #16384	@ 0x4000
 8000314:	4630      	mov	r0, r6
 8000316:	f001 fdd3 	bl	8001ec0 <HAL_GPIO_WritePin>
    HAL_GPIO_WritePin(GPIOB, RampStartLed_Pin, GPIO_PIN_RESET);
 800031a:	4622      	mov	r2, r4
 800031c:	f44f 4100 	mov.w	r1, #32768	@ 0x8000
 8000320:	4630      	mov	r0, r6
 8000322:	f001 fdcd 	bl	8001ec0 <HAL_GPIO_WritePin>

    // Ramp Trigger Output Pin (RampTrigger_Pin)
    GPIO_InitStruct.Pin   = RampTrigger_Pin;
 8000326:	f44f 6980 	mov.w	r9, #1024	@ 0x400
 800032a:	f8cd 9014 	str.w	r9, [sp, #20]
    GPIO_InitStruct.Mode  = GPIO_MODE_OUTPUT_PP;
 800032e:	9706      	str	r7, [sp, #24]
    GPIO_InitStruct.Pull  = GPIO_NOPULL;
 8000330:	9407      	str	r4, [sp, #28]
    GPIO_InitStruct.Speed = GPIO_SPEED_FREQ_LOW;
 8000332:	9408      	str	r4, [sp, #32]
    HAL_GPIO_Init(RampTrigger_GPIO_Port, &GPIO_InitStruct);
 8000334:	f8df 8080 	ldr.w	r8, [pc, #128]	@ 80003b8 <MX_GPIO_Init+0x130>
 8000338:	4629      	mov	r1, r5
 800033a:	4640      	mov	r0, r8
 800033c:	f001 fcd0 	bl	8001ce0 <HAL_GPIO_Init>
    HAL_GPIO_WritePin(RampTrigger_GPIO_Port, RampTrigger_Pin, GPIO_PIN_RESET);
 8000340:	4622      	mov	r2, r4
 8000342:	4649      	mov	r1, r9
 8000344:	4640      	mov	r0, r8
 8000346:	f001 fdbb 	bl	8001ec0 <HAL_GPIO_WritePin>

    // Ramp Push Buttons: RampMinPB_Pin, RampMaxPB_Pin, RampStartPB_Pin
    GPIO_InitStruct.Pin = RampMinPB_Pin | RampMaxPB_Pin | RampStartPB_Pin;
 800034a:	2370      	movs	r3, #112	@ 0x70
 800034c:	9305      	str	r3, [sp, #20]
    GPIO_InitStruct.Mode = GPIO_MODE_IT_FALLING;
 800034e:	f44f 1804 	mov.w	r8, #2162688	@ 0x210000
 8000352:	f8cd 8018 	str.w	r8, [sp, #24]
    GPIO_InitStruct.Pull = GPIO_PULLUP;
 8000356:	9707      	str	r7, [sp, #28]
    HAL_GPIO_Init(GPIOB, &GPIO_InitStruct);
 8000358:	4629      	mov	r1, r5
 800035a:	4630      	mov	r0, r6
 800035c:	f001 fcc0 	bl	8001ce0 <HAL_GPIO_Init>

    // Blue Push Button
    GPIO_InitStruct.Pin  = B1_Pin;
 8000360:	f44f 5300 	mov.w	r3, #8192	@ 0x2000
 8000364:	9305      	str	r3, [sp, #20]
    GPIO_InitStruct.Mode = GPIO_MODE_IT_FALLING;
 8000366:	f8cd 8018 	str.w	r8, [sp, #24]
    GPIO_InitStruct.Pull = GPIO_NOPULL;
 800036a:	9407      	str	r4, [sp, #28]
    HAL_GPIO_Init(B1_GPIO_Port, &GPIO_InitStruct);
 800036c:	4629      	mov	r1, r5
 800036e:	4811      	ldr	r0, [pc, #68]	@ (80003b4 <MX_GPIO_Init+0x12c>)
 8000370:	f001 fcb6 	bl	8001ce0 <HAL_GPIO_Init>

    // EXTI interrupt init
    HAL_NVIC_SetPriority(EXTI4_IRQn, 0, 0);
 8000374:	4622      	mov	r2, r4
 8000376:	4621      	mov	r1, r4
 8000378:	200a      	movs	r0, #10
 800037a:	f001 f8c7 	bl	800150c <HAL_NVIC_SetPriority>
    HAL_NVIC_EnableIRQ(EXTI4_IRQn);
 800037e:	200a      	movs	r0, #10
 8000380:	f001 f8d4 	bl	800152c <HAL_NVIC_EnableIRQ>

    HAL_NVIC_SetPriority(EXTI9_5_IRQn, 0, 0);
 8000384:	4622      	mov	r2, r4
 8000386:	4621      	mov	r1, r4
 8000388:	2017      	movs	r0, #23
 800038a:	f001 f8bf 	bl	800150c <HAL_NVIC_SetPriority>
    HAL_NVIC_EnableIRQ(EXTI9_5_IRQn);
 800038e:	2017      	movs	r0, #23
 8000390:	f001 f8cc 	bl	800152c <HAL_NVIC_EnableIRQ>

    HAL_NVIC_SetPriority(EXTI15_10_IRQn, 0, 0);
 8000394:	4622      	mov	r2, r4
 8000396:	4621      	mov	r1, r4
 8000398:	2028      	movs	r0, #40	@ 0x28
 800039a:	f001 f8b7 	bl	800150c <HAL_NVIC_SetPriority>
    HAL_NVIC_EnableIRQ(EXTI15_10_IRQn);
 800039e:	2028      	movs	r0, #40	@ 0x28
 80003a0:	f001 f8c4 	bl	800152c <HAL_NVIC_EnableIRQ>
}
 80003a4:	b00b      	add	sp, #44	@ 0x2c
 80003a6:	e8bd 83f0 	ldmia.w	sp!, {r4, r5, r6, r7, r8, r9, pc}
 80003aa:	bf00      	nop
 80003ac:	40023800 	.word	0x40023800
 80003b0:	40020400 	.word	0x40020400
 80003b4:	40020800 	.word	0x40020800
 80003b8:	40020000 	.word	0x40020000

080003bc <MX_DMA_Init>:
MX_DMA_Init(void) {
 80003bc:	b510      	push	{r4, lr}
 80003be:	b082      	sub	sp, #8
    __HAL_RCC_DMA1_CLK_ENABLE(); // Used by DAC & UART2
 80003c0:	2400      	movs	r4, #0
 80003c2:	9400      	str	r4, [sp, #0]
 80003c4:	4b12      	ldr	r3, [pc, #72]	@ (8000410 <MX_DMA_Init+0x54>)
 80003c6:	6b1a      	ldr	r2, [r3, #48]	@ 0x30
 80003c8:	f442 1200 	orr.w	r2, r2, #2097152	@ 0x200000
 80003cc:	631a      	str	r2, [r3, #48]	@ 0x30
 80003ce:	6b1a      	ldr	r2, [r3, #48]	@ 0x30
 80003d0:	f402 1200 	and.w	r2, r2, #2097152	@ 0x200000
 80003d4:	9200      	str	r2, [sp, #0]
 80003d6:	9a00      	ldr	r2, [sp, #0]
    __HAL_RCC_DMA2_CLK_ENABLE(); // Used by ADC1 & ADC2
 80003d8:	9401      	str	r4, [sp, #4]
 80003da:	6b1a      	ldr	r2, [r3, #48]	@ 0x30
 80003dc:	f442 0280 	orr.w	r2, r2, #4194304	@ 0x400000
 80003e0:	631a      	str	r2, [r3, #48]	@ 0x30
 80003e2:	6b1b      	ldr	r3, [r3, #48]	@ 0x30
 80003e4:	f403 0380 	and.w	r3, r3, #4194304	@ 0x400000
 80003e8:	9301      	str	r3, [sp, #4]
 80003ea:	9b01      	ldr	r3, [sp, #4]
        HAL_NVIC_SetPriority(DMA1_Stream6_IRQn, 0, 0);
 80003ec:	4622      	mov	r2, r4
 80003ee:	4621      	mov	r1, r4
 80003f0:	2011      	movs	r0, #17
 80003f2:	f001 f88b 	bl	800150c <HAL_NVIC_SetPriority>
        HAL_NVIC_EnableIRQ(DMA1_Stream6_IRQn);
 80003f6:	2011      	movs	r0, #17
 80003f8:	f001 f898 	bl	800152c <HAL_NVIC_EnableIRQ>
    HAL_NVIC_SetPriority(DMA2_Stream0_IRQn, 0, 0);
 80003fc:	4622      	mov	r2, r4
 80003fe:	4621      	mov	r1, r4
 8000400:	2038      	movs	r0, #56	@ 0x38
 8000402:	f001 f883 	bl	800150c <HAL_NVIC_SetPriority>
    HAL_NVIC_EnableIRQ(DMA2_Stream0_IRQn);
 8000406:	2038      	movs	r0, #56	@ 0x38
 8000408:	f001 f890 	bl	800152c <HAL_NVIC_EnableIRQ>
}
 800040c:	b002      	add	sp, #8
 800040e:	bd10      	pop	{r4, pc}
 8000410:	40023800 	.word	0x40023800

08000414 <Error_Handler>:


void 
Error_Handler(void) {
 8000414:	b510      	push	{r4, lr}
  \details Disables IRQ interrupts by setting the I-bit in the CPSR.
           Can only be executed in Privileged modes.
 */
__STATIC_FORCEINLINE void __disable_irq(void)
{
  __ASM volatile ("cpsid i" : : : "memory");
 8000416:	b672      	cpsid	i
    __disable_irq();
    while(1) {
        #ifdef DAC_CHAN1
                HAL_GPIO_WritePin(LD2_GPIO_Port, LD2_Pin, GPIO_PIN_RESET);
        #else
                HAL_GPIO_WritePin(RampTrigger_GPIO_Port, RampTrigger_Pin, GPIO_PIN_RESET);
 8000418:	2200      	movs	r2, #0
 800041a:	f44f 6180 	mov.w	r1, #1024	@ 0x400
 800041e:	482b      	ldr	r0, [pc, #172]	@ (80004cc <Error_Handler+0xb8>)
 8000420:	f001 fd4e 	bl	8001ec0 <HAL_GPIO_WritePin>
        #endif
        for(int x=0; x<400; x++) {
 8000424:	2100      	movs	r1, #0
 8000426:	e006      	b.n	8000436 <Error_Handler+0x22>
            for(int j=0; j<50000; j++) {
                asm __volatile__ ("nop");
 8000428:	bf00      	nop
            for(int j=0; j<50000; j++) {
 800042a:	3301      	adds	r3, #1
 800042c:	f24c 324f 	movw	r2, #49999	@ 0xc34f
 8000430:	4293      	cmp	r3, r2
 8000432:	ddf9      	ble.n	8000428 <Error_Handler+0x14>
        for(int x=0; x<400; x++) {
 8000434:	3101      	adds	r1, #1
 8000436:	f5b1 7fc8 	cmp.w	r1, #400	@ 0x190
 800043a:	da01      	bge.n	8000440 <Error_Handler+0x2c>
            for(int j=0; j<50000; j++) {
 800043c:	2300      	movs	r3, #0
 800043e:	e7f5      	b.n	800042c <Error_Handler+0x18>
            }
        }

        // Blink slowly
        for(int i=0; i<2*errorCode; i++) {
 8000440:	2400      	movs	r4, #0
 8000442:	e00b      	b.n	800045c <Error_Handler+0x48>
            #else
                    HAL_GPIO_TogglePin(RampTrigger_GPIO_Port, RampTrigger_Pin);
            #endif
            for(int x=0; x<200; x++) {
                for(int j=0; j<50000; j++) {
                    asm __volatile__ ("nop");
 8000444:	bf00      	nop
                for(int j=0; j<50000; j++) {
 8000446:	3301      	adds	r3, #1
 8000448:	f24c 324f 	movw	r2, #49999	@ 0xc34f
 800044c:	4293      	cmp	r3, r2
 800044e:	ddf9      	ble.n	8000444 <Error_Handler+0x30>
            for(int x=0; x<200; x++) {
 8000450:	3101      	adds	r1, #1
 8000452:	29c7      	cmp	r1, #199	@ 0xc7
 8000454:	dc01      	bgt.n	800045a <Error_Handler+0x46>
                for(int j=0; j<50000; j++) {
 8000456:	2300      	movs	r3, #0
 8000458:	e7f6      	b.n	8000448 <Error_Handler+0x34>
        for(int i=0; i<2*errorCode; i++) {
 800045a:	3401      	adds	r4, #1
 800045c:	4b1c      	ldr	r3, [pc, #112]	@ (80004d0 <Error_Handler+0xbc>)
 800045e:	681b      	ldr	r3, [r3, #0]
 8000460:	ebb4 0f43 	cmp.w	r4, r3, lsl #1
 8000464:	da06      	bge.n	8000474 <Error_Handler+0x60>
                    HAL_GPIO_TogglePin(RampTrigger_GPIO_Port, RampTrigger_Pin);
 8000466:	f44f 6180 	mov.w	r1, #1024	@ 0x400
 800046a:	4818      	ldr	r0, [pc, #96]	@ (80004cc <Error_Handler+0xb8>)
 800046c:	f001 fd2e 	bl	8001ecc <HAL_GPIO_TogglePin>
            for(int x=0; x<200; x++) {
 8000470:	2100      	movs	r1, #0
 8000472:	e7ee      	b.n	8000452 <Error_Handler+0x3e>
            }
        }
        #ifdef DAC_CHAN1
                HAL_GPIO_WritePin(LD2_GPIO_Port, LD2_Pin, GPIO_PIN_RESET);
        #else
                HAL_GPIO_WritePin(RampTrigger_GPIO_Port, RampTrigger_Pin, GPIO_PIN_RESET);
 8000474:	2200      	movs	r2, #0
 8000476:	f44f 6180 	mov.w	r1, #1024	@ 0x400
 800047a:	4814      	ldr	r0, [pc, #80]	@ (80004cc <Error_Handler+0xb8>)
 800047c:	f001 fd20 	bl	8001ec0 <HAL_GPIO_WritePin>
        #endif
        for(int x=0; x<400; x++) {
 8000480:	2100      	movs	r1, #0
 8000482:	e006      	b.n	8000492 <Error_Handler+0x7e>
            for(int j=0; j<50000; j++) {
                asm __volatile__ ("nop");
 8000484:	bf00      	nop
            for(int j=0; j<50000; j++) {
 8000486:	3301      	adds	r3, #1
 8000488:	f24c 324f 	movw	r2, #49999	@ 0xc34f
 800048c:	4293      	cmp	r3, r2
 800048e:	ddf9      	ble.n	8000484 <Error_Handler+0x70>
        for(int x=0; x<400; x++) {
 8000490:	3101      	adds	r1, #1
 8000492:	f5b1 7fc8 	cmp.w	r1, #400	@ 0x190
 8000496:	da01      	bge.n	800049c <Error_Handler+0x88>
            for(int j=0; j<50000; j++) {
 8000498:	2300      	movs	r3, #0
 800049a:	e7f5      	b.n	8000488 <Error_Handler+0x74>
            }
        }
        // Blink rapidly
        for(int i=0; i<10; i++) {
 800049c:	2400      	movs	r4, #0
 800049e:	e00c      	b.n	80004ba <Error_Handler+0xa6>
            #else
                    HAL_GPIO_TogglePin(RampTrigger_GPIO_Port, RampTrigger_Pin);
            #endif
            for(int x=0; x<600; x++) {
                for(int j=0; j<1500; j++) {
                    asm __volatile__ ("nop");
 80004a0:	bf00      	nop
                for(int j=0; j<1500; j++) {
 80004a2:	3301      	adds	r3, #1
 80004a4:	f240 52db 	movw	r2, #1499	@ 0x5db
 80004a8:	4293      	cmp	r3, r2
 80004aa:	ddf9      	ble.n	80004a0 <Error_Handler+0x8c>
            for(int x=0; x<600; x++) {
 80004ac:	3101      	adds	r1, #1
 80004ae:	f5b1 7f16 	cmp.w	r1, #600	@ 0x258
 80004b2:	da01      	bge.n	80004b8 <Error_Handler+0xa4>
                for(int j=0; j<1500; j++) {
 80004b4:	2300      	movs	r3, #0
 80004b6:	e7f5      	b.n	80004a4 <Error_Handler+0x90>
        for(int i=0; i<10; i++) {
 80004b8:	3401      	adds	r4, #1
 80004ba:	2c09      	cmp	r4, #9
 80004bc:	dcac      	bgt.n	8000418 <Error_Handler+0x4>
                    HAL_GPIO_TogglePin(RampTrigger_GPIO_Port, RampTrigger_Pin);
 80004be:	f44f 6180 	mov.w	r1, #1024	@ 0x400
 80004c2:	4802      	ldr	r0, [pc, #8]	@ (80004cc <Error_Handler+0xb8>)
 80004c4:	f001 fd02 	bl	8001ecc <HAL_GPIO_TogglePin>
            for(int x=0; x<600; x++) {
 80004c8:	2100      	movs	r1, #0
 80004ca:	e7f0      	b.n	80004ae <Error_Handler+0x9a>
 80004cc:	40020000 	.word	0x40020000
 80004d0:	200121e8 	.word	0x200121e8

080004d4 <SystemClockHSE_Config>:
SystemClockHSE_Config(void) {
 80004d4:	b500      	push	{lr}
 80004d6:	b095      	sub	sp, #84	@ 0x54
  __HAL_RCC_PWR_CLK_ENABLE();
 80004d8:	2300      	movs	r3, #0
 80004da:	9300      	str	r3, [sp, #0]
 80004dc:	4a2e      	ldr	r2, [pc, #184]	@ (8000598 <SystemClockHSE_Config+0xc4>)
 80004de:	6c11      	ldr	r1, [r2, #64]	@ 0x40
 80004e0:	f041 5180 	orr.w	r1, r1, #268435456	@ 0x10000000
 80004e4:	6411      	str	r1, [r2, #64]	@ 0x40
 80004e6:	6c12      	ldr	r2, [r2, #64]	@ 0x40
 80004e8:	f002 5280 	and.w	r2, r2, #268435456	@ 0x10000000
 80004ec:	9200      	str	r2, [sp, #0]
 80004ee:	9a00      	ldr	r2, [sp, #0]
  __HAL_PWR_VOLTAGESCALING_CONFIG(PWR_REGULATOR_VOLTAGE_SCALE1);
 80004f0:	9301      	str	r3, [sp, #4]
 80004f2:	4a2a      	ldr	r2, [pc, #168]	@ (800059c <SystemClockHSE_Config+0xc8>)
 80004f4:	6811      	ldr	r1, [r2, #0]
 80004f6:	f441 4140 	orr.w	r1, r1, #49152	@ 0xc000
 80004fa:	6011      	str	r1, [r2, #0]
 80004fc:	6812      	ldr	r2, [r2, #0]
 80004fe:	f402 4240 	and.w	r2, r2, #49152	@ 0xc000
 8000502:	9201      	str	r2, [sp, #4]
 8000504:	9a01      	ldr	r2, [sp, #4]
  RCC_ClkInitStruct.ClockType    = RCC_CLOCKTYPE_SYSCLK;
 8000506:	2201      	movs	r2, #1
 8000508:	920f      	str	r2, [sp, #60]	@ 0x3c
  RCC_ClkInitStruct.SYSCLKSource = RCC_SYSCLKSOURCE_HSI;
 800050a:	9310      	str	r3, [sp, #64]	@ 0x40
  if(HAL_RCC_ClockConfig(&RCC_ClkInitStruct, FLASH_LATENCY_5) != HAL_OK) {
 800050c:	2105      	movs	r1, #5
 800050e:	a80f      	add	r0, sp, #60	@ 0x3c
 8000510:	f001 fea0 	bl	8002254 <HAL_RCC_ClockConfig>
 8000514:	2800      	cmp	r0, #0
 8000516:	d135      	bne.n	8000584 <SystemClockHSE_Config+0xb0>
  RCC_OscInitStruct.OscillatorType = RCC_OSCILLATORTYPE_HSE;
 8000518:	2301      	movs	r3, #1
 800051a:	9302      	str	r3, [sp, #8]
  RCC_OscInitStruct.HSEState = RCC_HSE_BYPASS;
 800051c:	f44f 23a0 	mov.w	r3, #327680	@ 0x50000
 8000520:	9303      	str	r3, [sp, #12]
  RCC_OscInitStruct.PLL.PLLState  = RCC_PLL_ON;
 8000522:	2302      	movs	r3, #2
 8000524:	9308      	str	r3, [sp, #32]
  RCC_OscInitStruct.PLL.PLLSource = RCC_PLLSOURCE_HSE;
 8000526:	f44f 0280 	mov.w	r2, #4194304	@ 0x400000
 800052a:	9209      	str	r2, [sp, #36]	@ 0x24
  RCC_OscInitStruct.PLL.PLLM      = 8;
 800052c:	2208      	movs	r2, #8
 800052e:	920a      	str	r2, [sp, #40]	@ 0x28
  RCC_OscInitStruct.PLL.PLLN      = 360;
 8000530:	f44f 72b4 	mov.w	r2, #360	@ 0x168
 8000534:	920b      	str	r2, [sp, #44]	@ 0x2c
  RCC_OscInitStruct.PLL.PLLP      = RCC_PLLP_DIV2; 
 8000536:	930c      	str	r3, [sp, #48]	@ 0x30
  RCC_OscInitStruct.PLL.PLLQ      = 7;
 8000538:	2307      	movs	r3, #7
 800053a:	930d      	str	r3, [sp, #52]	@ 0x34
  RCC_OscInitStruct.PLL.PLLR      = 6;
 800053c:	2306      	movs	r3, #6
 800053e:	930e      	str	r3, [sp, #56]	@ 0x38
  if(HAL_RCC_OscConfig(&RCC_OscInitStruct) != HAL_OK) {
 8000540:	a802      	add	r0, sp, #8
 8000542:	f002 f825 	bl	8002590 <HAL_RCC_OscConfig>
 8000546:	b9f8      	cbnz	r0, 8000588 <SystemClockHSE_Config+0xb4>
  ret = HAL_PWREx_EnableOverDrive();
 8000548:	f001 fe46 	bl	80021d8 <HAL_PWREx_EnableOverDrive>
  if(ret != HAL_OK) {
 800054c:	b9f0      	cbnz	r0, 800058c <SystemClockHSE_Config+0xb8>
  RCC_ClkInitStruct.ClockType      = (RCC_CLOCKTYPE_SYSCLK | RCC_CLOCKTYPE_HCLK | 
 800054e:	230f      	movs	r3, #15
 8000550:	930f      	str	r3, [sp, #60]	@ 0x3c
  RCC_ClkInitStruct.SYSCLKSource   = RCC_SYSCLKSOURCE_PLLCLK;
 8000552:	2302      	movs	r3, #2
 8000554:	9310      	str	r3, [sp, #64]	@ 0x40
  RCC_ClkInitStruct.AHBCLKDivider  = RCC_SYSCLK_DIV1;
 8000556:	2300      	movs	r3, #0
 8000558:	9311      	str	r3, [sp, #68]	@ 0x44
  RCC_ClkInitStruct.APB1CLKDivider = RCC_HCLK_DIV4;  
 800055a:	f44f 52a0 	mov.w	r2, #5120	@ 0x1400
 800055e:	9212      	str	r2, [sp, #72]	@ 0x48
  RCC_ClkInitStruct.APB2CLKDivider = RCC_HCLK_DIV1;  
 8000560:	9313      	str	r3, [sp, #76]	@ 0x4c
  if(HAL_RCC_ClockConfig(&RCC_ClkInitStruct, FLASH_LATENCY_5) != HAL_OK) {
 8000562:	2105      	movs	r1, #5
 8000564:	a80f      	add	r0, sp, #60	@ 0x3c
 8000566:	f001 fe75 	bl	8002254 <HAL_RCC_ClockConfig>
 800056a:	b988      	cbnz	r0, 8000590 <SystemClockHSE_Config+0xbc>
  RCC_OscInitStruct.OscillatorType = RCC_OSCILLATORTYPE_HSI;
 800056c:	2302      	movs	r3, #2
 800056e:	9302      	str	r3, [sp, #8]
  RCC_OscInitStruct.HSIState       = RCC_HSI_OFF;
 8000570:	2300      	movs	r3, #0
 8000572:	9305      	str	r3, [sp, #20]
  RCC_OscInitStruct.PLL.PLLState   = RCC_PLL_NONE;
 8000574:	9308      	str	r3, [sp, #32]
  if(HAL_RCC_OscConfig(&RCC_OscInitStruct) != HAL_OK) {
 8000576:	a802      	add	r0, sp, #8
 8000578:	f002 f80a 	bl	8002590 <HAL_RCC_OscConfig>
 800057c:	b950      	cbnz	r0, 8000594 <SystemClockHSE_Config+0xc0>
}
 800057e:	b015      	add	sp, #84	@ 0x54
 8000580:	f85d fb04 	ldr.w	pc, [sp], #4
    Error_Handler();
 8000584:	f7ff ff46 	bl	8000414 <Error_Handler>
      Error_Handler();
 8000588:	f7ff ff44 	bl	8000414 <Error_Handler>
        Error_Handler();
 800058c:	f7ff ff42 	bl	8000414 <Error_Handler>
      Error_Handler();
 8000590:	f7ff ff40 	bl	8000414 <Error_Handler>
      Error_Handler();
 8000594:	f7ff ff3e 	bl	8000414 <Error_Handler>
 8000598:	40023800 	.word	0x40023800
 800059c:	40007000 	.word	0x40007000

080005a0 <MX_ADC1_Init>:
MX_ADC1_Init(void) {
 80005a0:	b500      	push	{lr}
 80005a2:	b085      	sub	sp, #20
    ADC_ChannelConfTypeDef sConfig = {0};
 80005a4:	2300      	movs	r3, #0
 80005a6:	9300      	str	r3, [sp, #0]
 80005a8:	9301      	str	r3, [sp, #4]
 80005aa:	9302      	str	r3, [sp, #8]
 80005ac:	9303      	str	r3, [sp, #12]
    hadc1.Instance = ADC1;
 80005ae:	481c      	ldr	r0, [pc, #112]	@ (8000620 <MX_ADC1_Init+0x80>)
 80005b0:	4a1c      	ldr	r2, [pc, #112]	@ (8000624 <MX_ADC1_Init+0x84>)
 80005b2:	6002      	str	r2, [r0, #0]
    hadc1.Init.ClockPrescaler        = ADC_CLOCK_SYNC_PCLK_DIV4; // The clock is common for all the ADCs.
 80005b4:	f44f 3280 	mov.w	r2, #65536	@ 0x10000
 80005b8:	6042      	str	r2, [r0, #4]
    hadc1.Init.Resolution            = ADC_RESOLUTION_12B;
 80005ba:	6083      	str	r3, [r0, #8]
    hadc1.Init.ScanConvMode          = ENABLE;
 80005bc:	2201      	movs	r2, #1
 80005be:	6102      	str	r2, [r0, #16]
    hadc1.Init.ContinuousConvMode    = DISABLE;
 80005c0:	7603      	strb	r3, [r0, #24]
    hadc1.Init.DiscontinuousConvMode = DISABLE;
 80005c2:	f880 3020 	strb.w	r3, [r0, #32]
    hadc1.Init.ExternalTrigConvEdge  = ADC_EXTERNALTRIGCONVEDGE_RISING;
 80005c6:	f04f 5180 	mov.w	r1, #268435456	@ 0x10000000
 80005ca:	62c1      	str	r1, [r0, #44]	@ 0x2c
    hadc1.Init.ExternalTrigConv      = ADC_EXTERNALTRIGCONV_T2_TRGO;
 80005cc:	f04f 61c0 	mov.w	r1, #100663296	@ 0x6000000
 80005d0:	6281      	str	r1, [r0, #40]	@ 0x28
    hadc1.Init.DataAlign             = ADC_DATAALIGN_RIGHT;
 80005d2:	60c3      	str	r3, [r0, #12]
    hadc1.Init.NbrOfConversion       = 2;
 80005d4:	2102      	movs	r1, #2
 80005d6:	61c1      	str	r1, [r0, #28]
    hadc1.Init.DMAContinuousRequests = ENABLE;
 80005d8:	f880 2030 	strb.w	r2, [r0, #48]	@ 0x30
    hadc1.Init.EOCSelection          = ADC_EOC_SEQ_CONV;
 80005dc:	6143      	str	r3, [r0, #20]
    if (HAL_ADC_Init(&hadc1) != HAL_OK) {
 80005de:	f000 fc55 	bl	8000e8c <HAL_ADC_Init>
 80005e2:	b9b0      	cbnz	r0, 8000612 <MX_ADC1_Init+0x72>
    sConfig.Channel      = ADC_CHANNEL_0;
 80005e4:	2300      	movs	r3, #0
 80005e6:	9300      	str	r3, [sp, #0]
    sConfig.Rank         = 1;
 80005e8:	2301      	movs	r3, #1
 80005ea:	9301      	str	r3, [sp, #4]
    sConfig.SamplingTime = ADC_SAMPLETIME_28CYCLES;//ADC_SAMPLETIME_3CYCLES;
 80005ec:	2302      	movs	r3, #2
 80005ee:	9302      	str	r3, [sp, #8]
    if (HAL_ADC_ConfigChannel(&hadc1, &sConfig) != HAL_OK) {
 80005f0:	4669      	mov	r1, sp
 80005f2:	480b      	ldr	r0, [pc, #44]	@ (8000620 <MX_ADC1_Init+0x80>)
 80005f4:	f000 fe6c 	bl	80012d0 <HAL_ADC_ConfigChannel>
 80005f8:	b968      	cbnz	r0, 8000616 <MX_ADC1_Init+0x76>
    sConfig.Channel      = ADC_CHANNEL_1;
 80005fa:	2301      	movs	r3, #1
 80005fc:	9300      	str	r3, [sp, #0]
    sConfig.Rank         = 2;
 80005fe:	2302      	movs	r3, #2
 8000600:	9301      	str	r3, [sp, #4]
    if (HAL_ADC_ConfigChannel(&hadc1, &sConfig) != HAL_OK) {
 8000602:	4669      	mov	r1, sp
 8000604:	4806      	ldr	r0, [pc, #24]	@ (8000620 <MX_ADC1_Init+0x80>)
 8000606:	f000 fe63 	bl	80012d0 <HAL_ADC_ConfigChannel>
 800060a:	b930      	cbnz	r0, 800061a <MX_ADC1_Init+0x7a>
}
 800060c:	b005      	add	sp, #20
 800060e:	f85d fb04 	ldr.w	pc, [sp], #4
        Error_Handler();
 8000612:	f7ff feff 	bl	8000414 <Error_Handler>
        Error_Handler();
 8000616:	f7ff fefd 	bl	8000414 <Error_Handler>
        Error_Handler();
 800061a:	f7ff fefb 	bl	8000414 <Error_Handler>
 800061e:	bf00      	nop
 8000620:	2001212c 	.word	0x2001212c
 8000624:	40012000 	.word	0x40012000

08000628 <MX_DAC_Init>:
MX_DAC_Init(void) {
 8000628:	b500      	push	{lr}
 800062a:	b083      	sub	sp, #12
    DAC_ChannelConfTypeDef sConfig = {0};
 800062c:	2300      	movs	r3, #0
 800062e:	9300      	str	r3, [sp, #0]
 8000630:	9301      	str	r3, [sp, #4]
    hdac.Instance = DAC1;
 8000632:	480e      	ldr	r0, [pc, #56]	@ (800066c <MX_DAC_Init+0x44>)
 8000634:	4b0e      	ldr	r3, [pc, #56]	@ (8000670 <MX_DAC_Init+0x48>)
 8000636:	6003      	str	r3, [r0, #0]
    if (HAL_DAC_Init(&hdac) != HAL_OK) {
 8000638:	f000 ff9a 	bl	8001570 <HAL_DAC_Init>
 800063c:	b960      	cbnz	r0, 8000658 <MX_DAC_Init+0x30>
    sConfig.DAC_Trigger          = DAC_TRIGGER_T2_TRGO;
 800063e:	2324      	movs	r3, #36	@ 0x24
 8000640:	9300      	str	r3, [sp, #0]
        sConfig.DAC_OutputBuffer = DAC_OUTPUTBUFFER_DISABLE;
 8000642:	2302      	movs	r3, #2
 8000644:	9301      	str	r3, [sp, #4]
        if (HAL_DAC_ConfigChannel(&hdac, &sConfig, DAC_CHANNEL_2) != HAL_OK) {
 8000646:	2210      	movs	r2, #16
 8000648:	4669      	mov	r1, sp
 800064a:	4808      	ldr	r0, [pc, #32]	@ (800066c <MX_DAC_Init+0x44>)
 800064c:	f001 f8a0 	bl	8001790 <HAL_DAC_ConfigChannel>
 8000650:	b938      	cbnz	r0, 8000662 <MX_DAC_Init+0x3a>
}
 8000652:	b003      	add	sp, #12
 8000654:	f85d fb04 	ldr.w	pc, [sp], #4
        errorCode = ERROR_DAC_INIT;
 8000658:	4b06      	ldr	r3, [pc, #24]	@ (8000674 <MX_DAC_Init+0x4c>)
 800065a:	2201      	movs	r2, #1
 800065c:	601a      	str	r2, [r3, #0]
        Error_Handler();
 800065e:	f7ff fed9 	bl	8000414 <Error_Handler>
            errorCode = ERROR_DAC_CHANNEL;
 8000662:	4b04      	ldr	r3, [pc, #16]	@ (8000674 <MX_DAC_Init+0x4c>)
 8000664:	2202      	movs	r2, #2
 8000666:	601a      	str	r2, [r3, #0]
            Error_Handler();
 8000668:	f7ff fed4 	bl	8000414 <Error_Handler>
 800066c:	200121d4 	.word	0x200121d4
 8000670:	40007400 	.word	0x40007400
 8000674:	200121e8 	.word	0x200121e8

08000678 <MX_TIM2_Init>:
MX_TIM2_Init(void) {
 8000678:	b500      	push	{lr}
 800067a:	b087      	sub	sp, #28
    uint32_t clock = HAL_RCC_GetPCLK1Freq();
 800067c:	f001 fea0 	bl	80023c0 <HAL_RCC_GetPCLK1Freq>
    uint32_t periodValue = (uint32_t)((clock)/(RAMP_FREQUENCY*NS));
 8000680:	4b21      	ldr	r3, [pc, #132]	@ (8000708 <MX_TIM2_Init+0x90>)
 8000682:	fba3 2300 	umull	r2, r3, r3, r0
    if(periodValue < 2) {
 8000686:	f5b0 3f20 	cmp.w	r0, #163840	@ 0x28000
 800068a:	d329      	bcc.n	80006e0 <MX_TIM2_Init+0x68>
 800068c:	0c1b      	lsrs	r3, r3, #16
    periodValue -= 1;
 800068e:	1e5a      	subs	r2, r3, #1
    TIM_ClockConfigTypeDef sClockSourceConfig = {0};
 8000690:	2300      	movs	r3, #0
 8000692:	9302      	str	r3, [sp, #8]
 8000694:	9303      	str	r3, [sp, #12]
 8000696:	9304      	str	r3, [sp, #16]
 8000698:	9305      	str	r3, [sp, #20]
    TIM_MasterConfigTypeDef sMasterConfig = {0};
 800069a:	9300      	str	r3, [sp, #0]
 800069c:	9301      	str	r3, [sp, #4]
    htim2.Instance = TIM2;
 800069e:	481b      	ldr	r0, [pc, #108]	@ (800070c <MX_TIM2_Init+0x94>)
 80006a0:	f04f 4180 	mov.w	r1, #1073741824	@ 0x40000000
 80006a4:	6001      	str	r1, [r0, #0]
    htim2.Init.Prescaler         = prescalerValue;
 80006a6:	2101      	movs	r1, #1
 80006a8:	6041      	str	r1, [r0, #4]
    htim2.Init.CounterMode       = TIM_COUNTERMODE_UP;
 80006aa:	6083      	str	r3, [r0, #8]
    htim2.Init.Period            = periodValue;
 80006ac:	60c2      	str	r2, [r0, #12]
    htim2.Init.ClockDivision     = TIM_CLOCKDIVISION_DIV1;
 80006ae:	6103      	str	r3, [r0, #16]
    htim2.Init.AutoReloadPreload = TIM_AUTORELOAD_PRELOAD_DISABLE;
 80006b0:	6183      	str	r3, [r0, #24]
    if (HAL_TIM_Base_Init(&htim2) != HAL_OK) {
 80006b2:	f002 fb37 	bl	8002d24 <HAL_TIM_Base_Init>
 80006b6:	b9c0      	cbnz	r0, 80006ea <MX_TIM2_Init+0x72>
    sClockSourceConfig.ClockSource = TIM_CLOCKSOURCE_INTERNAL;
 80006b8:	f44f 5380 	mov.w	r3, #4096	@ 0x1000
 80006bc:	9302      	str	r3, [sp, #8]
    if (HAL_TIM_ConfigClockSource(&htim2, &sClockSourceConfig) != HAL_OK) {
 80006be:	a902      	add	r1, sp, #8
 80006c0:	4812      	ldr	r0, [pc, #72]	@ (800070c <MX_TIM2_Init+0x94>)
 80006c2:	f002 fb68 	bl	8002d96 <HAL_TIM_ConfigClockSource>
 80006c6:	b9a8      	cbnz	r0, 80006f4 <MX_TIM2_Init+0x7c>
    sMasterConfig.MasterOutputTrigger = TIM_TRGO_UPDATE;
 80006c8:	2320      	movs	r3, #32
 80006ca:	9300      	str	r3, [sp, #0]
    sMasterConfig.MasterSlaveMode     = TIM_MASTERSLAVEMODE_DISABLE;
 80006cc:	2300      	movs	r3, #0
 80006ce:	9301      	str	r3, [sp, #4]
    if (HAL_TIMEx_MasterConfigSynchronization(&htim2, &sMasterConfig) != HAL_OK) {
 80006d0:	4669      	mov	r1, sp
 80006d2:	480e      	ldr	r0, [pc, #56]	@ (800070c <MX_TIM2_Init+0x94>)
 80006d4:	f002 fbde 	bl	8002e94 <HAL_TIMEx_MasterConfigSynchronization>
 80006d8:	b988      	cbnz	r0, 80006fe <MX_TIM2_Init+0x86>
}
 80006da:	b007      	add	sp, #28
 80006dc:	f85d fb04 	ldr.w	pc, [sp], #4
        errorCode = ERROR_TIM2_INIT;
 80006e0:	4b0b      	ldr	r3, [pc, #44]	@ (8000710 <MX_TIM2_Init+0x98>)
 80006e2:	2203      	movs	r2, #3
 80006e4:	601a      	str	r2, [r3, #0]
        Error_Handler();
 80006e6:	f7ff fe95 	bl	8000414 <Error_Handler>
        errorCode = ERROR_TIM2_INIT;
 80006ea:	4b09      	ldr	r3, [pc, #36]	@ (8000710 <MX_TIM2_Init+0x98>)
 80006ec:	2203      	movs	r2, #3
 80006ee:	601a      	str	r2, [r3, #0]
        Error_Handler();
 80006f0:	f7ff fe90 	bl	8000414 <Error_Handler>
        errorCode = ERROR_TIM2_INIT;
 80006f4:	4b06      	ldr	r3, [pc, #24]	@ (8000710 <MX_TIM2_Init+0x98>)
 80006f6:	2203      	movs	r2, #3
 80006f8:	601a      	str	r2, [r3, #0]
        Error_Handler();
 80006fa:	f7ff fe8b 	bl	8000414 <Error_Handler>
        errorCode = ERROR_TIM2_INIT;
 80006fe:	4b04      	ldr	r3, [pc, #16]	@ (8000710 <MX_TIM2_Init+0x98>)
 8000700:	2203      	movs	r2, #3
 8000702:	601a      	str	r2, [r3, #0]
        Error_Handler();
 8000704:	f7ff fe86 	bl	8000414 <Error_Handler>
 8000708:	cccccccd 	.word	0xcccccccd
 800070c:	20012084 	.word	0x20012084
 8000710:	200121e8 	.word	0x200121e8

08000714 <MX_USART2_UART_Init>:
MX_USART2_UART_Init(void) {
 8000714:	b508      	push	{r3, lr}
    huart2.Instance = USART2;
 8000716:	480b      	ldr	r0, [pc, #44]	@ (8000744 <MX_USART2_UART_Init+0x30>)
 8000718:	4b0b      	ldr	r3, [pc, #44]	@ (8000748 <MX_USART2_UART_Init+0x34>)
 800071a:	6003      	str	r3, [r0, #0]
    huart2.Init.BaudRate     = BAUD_RATE;
 800071c:	f44f 33e1 	mov.w	r3, #115200	@ 0x1c200
 8000720:	6043      	str	r3, [r0, #4]
    huart2.Init.WordLength   = UART_WORDLENGTH_8B;
 8000722:	2300      	movs	r3, #0
 8000724:	6083      	str	r3, [r0, #8]
    huart2.Init.StopBits     = UART_STOPBITS_1;
 8000726:	60c3      	str	r3, [r0, #12]
    huart2.Init.Parity       = UART_PARITY_NONE;
 8000728:	6103      	str	r3, [r0, #16]
    huart2.Init.Mode         = UART_MODE_TX_RX;
 800072a:	220c      	movs	r2, #12
 800072c:	6142      	str	r2, [r0, #20]
    huart2.Init.HwFlowCtl    = UART_HWCONTROL_NONE;
 800072e:	6183      	str	r3, [r0, #24]
    huart2.Init.OverSampling = UART_OVERSAMPLING_16;
 8000730:	61c3      	str	r3, [r0, #28]
    if (HAL_UART_Init(&huart2) != HAL_OK) {
 8000732:	f002 fced 	bl	8003110 <HAL_UART_Init>
 8000736:	b900      	cbnz	r0, 800073a <MX_USART2_UART_Init+0x26>
}
 8000738:	bd08      	pop	{r3, pc}
        errorCode = ERROR_UART2_INIT;
 800073a:	4b04      	ldr	r3, [pc, #16]	@ (800074c <MX_USART2_UART_Init+0x38>)
 800073c:	2206      	movs	r2, #6
 800073e:	601a      	str	r2, [r3, #0]
        Error_Handler();
 8000740:	f7ff fe68 	bl	8000414 <Error_Handler>
 8000744:	20012040 	.word	0x20012040
 8000748:	40004400 	.word	0x40004400
 800074c:	200121e8 	.word	0x200121e8

08000750 <startAcquisition>:
startAcquisition() {
 8000750:	b530      	push	{r4, r5, lr}
 8000752:	b083      	sub	sp, #12
    nAvgSens = 0;
 8000754:	2400      	movs	r4, #0
 8000756:	4b1c      	ldr	r3, [pc, #112]	@ (80007c8 <startAcquisition+0x78>)
 8000758:	601c      	str	r4, [r3, #0]
    memset(avgSens, 0, sizeof(avgSens));
 800075a:	f44f 4580 	mov.w	r5, #16384	@ 0x4000
 800075e:	462a      	mov	r2, r5
 8000760:	4621      	mov	r1, r4
 8000762:	481a      	ldr	r0, [pc, #104]	@ (80007cc <startAcquisition+0x7c>)
 8000764:	f003 f847 	bl	80037f6 <memset>
    memset(avgRamp, 0, sizeof(avgRamp));
 8000768:	462a      	mov	r2, r5
 800076a:	4621      	mov	r1, r4
 800076c:	4818      	ldr	r0, [pc, #96]	@ (80007d0 <startAcquisition+0x80>)
 800076e:	f003 f842 	bl	80037f6 <memset>
    HAL_GPIO_WritePin(RampTrigger_GPIO_Port, RampTrigger_Pin, GPIO_PIN_RESET);
 8000772:	4622      	mov	r2, r4
 8000774:	f44f 6180 	mov.w	r1, #1024	@ 0x400
 8000778:	4816      	ldr	r0, [pc, #88]	@ (80007d4 <startAcquisition+0x84>)
 800077a:	f001 fba1 	bl	8001ec0 <HAL_GPIO_WritePin>
    if(HAL_DAC_Start_DMA(&hdac, DAC1_CHANNEL, (uint32_t*)Ramp, NS, DAC_ALIGN_12B_R)) {
 800077e:	9400      	str	r4, [sp, #0]
 8000780:	f44f 5380 	mov.w	r3, #4096	@ 0x1000
 8000784:	4a14      	ldr	r2, [pc, #80]	@ (80007d8 <startAcquisition+0x88>)
 8000786:	2110      	movs	r1, #16
 8000788:	4814      	ldr	r0, [pc, #80]	@ (80007dc <startAcquisition+0x8c>)
 800078a:	f000 ff03 	bl	8001594 <HAL_DAC_Start_DMA>
 800078e:	b960      	cbnz	r0, 80007aa <startAcquisition+0x5a>
    if(HAL_ADC_Start_DMA(&hadc1, (uint32_t*)&adc1Val, 4*NS)) {
 8000790:	f44f 4280 	mov.w	r2, #16384	@ 0x4000
 8000794:	4912      	ldr	r1, [pc, #72]	@ (80007e0 <startAcquisition+0x90>)
 8000796:	4813      	ldr	r0, [pc, #76]	@ (80007e4 <startAcquisition+0x94>)
 8000798:	f000 fba4 	bl	8000ee4 <HAL_ADC_Start_DMA>
 800079c:	b950      	cbnz	r0, 80007b4 <startAcquisition+0x64>
    if(HAL_TIM_Base_Start(&htim2)) {
 800079e:	4812      	ldr	r0, [pc, #72]	@ (80007e8 <startAcquisition+0x98>)
 80007a0:	f002 f948 	bl	8002a34 <HAL_TIM_Base_Start>
 80007a4:	b958      	cbnz	r0, 80007be <startAcquisition+0x6e>
}
 80007a6:	b003      	add	sp, #12
 80007a8:	bd30      	pop	{r4, r5, pc}
        errorCode = ERROR_START_ACQ;
 80007aa:	4b10      	ldr	r3, [pc, #64]	@ (80007ec <startAcquisition+0x9c>)
 80007ac:	2207      	movs	r2, #7
 80007ae:	601a      	str	r2, [r3, #0]
        Error_Handler();
 80007b0:	f7ff fe30 	bl	8000414 <Error_Handler>
        errorCode = ERROR_START_ACQ;
 80007b4:	4b0d      	ldr	r3, [pc, #52]	@ (80007ec <startAcquisition+0x9c>)
 80007b6:	2207      	movs	r2, #7
 80007b8:	601a      	str	r2, [r3, #0]
        Error_Handler(); 
 80007ba:	f7ff fe2b 	bl	8000414 <Error_Handler>
        errorCode = ERROR_TIM2_START;
 80007be:	4b0b      	ldr	r3, [pc, #44]	@ (80007ec <startAcquisition+0x9c>)
 80007c0:	2204      	movs	r2, #4
 80007c2:	601a      	str	r2, [r3, #0]
        Error_Handler();
 80007c4:	f7ff fe26 	bl	8000414 <Error_Handler>
 80007c8:	2000803c 	.word	0x2000803c
 80007cc:	2000403c 	.word	0x2000403c
 80007d0:	2000003c 	.word	0x2000003c
 80007d4:	40020000 	.word	0x40020000
 80007d8:	20010040 	.word	0x20010040
 80007dc:	200121d4 	.word	0x200121d4
 80007e0:	20008040 	.word	0x20008040
 80007e4:	2001212c 	.word	0x2001212c
 80007e8:	20012084 	.word	0x20012084
 80007ec:	200121e8 	.word	0x200121e8

080007f0 <stopAcquisition>:
stopAcquisition() {
 80007f0:	b508      	push	{r3, lr}
    HAL_GPIO_WritePin(RampTrigger_GPIO_Port, RampTrigger_Pin, GPIO_PIN_RESET);
 80007f2:	2200      	movs	r2, #0
 80007f4:	f44f 6180 	mov.w	r1, #1024	@ 0x400
 80007f8:	480f      	ldr	r0, [pc, #60]	@ (8000838 <stopAcquisition+0x48>)
 80007fa:	f001 fb61 	bl	8001ec0 <HAL_GPIO_WritePin>
    if(HAL_TIM_Base_Stop(&htim2)) {
 80007fe:	480f      	ldr	r0, [pc, #60]	@ (800083c <stopAcquisition+0x4c>)
 8000800:	f002 f956 	bl	8002ab0 <HAL_TIM_Base_Stop>
 8000804:	b948      	cbnz	r0, 800081a <stopAcquisition+0x2a>
    if(HAL_ADC_Stop_DMA(&hadc1)) {
 8000806:	480e      	ldr	r0, [pc, #56]	@ (8000840 <stopAcquisition+0x50>)
 8000808:	f000 fc3a 	bl	8001080 <HAL_ADC_Stop_DMA>
 800080c:	b950      	cbnz	r0, 8000824 <stopAcquisition+0x34>
    if(HAL_DAC_Stop_DMA(&hdac, DAC1_CHANNEL)) {
 800080e:	2110      	movs	r1, #16
 8000810:	480c      	ldr	r0, [pc, #48]	@ (8000844 <stopAcquisition+0x54>)
 8000812:	f000 ff3d 	bl	8001690 <HAL_DAC_Stop_DMA>
 8000816:	b950      	cbnz	r0, 800082e <stopAcquisition+0x3e>
}
 8000818:	bd08      	pop	{r3, pc}
        errorCode = ERROR_TIM2_STOP;
 800081a:	4b0b      	ldr	r3, [pc, #44]	@ (8000848 <stopAcquisition+0x58>)
 800081c:	2205      	movs	r2, #5
 800081e:	601a      	str	r2, [r3, #0]
        Error_Handler();
 8000820:	f7ff fdf8 	bl	8000414 <Error_Handler>
        errorCode = ERROR_STOP_ACQ;
 8000824:	4b08      	ldr	r3, [pc, #32]	@ (8000848 <stopAcquisition+0x58>)
 8000826:	2208      	movs	r2, #8
 8000828:	601a      	str	r2, [r3, #0]
        Error_Handler();
 800082a:	f7ff fdf3 	bl	8000414 <Error_Handler>
        errorCode = ERROR_STOP_ACQ;
 800082e:	4b06      	ldr	r3, [pc, #24]	@ (8000848 <stopAcquisition+0x58>)
 8000830:	2208      	movs	r2, #8
 8000832:	601a      	str	r2, [r3, #0]
        Error_Handler();
 8000834:	f7ff fdee 	bl	8000414 <Error_Handler>
 8000838:	40020000 	.word	0x40020000
 800083c:	20012084 	.word	0x20012084
 8000840:	2001212c 	.word	0x2001212c
 8000844:	200121d4 	.word	0x200121d4
 8000848:	200121e8 	.word	0x200121e8

0800084c <execCommand>:
execCommand() {
 800084c:	b510      	push	{r4, lr}
    if(command == 'S') {
 800084e:	4b60      	ldr	r3, [pc, #384]	@ (80009d0 <execCommand+0x184>)
 8000850:	781b      	ldrb	r3, [r3, #0]
 8000852:	2b53      	cmp	r3, #83	@ 0x53
 8000854:	d810      	bhi.n	8000878 <execCommand+0x2c>
 8000856:	2b41      	cmp	r3, #65	@ 0x41
 8000858:	d32c      	bcc.n	80008b4 <execCommand+0x68>
 800085a:	3b41      	subs	r3, #65	@ 0x41
 800085c:	2b12      	cmp	r3, #18
 800085e:	d829      	bhi.n	80008b4 <execCommand+0x68>
 8000860:	e8df f003 	tbb	[pc, r3]
 8000864:	2828287a 	.word	0x2828287a
 8000868:	28282828 	.word	0x28282828
 800086c:	28282828 	.word	0x28282828
 8000870:	28282898 	.word	0x28282898
 8000874:	5c28      	.short	0x5c28
 8000876:	29          	.byte	0x29
 8000877:	00          	.byte	0x00
 8000878:	2b6d      	cmp	r3, #109	@ 0x6d
 800087a:	d11b      	bne.n	80008b4 <execCommand+0x68>
        stopAcquisition();
 800087c:	f7ff ffb8 	bl	80007f0 <stopAcquisition>
        buildRamp(rampMin, rampMin);
 8000880:	4b54      	ldr	r3, [pc, #336]	@ (80009d4 <execCommand+0x188>)
 8000882:	8818      	ldrh	r0, [r3, #0]
 8000884:	4601      	mov	r1, r0
 8000886:	f7ff fcd7 	bl	8000238 <buildRamp>
        startAcquisition();
 800088a:	f7ff ff61 	bl	8000750 <startAcquisition>
        HAL_GPIO_WritePin(GPIOB, RampMinLed_Pin,   GPIO_PIN_SET);
 800088e:	4c52      	ldr	r4, [pc, #328]	@ (80009d8 <execCommand+0x18c>)
 8000890:	2201      	movs	r2, #1
 8000892:	f44f 5100 	mov.w	r1, #8192	@ 0x2000
 8000896:	4620      	mov	r0, r4
 8000898:	f001 fb12 	bl	8001ec0 <HAL_GPIO_WritePin>
        HAL_GPIO_WritePin(GPIOB, RampMaxLed_Pin,   GPIO_PIN_RESET);
 800089c:	2200      	movs	r2, #0
 800089e:	f44f 4180 	mov.w	r1, #16384	@ 0x4000
 80008a2:	4620      	mov	r0, r4
 80008a4:	f001 fb0c 	bl	8001ec0 <HAL_GPIO_WritePin>
        HAL_GPIO_WritePin(GPIOB, RampStartLed_Pin, GPIO_PIN_RESET);
 80008a8:	2200      	movs	r2, #0
 80008aa:	f44f 4100 	mov.w	r1, #32768	@ 0x8000
 80008ae:	4620      	mov	r0, r4
 80008b0:	f001 fb06 	bl	8001ec0 <HAL_GPIO_WritePin>
}
 80008b4:	bd10      	pop	{r4, pc}
        stopAcquisition();
 80008b6:	f7ff ff9b 	bl	80007f0 <stopAcquisition>
        for(int i=0; i<NS; i++) {
 80008ba:	2300      	movs	r3, #0
 80008bc:	e009      	b.n	80008d2 <execCommand+0x86>
            avgSens[i] /= nAvgSens;
 80008be:	4947      	ldr	r1, [pc, #284]	@ (80009dc <execCommand+0x190>)
 80008c0:	f851 2023 	ldr.w	r2, [r1, r3, lsl #2]
 80008c4:	4846      	ldr	r0, [pc, #280]	@ (80009e0 <execCommand+0x194>)
 80008c6:	6800      	ldr	r0, [r0, #0]
 80008c8:	fbb2 f2f0 	udiv	r2, r2, r0
 80008cc:	f841 2023 	str.w	r2, [r1, r3, lsl #2]
        for(int i=0; i<NS; i++) {
 80008d0:	3301      	adds	r3, #1
 80008d2:	f5b3 5f80 	cmp.w	r3, #4096	@ 0x1000
 80008d6:	dbf2      	blt.n	80008be <execCommand+0x72>
        HAL_UART_Transmit_DMA(&huart2, (uint8_t*)avgSens, NS*4);
 80008d8:	f44f 4280 	mov.w	r2, #16384	@ 0x4000
 80008dc:	493f      	ldr	r1, [pc, #252]	@ (80009dc <execCommand+0x190>)
 80008de:	4841      	ldr	r0, [pc, #260]	@ (80009e4 <execCommand+0x198>)
 80008e0:	f002 fc46 	bl	8003170 <HAL_UART_Transmit_DMA>
        buildRamp(rampMin, rampMax);
 80008e4:	4b40      	ldr	r3, [pc, #256]	@ (80009e8 <execCommand+0x19c>)
 80008e6:	8819      	ldrh	r1, [r3, #0]
 80008e8:	4b3a      	ldr	r3, [pc, #232]	@ (80009d4 <execCommand+0x188>)
 80008ea:	8818      	ldrh	r0, [r3, #0]
 80008ec:	f7ff fca4 	bl	8000238 <buildRamp>
        startAcquisition();
 80008f0:	f7ff ff2e 	bl	8000750 <startAcquisition>
        HAL_GPIO_WritePin(GPIOB, RampMinLed_Pin,   GPIO_PIN_RESET);
 80008f4:	4c38      	ldr	r4, [pc, #224]	@ (80009d8 <execCommand+0x18c>)
 80008f6:	2200      	movs	r2, #0
 80008f8:	f44f 5100 	mov.w	r1, #8192	@ 0x2000
 80008fc:	4620      	mov	r0, r4
 80008fe:	f001 fadf 	bl	8001ec0 <HAL_GPIO_WritePin>
        HAL_GPIO_WritePin(GPIOB, RampMaxLed_Pin,   GPIO_PIN_RESET);
 8000902:	2200      	movs	r2, #0
 8000904:	f44f 4180 	mov.w	r1, #16384	@ 0x4000
 8000908:	4620      	mov	r0, r4
 800090a:	f001 fad9 	bl	8001ec0 <HAL_GPIO_WritePin>
        HAL_GPIO_WritePin(GPIOB, RampStartLed_Pin, GPIO_PIN_SET);
 800090e:	2201      	movs	r2, #1
 8000910:	f44f 4100 	mov.w	r1, #32768	@ 0x8000
 8000914:	4620      	mov	r0, r4
 8000916:	f001 fad3 	bl	8001ec0 <HAL_GPIO_WritePin>
 800091a:	e7cb      	b.n	80008b4 <execCommand+0x68>
        stopAcquisition();
 800091c:	f7ff ff68 	bl	80007f0 <stopAcquisition>
        buildRamp(rampMin, rampMax);
 8000920:	4b31      	ldr	r3, [pc, #196]	@ (80009e8 <execCommand+0x19c>)
 8000922:	8819      	ldrh	r1, [r3, #0]
 8000924:	4b2b      	ldr	r3, [pc, #172]	@ (80009d4 <execCommand+0x188>)
 8000926:	8818      	ldrh	r0, [r3, #0]
 8000928:	f7ff fc86 	bl	8000238 <buildRamp>
        startAcquisition();
 800092c:	f7ff ff10 	bl	8000750 <startAcquisition>
        HAL_GPIO_WritePin(GPIOB, RampMinLed_Pin,   GPIO_PIN_RESET);
 8000930:	4c29      	ldr	r4, [pc, #164]	@ (80009d8 <execCommand+0x18c>)
 8000932:	2200      	movs	r2, #0
 8000934:	f44f 5100 	mov.w	r1, #8192	@ 0x2000
 8000938:	4620      	mov	r0, r4
 800093a:	f001 fac1 	bl	8001ec0 <HAL_GPIO_WritePin>
        HAL_GPIO_WritePin(GPIOB, RampMaxLed_Pin,   GPIO_PIN_RESET);
 800093e:	2200      	movs	r2, #0
 8000940:	f44f 4180 	mov.w	r1, #16384	@ 0x4000
 8000944:	4620      	mov	r0, r4
 8000946:	f001 fabb 	bl	8001ec0 <HAL_GPIO_WritePin>
        HAL_GPIO_WritePin(GPIOB, RampStartLed_Pin, GPIO_PIN_SET);
 800094a:	2201      	movs	r2, #1
 800094c:	f44f 4100 	mov.w	r1, #32768	@ 0x8000
 8000950:	4620      	mov	r0, r4
 8000952:	f001 fab5 	bl	8001ec0 <HAL_GPIO_WritePin>
 8000956:	e7ad      	b.n	80008b4 <execCommand+0x68>
        stopAcquisition();
 8000958:	f7ff ff4a 	bl	80007f0 <stopAcquisition>
        buildRamp(rampMin, rampMax);
 800095c:	4b22      	ldr	r3, [pc, #136]	@ (80009e8 <execCommand+0x19c>)
 800095e:	8819      	ldrh	r1, [r3, #0]
 8000960:	4b1c      	ldr	r3, [pc, #112]	@ (80009d4 <execCommand+0x188>)
 8000962:	8818      	ldrh	r0, [r3, #0]
 8000964:	f7ff fc68 	bl	8000238 <buildRamp>
        startAcquisition();
 8000968:	f7ff fef2 	bl	8000750 <startAcquisition>
        HAL_GPIO_WritePin(GPIOB, RampMinLed_Pin,   GPIO_PIN_RESET);
 800096c:	4c1a      	ldr	r4, [pc, #104]	@ (80009d8 <execCommand+0x18c>)
 800096e:	2200      	movs	r2, #0
 8000970:	f44f 5100 	mov.w	r1, #8192	@ 0x2000
 8000974:	4620      	mov	r0, r4
 8000976:	f001 faa3 	bl	8001ec0 <HAL_GPIO_WritePin>
        HAL_GPIO_WritePin(GPIOB, RampMaxLed_Pin,   GPIO_PIN_RESET);
 800097a:	2200      	movs	r2, #0
 800097c:	f44f 4180 	mov.w	r1, #16384	@ 0x4000
 8000980:	4620      	mov	r0, r4
 8000982:	f001 fa9d 	bl	8001ec0 <HAL_GPIO_WritePin>
        HAL_GPIO_WritePin(GPIOB, RampStartLed_Pin, GPIO_PIN_SET);
 8000986:	2201      	movs	r2, #1
 8000988:	f44f 4100 	mov.w	r1, #32768	@ 0x8000
 800098c:	4620      	mov	r0, r4
 800098e:	f001 fa97 	bl	8001ec0 <HAL_GPIO_WritePin>
 8000992:	e78f      	b.n	80008b4 <execCommand+0x68>
        stopAcquisition();
 8000994:	f7ff ff2c 	bl	80007f0 <stopAcquisition>
        buildRamp(rampMax, rampMax);
 8000998:	4b13      	ldr	r3, [pc, #76]	@ (80009e8 <execCommand+0x19c>)
 800099a:	8818      	ldrh	r0, [r3, #0]
 800099c:	4601      	mov	r1, r0
 800099e:	f7ff fc4b 	bl	8000238 <buildRamp>
        startAcquisition();
 80009a2:	f7ff fed5 	bl	8000750 <startAcquisition>
        HAL_GPIO_WritePin(GPIOB, RampMinLed_Pin,   GPIO_PIN_RESET);
 80009a6:	4c0c      	ldr	r4, [pc, #48]	@ (80009d8 <execCommand+0x18c>)
 80009a8:	2200      	movs	r2, #0
 80009aa:	f44f 5100 	mov.w	r1, #8192	@ 0x2000
 80009ae:	4620      	mov	r0, r4
 80009b0:	f001 fa86 	bl	8001ec0 <HAL_GPIO_WritePin>
        HAL_GPIO_WritePin(GPIOB, RampMaxLed_Pin,   GPIO_PIN_SET);
 80009b4:	2201      	movs	r2, #1
 80009b6:	f44f 4180 	mov.w	r1, #16384	@ 0x4000
 80009ba:	4620      	mov	r0, r4
 80009bc:	f001 fa80 	bl	8001ec0 <HAL_GPIO_WritePin>
        HAL_GPIO_WritePin(GPIOB, RampStartLed_Pin, GPIO_PIN_RESET);
 80009c0:	2200      	movs	r2, #0
 80009c2:	f44f 4100 	mov.w	r1, #32768	@ 0x8000
 80009c6:	4620      	mov	r0, r4
 80009c8:	f001 fa7a 	bl	8001ec0 <HAL_GPIO_WritePin>
 80009cc:	e772      	b.n	80008b4 <execCommand+0x68>
 80009ce:	bf00      	nop
 80009d0:	2000002c 	.word	0x2000002c
 80009d4:	20000038 	.word	0x20000038
 80009d8:	40020400 	.word	0x40020400
 80009dc:	2000403c 	.word	0x2000403c
 80009e0:	2000803c 	.word	0x2000803c
 80009e4:	20012040 	.word	0x20012040
 80009e8:	20000036 	.word	0x20000036

080009ec <main>:
main(void) {
 80009ec:	b538      	push	{r3, r4, r5, lr}
    HAL_Init();
 80009ee:	f000 f973 	bl	8000cd8 <HAL_Init>
    HAL_Delay(2000); 
 80009f2:	f44f 60fa 	mov.w	r0, #2000	@ 0x7d0
 80009f6:	f000 f99b 	bl	8000d30 <HAL_Delay>
    SystemClockHSE_Config();
 80009fa:	f7ff fd6b 	bl	80004d4 <SystemClockHSE_Config>
    MX_GPIO_Init();
 80009fe:	f7ff fc43 	bl	8000288 <MX_GPIO_Init>
    MX_DMA_Init();
 8000a02:	f7ff fcdb 	bl	80003bc <MX_DMA_Init>
    MX_ADC1_Init();
 8000a06:	f7ff fdcb 	bl	80005a0 <MX_ADC1_Init>
    MX_DAC_Init();
 8000a0a:	f7ff fe0d 	bl	8000628 <MX_DAC_Init>
    MX_TIM2_Init();
 8000a0e:	f7ff fe33 	bl	8000678 <MX_TIM2_Init>
    MX_USART2_UART_Init();
 8000a12:	f7ff fe7f 	bl	8000714 <MX_USART2_UART_Init>
    while(HAL_UART_GetState(&huart2) != HAL_UART_STATE_READY);
 8000a16:	485c      	ldr	r0, [pc, #368]	@ (8000b88 <main+0x19c>)
 8000a18:	f002 fe10 	bl	800363c <HAL_UART_GetState>
 8000a1c:	2820      	cmp	r0, #32
 8000a1e:	d1fa      	bne.n	8000a16 <main+0x2a>
    bCharPresent = false;
 8000a20:	4b5a      	ldr	r3, [pc, #360]	@ (8000b8c <main+0x1a0>)
 8000a22:	2200      	movs	r2, #0
 8000a24:	701a      	strb	r2, [r3, #0]
    if(HAL_UART_Receive_IT(&huart2, (uint8_t *)rxBuffer, 1) != HAL_OK) {
 8000a26:	2201      	movs	r2, #1
 8000a28:	4959      	ldr	r1, [pc, #356]	@ (8000b90 <main+0x1a4>)
 8000a2a:	4857      	ldr	r0, [pc, #348]	@ (8000b88 <main+0x19c>)
 8000a2c:	f002 fe29 	bl	8003682 <HAL_UART_Receive_IT>
 8000a30:	b120      	cbz	r0, 8000a3c <main+0x50>
        errorCode = ERROR_UART_RX;
 8000a32:	4b58      	ldr	r3, [pc, #352]	@ (8000b94 <main+0x1a8>)
 8000a34:	220a      	movs	r2, #10
 8000a36:	601a      	str	r2, [r3, #0]
        Error_Handler();
 8000a38:	f7ff fcec 	bl	8000414 <Error_Handler>
    rampMin = 0;
 8000a3c:	2400      	movs	r4, #0
 8000a3e:	4b56      	ldr	r3, [pc, #344]	@ (8000b98 <main+0x1ac>)
 8000a40:	801c      	strh	r4, [r3, #0]
    rampMax = 4095;
 8000a42:	f640 71ff 	movw	r1, #4095	@ 0xfff
 8000a46:	4b55      	ldr	r3, [pc, #340]	@ (8000b9c <main+0x1b0>)
 8000a48:	8019      	strh	r1, [r3, #0]
    buildRamp(rampMin, rampMax);
 8000a4a:	4620      	mov	r0, r4
 8000a4c:	f7ff fbf4 	bl	8000238 <buildRamp>
    adc1HalfReady=false;
 8000a50:	4b53      	ldr	r3, [pc, #332]	@ (8000ba0 <main+0x1b4>)
 8000a52:	701c      	strb	r4, [r3, #0]
    adc1FullReady=false;
 8000a54:	4b53      	ldr	r3, [pc, #332]	@ (8000ba4 <main+0x1b8>)
 8000a56:	701c      	strb	r4, [r3, #0]
    nAvgSens = 0;
 8000a58:	4b53      	ldr	r3, [pc, #332]	@ (8000ba8 <main+0x1bc>)
 8000a5a:	601c      	str	r4, [r3, #0]
    startAcquisition();
 8000a5c:	f7ff fe78 	bl	8000750 <startAcquisition>
    HAL_GPIO_WritePin(GPIOB, RampMinLed_Pin,   GPIO_PIN_RESET);
 8000a60:	4d52      	ldr	r5, [pc, #328]	@ (8000bac <main+0x1c0>)
 8000a62:	4622      	mov	r2, r4
 8000a64:	f44f 5100 	mov.w	r1, #8192	@ 0x2000
 8000a68:	4628      	mov	r0, r5
 8000a6a:	f001 fa29 	bl	8001ec0 <HAL_GPIO_WritePin>
    HAL_GPIO_WritePin(GPIOB, RampMaxLed_Pin,   GPIO_PIN_RESET);
 8000a6e:	4622      	mov	r2, r4
 8000a70:	f44f 4180 	mov.w	r1, #16384	@ 0x4000
 8000a74:	4628      	mov	r0, r5
 8000a76:	f001 fa23 	bl	8001ec0 <HAL_GPIO_WritePin>
    HAL_GPIO_WritePin(GPIOB, RampStartLed_Pin, GPIO_PIN_SET);
 8000a7a:	2201      	movs	r2, #1
 8000a7c:	f44f 4100 	mov.w	r1, #32768	@ 0x8000
 8000a80:	4628      	mov	r0, r5
 8000a82:	f001 fa1d 	bl	8001ec0 <HAL_GPIO_WritePin>
 8000a86:	e057      	b.n	8000b38 <main+0x14c>
            adc1HalfReady = false;
 8000a88:	2300      	movs	r3, #0
 8000a8a:	4a45      	ldr	r2, [pc, #276]	@ (8000ba0 <main+0x1b4>)
 8000a8c:	7013      	strb	r3, [r2, #0]
            for(int i=0; i<NS; i++) {
 8000a8e:	f5b3 5f80 	cmp.w	r3, #4096	@ 0x1000
 8000a92:	da14      	bge.n	8000abe <main+0xd2>
                avgRamp[i] += adc1Val[2*i];
 8000a94:	4846      	ldr	r0, [pc, #280]	@ (8000bb0 <main+0x1c4>)
 8000a96:	f850 2023 	ldr.w	r2, [r0, r3, lsl #2]
 8000a9a:	0059      	lsls	r1, r3, #1
 8000a9c:	4c45      	ldr	r4, [pc, #276]	@ (8000bb4 <main+0x1c8>)
 8000a9e:	f834 c023 	ldrh.w	ip, [r4, r3, lsl #2]
 8000aa2:	4462      	add	r2, ip
 8000aa4:	f840 2023 	str.w	r2, [r0, r3, lsl #2]
                avgSens[i] += adc1Val[2*i+1];
 8000aa8:	4843      	ldr	r0, [pc, #268]	@ (8000bb8 <main+0x1cc>)
 8000aaa:	f850 2023 	ldr.w	r2, [r0, r3, lsl #2]
 8000aae:	3101      	adds	r1, #1
 8000ab0:	f834 1011 	ldrh.w	r1, [r4, r1, lsl #1]
 8000ab4:	440a      	add	r2, r1
 8000ab6:	f840 2023 	str.w	r2, [r0, r3, lsl #2]
            for(int i=0; i<NS; i++) {
 8000aba:	3301      	adds	r3, #1
 8000abc:	e7e7      	b.n	8000a8e <main+0xa2>
            nAvgSens++;
 8000abe:	4a3a      	ldr	r2, [pc, #232]	@ (8000ba8 <main+0x1bc>)
 8000ac0:	6813      	ldr	r3, [r2, #0]
 8000ac2:	3301      	adds	r3, #1
 8000ac4:	6013      	str	r3, [r2, #0]
            if(nAvgSens > maxAvgSens) {
 8000ac6:	4a3d      	ldr	r2, [pc, #244]	@ (8000bbc <main+0x1d0>)
 8000ac8:	6812      	ldr	r2, [r2, #0]
 8000aca:	4293      	cmp	r3, r2
 8000acc:	d938      	bls.n	8000b40 <main+0x154>
                stopAcquisition();
 8000ace:	f7ff fe8f 	bl	80007f0 <stopAcquisition>
                pbPressed = true;
 8000ad2:	4b3b      	ldr	r3, [pc, #236]	@ (8000bc0 <main+0x1d4>)
 8000ad4:	2201      	movs	r2, #1
 8000ad6:	701a      	strb	r2, [r3, #0]
 8000ad8:	e032      	b.n	8000b40 <main+0x154>
            adc1FullReady = false;
 8000ada:	2300      	movs	r3, #0
 8000adc:	4a31      	ldr	r2, [pc, #196]	@ (8000ba4 <main+0x1b8>)
 8000ade:	7013      	strb	r3, [r2, #0]
            for(int i=0; i<NS; i++) {
 8000ae0:	f5b3 5f80 	cmp.w	r3, #4096	@ 0x1000
 8000ae4:	da17      	bge.n	8000b16 <main+0x12a>
                avgRamp[i] += adc1Val[2*NS+2*i];
 8000ae6:	4832      	ldr	r0, [pc, #200]	@ (8000bb0 <main+0x1c4>)
 8000ae8:	f850 2023 	ldr.w	r2, [r0, r3, lsl #2]
 8000aec:	f503 5c80 	add.w	ip, r3, #4096	@ 0x1000
 8000af0:	ea4f 014c 	mov.w	r1, ip, lsl #1
 8000af4:	4c2f      	ldr	r4, [pc, #188]	@ (8000bb4 <main+0x1c8>)
 8000af6:	f834 c02c 	ldrh.w	ip, [r4, ip, lsl #2]
 8000afa:	4462      	add	r2, ip
 8000afc:	f840 2023 	str.w	r2, [r0, r3, lsl #2]
                avgSens[i] += adc1Val[2*NS+2*i+1];
 8000b00:	482d      	ldr	r0, [pc, #180]	@ (8000bb8 <main+0x1cc>)
 8000b02:	f850 2023 	ldr.w	r2, [r0, r3, lsl #2]
 8000b06:	3101      	adds	r1, #1
 8000b08:	f834 1011 	ldrh.w	r1, [r4, r1, lsl #1]
 8000b0c:	440a      	add	r2, r1
 8000b0e:	f840 2023 	str.w	r2, [r0, r3, lsl #2]
            for(int i=0; i<NS; i++) {
 8000b12:	3301      	adds	r3, #1
 8000b14:	e7e4      	b.n	8000ae0 <main+0xf4>
            nAvgSens++;
 8000b16:	4a24      	ldr	r2, [pc, #144]	@ (8000ba8 <main+0x1bc>)
 8000b18:	6813      	ldr	r3, [r2, #0]
 8000b1a:	3301      	adds	r3, #1
 8000b1c:	6013      	str	r3, [r2, #0]
            if(nAvgSens > maxAvgSens) {
 8000b1e:	4a27      	ldr	r2, [pc, #156]	@ (8000bbc <main+0x1d0>)
 8000b20:	6812      	ldr	r2, [r2, #0]
 8000b22:	4293      	cmp	r3, r2
 8000b24:	d910      	bls.n	8000b48 <main+0x15c>
                stopAcquisition();
 8000b26:	f7ff fe63 	bl	80007f0 <stopAcquisition>
                pbPressed = true;
 8000b2a:	4b25      	ldr	r3, [pc, #148]	@ (8000bc0 <main+0x1d4>)
 8000b2c:	2201      	movs	r2, #1
 8000b2e:	701a      	strb	r2, [r3, #0]
 8000b30:	e00a      	b.n	8000b48 <main+0x15c>
        if(bCharPresent) {
 8000b32:	4b16      	ldr	r3, [pc, #88]	@ (8000b8c <main+0x1a0>)
 8000b34:	781b      	ldrb	r3, [r3, #0]
 8000b36:	b98b      	cbnz	r3, 8000b5c <main+0x170>
        if(adc1HalfReady) {
 8000b38:	4b19      	ldr	r3, [pc, #100]	@ (8000ba0 <main+0x1b4>)
 8000b3a:	781b      	ldrb	r3, [r3, #0]
 8000b3c:	2b00      	cmp	r3, #0
 8000b3e:	d1a3      	bne.n	8000a88 <main+0x9c>
        if(adc1FullReady) {
 8000b40:	4b18      	ldr	r3, [pc, #96]	@ (8000ba4 <main+0x1b8>)
 8000b42:	781b      	ldrb	r3, [r3, #0]
 8000b44:	2b00      	cmp	r3, #0
 8000b46:	d1c8      	bne.n	8000ada <main+0xee>
        if(pbPressed) {
 8000b48:	4b1d      	ldr	r3, [pc, #116]	@ (8000bc0 <main+0x1d4>)
 8000b4a:	781b      	ldrb	r3, [r3, #0]
 8000b4c:	2b00      	cmp	r3, #0
 8000b4e:	d0f0      	beq.n	8000b32 <main+0x146>
            pbPressed = false;
 8000b50:	4b1b      	ldr	r3, [pc, #108]	@ (8000bc0 <main+0x1d4>)
 8000b52:	2200      	movs	r2, #0
 8000b54:	701a      	strb	r2, [r3, #0]
            execCommand();
 8000b56:	f7ff fe79 	bl	800084c <execCommand>
 8000b5a:	e7ea      	b.n	8000b32 <main+0x146>
            bCharPresent = false;
 8000b5c:	4b0b      	ldr	r3, [pc, #44]	@ (8000b8c <main+0x1a0>)
 8000b5e:	2200      	movs	r2, #0
 8000b60:	701a      	strb	r2, [r3, #0]
            command = rxBuffer[0];
 8000b62:	4c0b      	ldr	r4, [pc, #44]	@ (8000b90 <main+0x1a4>)
 8000b64:	7822      	ldrb	r2, [r4, #0]
 8000b66:	4b17      	ldr	r3, [pc, #92]	@ (8000bc4 <main+0x1d8>)
 8000b68:	701a      	strb	r2, [r3, #0]
            execCommand();
 8000b6a:	f7ff fe6f 	bl	800084c <execCommand>
            if(HAL_UART_Receive_IT(&huart2, (uint8_t *)rxBuffer, 1) != HAL_OK) {
 8000b6e:	2201      	movs	r2, #1
 8000b70:	4621      	mov	r1, r4
 8000b72:	4805      	ldr	r0, [pc, #20]	@ (8000b88 <main+0x19c>)
 8000b74:	f002 fd85 	bl	8003682 <HAL_UART_Receive_IT>
 8000b78:	2800      	cmp	r0, #0
 8000b7a:	d0dd      	beq.n	8000b38 <main+0x14c>
                errorCode = ERROR_UART_RX;
 8000b7c:	4b05      	ldr	r3, [pc, #20]	@ (8000b94 <main+0x1a8>)
 8000b7e:	220a      	movs	r2, #10
 8000b80:	601a      	str	r2, [r3, #0]
                Error_Handler();
 8000b82:	f7ff fc47 	bl	8000414 <Error_Handler>
 8000b86:	bf00      	nop
 8000b88:	20012040 	.word	0x20012040
 8000b8c:	20000034 	.word	0x20000034
 8000b90:	20000030 	.word	0x20000030
 8000b94:	200121e8 	.word	0x200121e8
 8000b98:	20000038 	.word	0x20000038
 8000b9c:	20000036 	.word	0x20000036
 8000ba0:	20000032 	.word	0x20000032
 8000ba4:	20000031 	.word	0x20000031
 8000ba8:	2000803c 	.word	0x2000803c
 8000bac:	40020400 	.word	0x40020400
 8000bb0:	2000003c 	.word	0x2000003c
 8000bb4:	20008040 	.word	0x20008040
 8000bb8:	2000403c 	.word	0x2000403c
 8000bbc:	20000000 	.word	0x20000000
 8000bc0:	20000035 	.word	0x20000035
 8000bc4:	2000002c 	.word	0x2000002c

08000bc8 <HAL_GPIO_EXTI_Callback>:


/// Push Buttons callback
void
HAL_GPIO_EXTI_Callback(uint16_t GPIO_Pin) {
    if(GPIO_Pin == B1_Pin) // On Board Blue Push Button
 8000bc8:	f5b0 5f00 	cmp.w	r0, #8192	@ 0x2000
 8000bcc:	d009      	beq.n	8000be2 <HAL_GPIO_EXTI_Callback+0x1a>
        command = 'S';
    else if(GPIO_Pin == RampMinPB_Pin)
 8000bce:	2810      	cmp	r0, #16
 8000bd0:	d00e      	beq.n	8000bf0 <HAL_GPIO_EXTI_Callback+0x28>
        command = 'm';
    else if(GPIO_Pin == RampMaxPB_Pin)
 8000bd2:	2820      	cmp	r0, #32
 8000bd4:	d010      	beq.n	8000bf8 <HAL_GPIO_EXTI_Callback+0x30>
        command = 'M';
    else if(GPIO_Pin == RampStartPB_Pin)
 8000bd6:	2840      	cmp	r0, #64	@ 0x40
 8000bd8:	d109      	bne.n	8000bee <HAL_GPIO_EXTI_Callback+0x26>
        command = 'R';
 8000bda:	4b09      	ldr	r3, [pc, #36]	@ (8000c00 <HAL_GPIO_EXTI_Callback+0x38>)
 8000bdc:	2252      	movs	r2, #82	@ 0x52
 8000bde:	701a      	strb	r2, [r3, #0]
 8000be0:	e002      	b.n	8000be8 <HAL_GPIO_EXTI_Callback+0x20>
        command = 'S';
 8000be2:	4b07      	ldr	r3, [pc, #28]	@ (8000c00 <HAL_GPIO_EXTI_Callback+0x38>)
 8000be4:	2253      	movs	r2, #83	@ 0x53
 8000be6:	701a      	strb	r2, [r3, #0]
    else
        return;
    pbPressed = true;
 8000be8:	4b06      	ldr	r3, [pc, #24]	@ (8000c04 <HAL_GPIO_EXTI_Callback+0x3c>)
 8000bea:	2201      	movs	r2, #1
 8000bec:	701a      	strb	r2, [r3, #0]
}
 8000bee:	4770      	bx	lr
        command = 'm';
 8000bf0:	4b03      	ldr	r3, [pc, #12]	@ (8000c00 <HAL_GPIO_EXTI_Callback+0x38>)
 8000bf2:	226d      	movs	r2, #109	@ 0x6d
 8000bf4:	701a      	strb	r2, [r3, #0]
 8000bf6:	e7f7      	b.n	8000be8 <HAL_GPIO_EXTI_Callback+0x20>
        command = 'M';
 8000bf8:	4b01      	ldr	r3, [pc, #4]	@ (8000c00 <HAL_GPIO_EXTI_Callback+0x38>)
 8000bfa:	224d      	movs	r2, #77	@ 0x4d
 8000bfc:	701a      	strb	r2, [r3, #0]
 8000bfe:	e7f3      	b.n	8000be8 <HAL_GPIO_EXTI_Callback+0x20>
 8000c00:	2000002c 	.word	0x2000002c
 8000c04:	20000035 	.word	0x20000035

08000c08 <HAL_UART_TxCpltCallback>:
  * @retval None
  */
void
HAL_UART_TxCpltCallback(UART_HandleTypeDef *UartHandle) {
    /* Set transmission flag: transfer complete*/
    bUartReady = true;
 8000c08:	4b01      	ldr	r3, [pc, #4]	@ (8000c10 <HAL_UART_TxCpltCallback+0x8>)
 8000c0a:	2201      	movs	r2, #1
 8000c0c:	701a      	strb	r2, [r3, #0]
}
 8000c0e:	4770      	bx	lr
 8000c10:	20000033 	.word	0x20000033

08000c14 <HAL_UART_RxCpltCallback>:
  *         you can add your own implementation.
  * @retval None
  */
void
HAL_UART_RxCpltCallback(UART_HandleTypeDef* UartHandle) {
    bCharPresent = true;
 8000c14:	4b01      	ldr	r3, [pc, #4]	@ (8000c1c <HAL_UART_RxCpltCallback+0x8>)
 8000c16:	2201      	movs	r2, #1
 8000c18:	701a      	strb	r2, [r3, #0]
}
 8000c1a:	4770      	bx	lr
 8000c1c:	20000034 	.word	0x20000034

08000c20 <HAL_UART_ErrorCallback>:
  * @note   This example shows a simple way to report transfer error, and you can
  *         add your own implementation.
  * @retval None
  */
void 
HAL_UART_ErrorCallback(UART_HandleTypeDef* UartHandle) {
 8000c20:	b508      	push	{r3, lr}
    errorCode = ERROR_UART_CB;
 8000c22:	4b02      	ldr	r3, [pc, #8]	@ (8000c2c <HAL_UART_ErrorCallback+0xc>)
 8000c24:	220b      	movs	r2, #11
 8000c26:	601a      	str	r2, [r3, #0]
    Error_Handler();
 8000c28:	f7ff fbf4 	bl	8000414 <Error_Handler>
 8000c2c:	200121e8 	.word	0x200121e8

08000c30 <HAL_ADC_ConvHalfCpltCallback>:


/// ADC Conversion_Half_Complete callback
void
HAL_ADC_ConvHalfCpltCallback(ADC_HandleTypeDef* hAdc) {
    if(hAdc == &hadc1) {
 8000c30:	4b03      	ldr	r3, [pc, #12]	@ (8000c40 <HAL_ADC_ConvHalfCpltCallback+0x10>)
 8000c32:	4283      	cmp	r3, r0
 8000c34:	d000      	beq.n	8000c38 <HAL_ADC_ConvHalfCpltCallback+0x8>
        adc1HalfReady = true;
    }
}
 8000c36:	4770      	bx	lr
        adc1HalfReady = true;
 8000c38:	4b02      	ldr	r3, [pc, #8]	@ (8000c44 <HAL_ADC_ConvHalfCpltCallback+0x14>)
 8000c3a:	2201      	movs	r2, #1
 8000c3c:	701a      	strb	r2, [r3, #0]
}
 8000c3e:	e7fa      	b.n	8000c36 <HAL_ADC_ConvHalfCpltCallback+0x6>
 8000c40:	2001212c 	.word	0x2001212c
 8000c44:	20000032 	.word	0x20000032

08000c48 <HAL_ADC_ConvCpltCallback>:


/// ADC Conversion_Complete callback
void
HAL_ADC_ConvCpltCallback(ADC_HandleTypeDef* hAdc) {
    if(hAdc == &hadc1) {
 8000c48:	4b03      	ldr	r3, [pc, #12]	@ (8000c58 <HAL_ADC_ConvCpltCallback+0x10>)
 8000c4a:	4283      	cmp	r3, r0
 8000c4c:	d000      	beq.n	8000c50 <HAL_ADC_ConvCpltCallback+0x8>
        // HAL_TIM_Base_Stop(&htim2);
        adc1FullReady = true;
    }
}
 8000c4e:	4770      	bx	lr
        adc1FullReady = true;
 8000c50:	4b02      	ldr	r3, [pc, #8]	@ (8000c5c <HAL_ADC_ConvCpltCallback+0x14>)
 8000c52:	2201      	movs	r2, #1
 8000c54:	701a      	strb	r2, [r3, #0]
}
 8000c56:	e7fa      	b.n	8000c4e <HAL_ADC_ConvCpltCallback+0x6>
 8000c58:	2001212c 	.word	0x2001212c
 8000c5c:	20000031 	.word	0x20000031

08000c60 <HAL_DACEx_ConvHalfCpltCallbackCh2>:
    }

#else // DAC_CHAN2

    void
    HAL_DACEx_ConvHalfCpltCallbackCh2(DAC_HandleTypeDef *hdac) {
 8000c60:	b508      	push	{r3, lr}
        HAL_GPIO_WritePin(RampTrigger_GPIO_Port, RampTrigger_Pin, GPIO_PIN_SET);
 8000c62:	2201      	movs	r2, #1
 8000c64:	f44f 6180 	mov.w	r1, #1024	@ 0x400
 8000c68:	4801      	ldr	r0, [pc, #4]	@ (8000c70 <HAL_DACEx_ConvHalfCpltCallbackCh2+0x10>)
 8000c6a:	f001 f929 	bl	8001ec0 <HAL_GPIO_WritePin>
    }
 8000c6e:	bd08      	pop	{r3, pc}
 8000c70:	40020000 	.word	0x40020000

08000c74 <HAL_DACEx_ConvCpltCallbackCh2>:


    void
    HAL_DACEx_ConvCpltCallbackCh2(DAC_HandleTypeDef *hdac) {
 8000c74:	b508      	push	{r3, lr}
        HAL_GPIO_WritePin(RampTrigger_GPIO_Port, RampTrigger_Pin, GPIO_PIN_RESET);
 8000c76:	2200      	movs	r2, #0
 8000c78:	f44f 6180 	mov.w	r1, #1024	@ 0x400
 8000c7c:	4801      	ldr	r0, [pc, #4]	@ (8000c84 <HAL_DACEx_ConvCpltCallbackCh2+0x10>)
 8000c7e:	f001 f91f 	bl	8001ec0 <HAL_GPIO_WritePin>
    }
 8000c82:	bd08      	pop	{r3, pc}
 8000c84:	40020000 	.word	0x40020000

08000c88 <HAL_UART_TxHalfCpltCallback>:
#endif


void
HAL_UART_TxHalfCpltCallback(UART_HandleTypeDef *huart) {
}
 8000c88:	4770      	bx	lr
	...

08000c8c <HAL_InitTick>:
  *       implementation  in user file.
  * @param TickPriority Tick interrupt priority.
  * @retval HAL status
  */
__weak HAL_StatusTypeDef HAL_InitTick(uint32_t TickPriority)
{
 8000c8c:	b510      	push	{r4, lr}
 8000c8e:	4604      	mov	r4, r0
  /* Configure the SysTick to have interrupt in 1ms time basis*/
  if (HAL_SYSTICK_Config(SystemCoreClock / (1000U / uwTickFreq)) > 0U)
 8000c90:	4b0e      	ldr	r3, [pc, #56]	@ (8000ccc <HAL_InitTick+0x40>)
 8000c92:	781a      	ldrb	r2, [r3, #0]
 8000c94:	f44f 737a 	mov.w	r3, #1000	@ 0x3e8
 8000c98:	fbb3 f3f2 	udiv	r3, r3, r2
 8000c9c:	4a0c      	ldr	r2, [pc, #48]	@ (8000cd0 <HAL_InitTick+0x44>)
 8000c9e:	6810      	ldr	r0, [r2, #0]
 8000ca0:	fbb0 f0f3 	udiv	r0, r0, r3
 8000ca4:	f000 fc50 	bl	8001548 <HAL_SYSTICK_Config>
 8000ca8:	b968      	cbnz	r0, 8000cc6 <HAL_InitTick+0x3a>
  {
    return HAL_ERROR;
  }

  /* Configure the SysTick IRQ priority */
  if (TickPriority < (1UL << __NVIC_PRIO_BITS))
 8000caa:	2c0f      	cmp	r4, #15
 8000cac:	d901      	bls.n	8000cb2 <HAL_InitTick+0x26>
    HAL_NVIC_SetPriority(SysTick_IRQn, TickPriority, 0U);
    uwTickPrio = TickPriority;
  }
  else
  {
    return HAL_ERROR;
 8000cae:	2001      	movs	r0, #1
 8000cb0:	e00a      	b.n	8000cc8 <HAL_InitTick+0x3c>
    HAL_NVIC_SetPriority(SysTick_IRQn, TickPriority, 0U);
 8000cb2:	2200      	movs	r2, #0
 8000cb4:	4621      	mov	r1, r4
 8000cb6:	f04f 30ff 	mov.w	r0, #4294967295	@ 0xffffffff
 8000cba:	f000 fc27 	bl	800150c <HAL_NVIC_SetPriority>
    uwTickPrio = TickPriority;
 8000cbe:	4b05      	ldr	r3, [pc, #20]	@ (8000cd4 <HAL_InitTick+0x48>)
 8000cc0:	601c      	str	r4, [r3, #0]
  }

  /* Return function status */
  return HAL_OK;
 8000cc2:	2000      	movs	r0, #0
 8000cc4:	e000      	b.n	8000cc8 <HAL_InitTick+0x3c>
    return HAL_ERROR;
 8000cc6:	2001      	movs	r0, #1
}
 8000cc8:	bd10      	pop	{r4, pc}
 8000cca:	bf00      	nop
 8000ccc:	20000004 	.word	0x20000004
 8000cd0:	2000000c 	.word	0x2000000c
 8000cd4:	20000008 	.word	0x20000008

08000cd8 <HAL_Init>:
{
 8000cd8:	b508      	push	{r3, lr}
  __HAL_FLASH_INSTRUCTION_CACHE_ENABLE();
 8000cda:	4b0b      	ldr	r3, [pc, #44]	@ (8000d08 <HAL_Init+0x30>)
 8000cdc:	681a      	ldr	r2, [r3, #0]
 8000cde:	f442 7200 	orr.w	r2, r2, #512	@ 0x200
 8000ce2:	601a      	str	r2, [r3, #0]
  __HAL_FLASH_DATA_CACHE_ENABLE();
 8000ce4:	681a      	ldr	r2, [r3, #0]
 8000ce6:	f442 6280 	orr.w	r2, r2, #1024	@ 0x400
 8000cea:	601a      	str	r2, [r3, #0]
  __HAL_FLASH_PREFETCH_BUFFER_ENABLE();
 8000cec:	681a      	ldr	r2, [r3, #0]
 8000cee:	f442 7280 	orr.w	r2, r2, #256	@ 0x100
 8000cf2:	601a      	str	r2, [r3, #0]
  HAL_NVIC_SetPriorityGrouping(NVIC_PRIORITYGROUP_4);
 8000cf4:	2003      	movs	r0, #3
 8000cf6:	f000 fbf7 	bl	80014e8 <HAL_NVIC_SetPriorityGrouping>
  HAL_InitTick(TICK_INT_PRIORITY);
 8000cfa:	2000      	movs	r0, #0
 8000cfc:	f7ff ffc6 	bl	8000c8c <HAL_InitTick>
  HAL_MspInit();
 8000d00:	f001 f8fc 	bl	8001efc <HAL_MspInit>
}
 8000d04:	2000      	movs	r0, #0
 8000d06:	bd08      	pop	{r3, pc}
 8000d08:	40023c00 	.word	0x40023c00

08000d0c <HAL_IncTick>:
  *      implementations in user file.
  * @retval None
  */
__weak void HAL_IncTick(void)
{
  uwTick += uwTickFreq;
 8000d0c:	4a03      	ldr	r2, [pc, #12]	@ (8000d1c <HAL_IncTick+0x10>)
 8000d0e:	6811      	ldr	r1, [r2, #0]
 8000d10:	4b03      	ldr	r3, [pc, #12]	@ (8000d20 <HAL_IncTick+0x14>)
 8000d12:	781b      	ldrb	r3, [r3, #0]
 8000d14:	440b      	add	r3, r1
 8000d16:	6013      	str	r3, [r2, #0]
}
 8000d18:	4770      	bx	lr
 8000d1a:	bf00      	nop
 8000d1c:	200121ec 	.word	0x200121ec
 8000d20:	20000004 	.word	0x20000004

08000d24 <HAL_GetTick>:
  *       implementations in user file.
  * @retval tick value
  */
__weak uint32_t HAL_GetTick(void)
{
  return uwTick;
 8000d24:	4b01      	ldr	r3, [pc, #4]	@ (8000d2c <HAL_GetTick+0x8>)
 8000d26:	6818      	ldr	r0, [r3, #0]
}
 8000d28:	4770      	bx	lr
 8000d2a:	bf00      	nop
 8000d2c:	200121ec 	.word	0x200121ec

08000d30 <HAL_Delay>:
  *       implementations in user file.
  * @param Delay specifies the delay time length, in milliseconds.
  * @retval None
  */
__weak void HAL_Delay(uint32_t Delay)
{
 8000d30:	b538      	push	{r3, r4, r5, lr}
 8000d32:	4604      	mov	r4, r0
  uint32_t tickstart = HAL_GetTick();
 8000d34:	f7ff fff6 	bl	8000d24 <HAL_GetTick>
 8000d38:	4605      	mov	r5, r0
  uint32_t wait = Delay;

  /* Add a freq to guarantee minimum wait */
  if (wait < HAL_MAX_DELAY)
 8000d3a:	f1b4 3fff 	cmp.w	r4, #4294967295	@ 0xffffffff
 8000d3e:	d002      	beq.n	8000d46 <HAL_Delay+0x16>
  {
    wait += (uint32_t)(uwTickFreq);
 8000d40:	4b04      	ldr	r3, [pc, #16]	@ (8000d54 <HAL_Delay+0x24>)
 8000d42:	781b      	ldrb	r3, [r3, #0]
 8000d44:	441c      	add	r4, r3
  }

  while((HAL_GetTick() - tickstart) < wait)
 8000d46:	f7ff ffed 	bl	8000d24 <HAL_GetTick>
 8000d4a:	1b40      	subs	r0, r0, r5
 8000d4c:	42a0      	cmp	r0, r4
 8000d4e:	d3fa      	bcc.n	8000d46 <HAL_Delay+0x16>
  {
  }
}
 8000d50:	bd38      	pop	{r3, r4, r5, pc}
 8000d52:	bf00      	nop
 8000d54:	20000004 	.word	0x20000004

08000d58 <ADC_Init>:
  /* (Depending on STM32F4 product, there may be up to 3 ADCs and 1 common */
  /* control register)                                                    */
  tmpADC_Common = ADC_COMMON_REGISTER(hadc);
  
  /* Set the ADC clock prescaler */
  tmpADC_Common->CCR &= ~(ADC_CCR_ADCPRE);
 8000d58:	4b4a      	ldr	r3, [pc, #296]	@ (8000e84 <ADC_Init+0x12c>)
 8000d5a:	685a      	ldr	r2, [r3, #4]
 8000d5c:	f422 3240 	bic.w	r2, r2, #196608	@ 0x30000
 8000d60:	605a      	str	r2, [r3, #4]
  tmpADC_Common->CCR |=  hadc->Init.ClockPrescaler;
 8000d62:	685a      	ldr	r2, [r3, #4]
 8000d64:	6841      	ldr	r1, [r0, #4]
 8000d66:	430a      	orrs	r2, r1
 8000d68:	605a      	str	r2, [r3, #4]
  
  /* Set ADC scan mode */
  hadc->Instance->CR1 &= ~(ADC_CR1_SCAN);
 8000d6a:	6802      	ldr	r2, [r0, #0]
 8000d6c:	6853      	ldr	r3, [r2, #4]
 8000d6e:	f423 7380 	bic.w	r3, r3, #256	@ 0x100
 8000d72:	6053      	str	r3, [r2, #4]
  hadc->Instance->CR1 |=  ADC_CR1_SCANCONV(hadc->Init.ScanConvMode);
 8000d74:	6802      	ldr	r2, [r0, #0]
 8000d76:	6853      	ldr	r3, [r2, #4]
 8000d78:	6901      	ldr	r1, [r0, #16]
 8000d7a:	ea43 2301 	orr.w	r3, r3, r1, lsl #8
 8000d7e:	6053      	str	r3, [r2, #4]
  
  /* Set ADC resolution */
  hadc->Instance->CR1 &= ~(ADC_CR1_RES);
 8000d80:	6802      	ldr	r2, [r0, #0]
 8000d82:	6853      	ldr	r3, [r2, #4]
 8000d84:	f023 7340 	bic.w	r3, r3, #50331648	@ 0x3000000
 8000d88:	6053      	str	r3, [r2, #4]
  hadc->Instance->CR1 |=  hadc->Init.Resolution;
 8000d8a:	6802      	ldr	r2, [r0, #0]
 8000d8c:	6853      	ldr	r3, [r2, #4]
 8000d8e:	6881      	ldr	r1, [r0, #8]
 8000d90:	430b      	orrs	r3, r1
 8000d92:	6053      	str	r3, [r2, #4]
  
  /* Set ADC data alignment */
  hadc->Instance->CR2 &= ~(ADC_CR2_ALIGN);
 8000d94:	6802      	ldr	r2, [r0, #0]
 8000d96:	6893      	ldr	r3, [r2, #8]
 8000d98:	f423 6300 	bic.w	r3, r3, #2048	@ 0x800
 8000d9c:	6093      	str	r3, [r2, #8]
  hadc->Instance->CR2 |= hadc->Init.DataAlign;
 8000d9e:	6802      	ldr	r2, [r0, #0]
 8000da0:	6893      	ldr	r3, [r2, #8]
 8000da2:	68c1      	ldr	r1, [r0, #12]
 8000da4:	430b      	orrs	r3, r1
 8000da6:	6093      	str	r3, [r2, #8]
  /* Enable external trigger if trigger selection is different of software  */
  /* start.                                                                 */
  /* Note: This configuration keeps the hardware feature of parameter       */
  /*       ExternalTrigConvEdge "trigger edge none" equivalent to           */
  /*       software start.                                                  */
  if(hadc->Init.ExternalTrigConv != ADC_SOFTWARE_START)
 8000da8:	6a82      	ldr	r2, [r0, #40]	@ 0x28
 8000daa:	4b37      	ldr	r3, [pc, #220]	@ (8000e88 <ADC_Init+0x130>)
 8000dac:	429a      	cmp	r2, r3
 8000dae:	d057      	beq.n	8000e60 <ADC_Init+0x108>
  {
    /* Select external trigger to start conversion */
    hadc->Instance->CR2 &= ~(ADC_CR2_EXTSEL);
 8000db0:	6802      	ldr	r2, [r0, #0]
 8000db2:	6893      	ldr	r3, [r2, #8]
 8000db4:	f023 6370 	bic.w	r3, r3, #251658240	@ 0xf000000
 8000db8:	6093      	str	r3, [r2, #8]
    hadc->Instance->CR2 |= hadc->Init.ExternalTrigConv;
 8000dba:	6802      	ldr	r2, [r0, #0]
 8000dbc:	6893      	ldr	r3, [r2, #8]
 8000dbe:	6a81      	ldr	r1, [r0, #40]	@ 0x28
 8000dc0:	430b      	orrs	r3, r1
 8000dc2:	6093      	str	r3, [r2, #8]
    
    /* Select external trigger polarity */
    hadc->Instance->CR2 &= ~(ADC_CR2_EXTEN);
 8000dc4:	6802      	ldr	r2, [r0, #0]
 8000dc6:	6893      	ldr	r3, [r2, #8]
 8000dc8:	f023 5340 	bic.w	r3, r3, #805306368	@ 0x30000000
 8000dcc:	6093      	str	r3, [r2, #8]
    hadc->Instance->CR2 |= hadc->Init.ExternalTrigConvEdge;
 8000dce:	6802      	ldr	r2, [r0, #0]
 8000dd0:	6893      	ldr	r3, [r2, #8]
 8000dd2:	6ac1      	ldr	r1, [r0, #44]	@ 0x2c
 8000dd4:	430b      	orrs	r3, r1
 8000dd6:	6093      	str	r3, [r2, #8]
    hadc->Instance->CR2 &= ~(ADC_CR2_EXTSEL);
    hadc->Instance->CR2 &= ~(ADC_CR2_EXTEN);
  }
  
  /* Enable or disable ADC continuous conversion mode */
  hadc->Instance->CR2 &= ~(ADC_CR2_CONT);
 8000dd8:	6802      	ldr	r2, [r0, #0]
 8000dda:	6893      	ldr	r3, [r2, #8]
 8000ddc:	f023 0302 	bic.w	r3, r3, #2
 8000de0:	6093      	str	r3, [r2, #8]
  hadc->Instance->CR2 |= ADC_CR2_CONTINUOUS((uint32_t)hadc->Init.ContinuousConvMode);
 8000de2:	6802      	ldr	r2, [r0, #0]
 8000de4:	6893      	ldr	r3, [r2, #8]
 8000de6:	7e01      	ldrb	r1, [r0, #24]
 8000de8:	ea43 0341 	orr.w	r3, r3, r1, lsl #1
 8000dec:	6093      	str	r3, [r2, #8]
  
  if(hadc->Init.DiscontinuousConvMode != DISABLE)
 8000dee:	f890 3020 	ldrb.w	r3, [r0, #32]
 8000df2:	2b00      	cmp	r3, #0
 8000df4:	d03f      	beq.n	8000e76 <ADC_Init+0x11e>
  {
    assert_param(IS_ADC_REGULAR_DISC_NUMBER(hadc->Init.NbrOfDiscConversion));
  
    /* Enable the selected ADC regular discontinuous mode */
    hadc->Instance->CR1 |= (uint32_t)ADC_CR1_DISCEN;
 8000df6:	6802      	ldr	r2, [r0, #0]
 8000df8:	6853      	ldr	r3, [r2, #4]
 8000dfa:	f443 6300 	orr.w	r3, r3, #2048	@ 0x800
 8000dfe:	6053      	str	r3, [r2, #4]
    
    /* Set the number of channels to be converted in discontinuous mode */
    hadc->Instance->CR1 &= ~(ADC_CR1_DISCNUM);
 8000e00:	6802      	ldr	r2, [r0, #0]
 8000e02:	6853      	ldr	r3, [r2, #4]
 8000e04:	f423 4360 	bic.w	r3, r3, #57344	@ 0xe000
 8000e08:	6053      	str	r3, [r2, #4]
    hadc->Instance->CR1 |=  ADC_CR1_DISCONTINUOUS(hadc->Init.NbrOfDiscConversion);
 8000e0a:	6801      	ldr	r1, [r0, #0]
 8000e0c:	684b      	ldr	r3, [r1, #4]
 8000e0e:	6a42      	ldr	r2, [r0, #36]	@ 0x24
 8000e10:	3a01      	subs	r2, #1
 8000e12:	ea43 3342 	orr.w	r3, r3, r2, lsl #13
 8000e16:	604b      	str	r3, [r1, #4]
    /* Disable the selected ADC regular discontinuous mode */
    hadc->Instance->CR1 &= ~(ADC_CR1_DISCEN);
  }
  
  /* Set ADC number of conversion */
  hadc->Instance->SQR1 &= ~(ADC_SQR1_L);
 8000e18:	6802      	ldr	r2, [r0, #0]
 8000e1a:	6ad3      	ldr	r3, [r2, #44]	@ 0x2c
 8000e1c:	f423 0370 	bic.w	r3, r3, #15728640	@ 0xf00000
 8000e20:	62d3      	str	r3, [r2, #44]	@ 0x2c
  hadc->Instance->SQR1 |=  ADC_SQR1(hadc->Init.NbrOfConversion);
 8000e22:	6801      	ldr	r1, [r0, #0]
 8000e24:	6acb      	ldr	r3, [r1, #44]	@ 0x2c
 8000e26:	69c2      	ldr	r2, [r0, #28]
 8000e28:	3a01      	subs	r2, #1
 8000e2a:	ea43 5302 	orr.w	r3, r3, r2, lsl #20
 8000e2e:	62cb      	str	r3, [r1, #44]	@ 0x2c
  
  /* Enable or disable ADC DMA continuous request */
  hadc->Instance->CR2 &= ~(ADC_CR2_DDS);
 8000e30:	6802      	ldr	r2, [r0, #0]
 8000e32:	6893      	ldr	r3, [r2, #8]
 8000e34:	f423 7300 	bic.w	r3, r3, #512	@ 0x200
 8000e38:	6093      	str	r3, [r2, #8]
  hadc->Instance->CR2 |= ADC_CR2_DMAContReq((uint32_t)hadc->Init.DMAContinuousRequests);
 8000e3a:	6802      	ldr	r2, [r0, #0]
 8000e3c:	6893      	ldr	r3, [r2, #8]
 8000e3e:	f890 1030 	ldrb.w	r1, [r0, #48]	@ 0x30
 8000e42:	ea43 2341 	orr.w	r3, r3, r1, lsl #9
 8000e46:	6093      	str	r3, [r2, #8]
  
  /* Enable or disable ADC end of conversion selection */
  hadc->Instance->CR2 &= ~(ADC_CR2_EOCS);
 8000e48:	6802      	ldr	r2, [r0, #0]
 8000e4a:	6893      	ldr	r3, [r2, #8]
 8000e4c:	f423 6380 	bic.w	r3, r3, #1024	@ 0x400
 8000e50:	6093      	str	r3, [r2, #8]
  hadc->Instance->CR2 |= ADC_CR2_EOCSelection(hadc->Init.EOCSelection);
 8000e52:	6802      	ldr	r2, [r0, #0]
 8000e54:	6893      	ldr	r3, [r2, #8]
 8000e56:	6941      	ldr	r1, [r0, #20]
 8000e58:	ea43 2381 	orr.w	r3, r3, r1, lsl #10
 8000e5c:	6093      	str	r3, [r2, #8]
}
 8000e5e:	4770      	bx	lr
    hadc->Instance->CR2 &= ~(ADC_CR2_EXTSEL);
 8000e60:	6802      	ldr	r2, [r0, #0]
 8000e62:	6893      	ldr	r3, [r2, #8]
 8000e64:	f023 6370 	bic.w	r3, r3, #251658240	@ 0xf000000
 8000e68:	6093      	str	r3, [r2, #8]
    hadc->Instance->CR2 &= ~(ADC_CR2_EXTEN);
 8000e6a:	6802      	ldr	r2, [r0, #0]
 8000e6c:	6893      	ldr	r3, [r2, #8]
 8000e6e:	f023 5340 	bic.w	r3, r3, #805306368	@ 0x30000000
 8000e72:	6093      	str	r3, [r2, #8]
 8000e74:	e7b0      	b.n	8000dd8 <ADC_Init+0x80>
    hadc->Instance->CR1 &= ~(ADC_CR1_DISCEN);
 8000e76:	6802      	ldr	r2, [r0, #0]
 8000e78:	6853      	ldr	r3, [r2, #4]
 8000e7a:	f423 6300 	bic.w	r3, r3, #2048	@ 0x800
 8000e7e:	6053      	str	r3, [r2, #4]
 8000e80:	e7ca      	b.n	8000e18 <ADC_Init+0xc0>
 8000e82:	bf00      	nop
 8000e84:	40012300 	.word	0x40012300
 8000e88:	0f000001 	.word	0x0f000001

08000e8c <HAL_ADC_Init>:
  if(hadc == NULL)
 8000e8c:	b338      	cbz	r0, 8000ede <HAL_ADC_Init+0x52>
{
 8000e8e:	b510      	push	{r4, lr}
 8000e90:	4604      	mov	r4, r0
  if(hadc->State == HAL_ADC_STATE_RESET)
 8000e92:	6c03      	ldr	r3, [r0, #64]	@ 0x40
 8000e94:	b143      	cbz	r3, 8000ea8 <HAL_ADC_Init+0x1c>
  if (HAL_IS_BIT_CLR(hadc->State, HAL_ADC_STATE_ERROR_INTERNAL))
 8000e96:	6c23      	ldr	r3, [r4, #64]	@ 0x40
 8000e98:	f013 0f10 	tst.w	r3, #16
 8000e9c:	d00b      	beq.n	8000eb6 <HAL_ADC_Init+0x2a>
    tmp_hal_status = HAL_ERROR;
 8000e9e:	2001      	movs	r0, #1
  __HAL_UNLOCK(hadc);
 8000ea0:	2300      	movs	r3, #0
 8000ea2:	f884 303c 	strb.w	r3, [r4, #60]	@ 0x3c
}
 8000ea6:	bd10      	pop	{r4, pc}
    HAL_ADC_MspInit(hadc);
 8000ea8:	f001 f848 	bl	8001f3c <HAL_ADC_MspInit>
    ADC_CLEAR_ERRORCODE(hadc);
 8000eac:	2300      	movs	r3, #0
 8000eae:	6463      	str	r3, [r4, #68]	@ 0x44
    hadc->Lock = HAL_UNLOCKED;
 8000eb0:	f884 303c 	strb.w	r3, [r4, #60]	@ 0x3c
 8000eb4:	e7ef      	b.n	8000e96 <HAL_ADC_Init+0xa>
    ADC_STATE_CLR_SET(hadc->State,
 8000eb6:	6c23      	ldr	r3, [r4, #64]	@ 0x40
 8000eb8:	f423 5388 	bic.w	r3, r3, #4352	@ 0x1100
 8000ebc:	f023 0302 	bic.w	r3, r3, #2
 8000ec0:	f043 0302 	orr.w	r3, r3, #2
 8000ec4:	6423      	str	r3, [r4, #64]	@ 0x40
    ADC_Init(hadc);
 8000ec6:	4620      	mov	r0, r4
 8000ec8:	f7ff ff46 	bl	8000d58 <ADC_Init>
    ADC_CLEAR_ERRORCODE(hadc);
 8000ecc:	2000      	movs	r0, #0
 8000ece:	6460      	str	r0, [r4, #68]	@ 0x44
    ADC_STATE_CLR_SET(hadc->State,
 8000ed0:	6c23      	ldr	r3, [r4, #64]	@ 0x40
 8000ed2:	f023 0303 	bic.w	r3, r3, #3
 8000ed6:	f043 0301 	orr.w	r3, r3, #1
 8000eda:	6423      	str	r3, [r4, #64]	@ 0x40
 8000edc:	e7e0      	b.n	8000ea0 <HAL_ADC_Init+0x14>
    return HAL_ERROR;
 8000ede:	2001      	movs	r0, #1
}
 8000ee0:	4770      	bx	lr
	...

08000ee4 <HAL_ADC_Start_DMA>:
{
 8000ee4:	b510      	push	{r4, lr}
 8000ee6:	b082      	sub	sp, #8
 8000ee8:	4613      	mov	r3, r2
  __IO uint32_t counter = 0U;
 8000eea:	2200      	movs	r2, #0
 8000eec:	9201      	str	r2, [sp, #4]
  __HAL_LOCK(hadc);
 8000eee:	f890 203c 	ldrb.w	r2, [r0, #60]	@ 0x3c
 8000ef2:	2a01      	cmp	r2, #1
 8000ef4:	f000 80ae 	beq.w	8001054 <HAL_ADC_Start_DMA+0x170>
 8000ef8:	4604      	mov	r4, r0
 8000efa:	2201      	movs	r2, #1
 8000efc:	f880 203c 	strb.w	r2, [r0, #60]	@ 0x3c
  if((hadc->Instance->CR2 & ADC_CR2_ADON) != ADC_CR2_ADON)
 8000f00:	6802      	ldr	r2, [r0, #0]
 8000f02:	6890      	ldr	r0, [r2, #8]
 8000f04:	f010 0f01 	tst.w	r0, #1
 8000f08:	d113      	bne.n	8000f32 <HAL_ADC_Start_DMA+0x4e>
    __HAL_ADC_ENABLE(hadc);
 8000f0a:	6890      	ldr	r0, [r2, #8]
 8000f0c:	f040 0001 	orr.w	r0, r0, #1
 8000f10:	6090      	str	r0, [r2, #8]
    counter = (ADC_STAB_DELAY_US * (SystemCoreClock / 1000000U));
 8000f12:	4a53      	ldr	r2, [pc, #332]	@ (8001060 <HAL_ADC_Start_DMA+0x17c>)
 8000f14:	6810      	ldr	r0, [r2, #0]
 8000f16:	4a53      	ldr	r2, [pc, #332]	@ (8001064 <HAL_ADC_Start_DMA+0x180>)
 8000f18:	fba2 2000 	umull	r2, r0, r2, r0
 8000f1c:	0c80      	lsrs	r0, r0, #18
 8000f1e:	eb00 0040 	add.w	r0, r0, r0, lsl #1
 8000f22:	9001      	str	r0, [sp, #4]
    while(counter != 0U)
 8000f24:	e002      	b.n	8000f2c <HAL_ADC_Start_DMA+0x48>
      counter--;
 8000f26:	9801      	ldr	r0, [sp, #4]
 8000f28:	3801      	subs	r0, #1
 8000f2a:	9001      	str	r0, [sp, #4]
    while(counter != 0U)
 8000f2c:	9801      	ldr	r0, [sp, #4]
 8000f2e:	2800      	cmp	r0, #0
 8000f30:	d1f9      	bne.n	8000f26 <HAL_ADC_Start_DMA+0x42>
  if((hadc->Instance->CR2 & ADC_CR2_DMA) == ADC_CR2_DMA)
 8000f32:	6822      	ldr	r2, [r4, #0]
 8000f34:	6890      	ldr	r0, [r2, #8]
 8000f36:	f410 7f80 	tst.w	r0, #256	@ 0x100
 8000f3a:	d003      	beq.n	8000f44 <HAL_ADC_Start_DMA+0x60>
    CLEAR_BIT(hadc->Instance->CR2, ADC_CR2_DMA);
 8000f3c:	6890      	ldr	r0, [r2, #8]
 8000f3e:	f420 7080 	bic.w	r0, r0, #256	@ 0x100
 8000f42:	6090      	str	r0, [r2, #8]
  if(HAL_IS_BIT_SET(hadc->Instance->CR2, ADC_CR2_ADON))
 8000f44:	6822      	ldr	r2, [r4, #0]
 8000f46:	6890      	ldr	r0, [r2, #8]
 8000f48:	f010 0f01 	tst.w	r0, #1
 8000f4c:	d077      	beq.n	800103e <HAL_ADC_Start_DMA+0x15a>
    ADC_STATE_CLR_SET(hadc->State,
 8000f4e:	6c20      	ldr	r0, [r4, #64]	@ 0x40
 8000f50:	f420 60e0 	bic.w	r0, r0, #1792	@ 0x700
 8000f54:	f020 0001 	bic.w	r0, r0, #1
 8000f58:	f440 7080 	orr.w	r0, r0, #256	@ 0x100
 8000f5c:	6420      	str	r0, [r4, #64]	@ 0x40
    if (READ_BIT(hadc->Instance->CR1, ADC_CR1_JAUTO) != RESET)
 8000f5e:	6852      	ldr	r2, [r2, #4]
 8000f60:	f412 6f80 	tst.w	r2, #1024	@ 0x400
 8000f64:	d005      	beq.n	8000f72 <HAL_ADC_Start_DMA+0x8e>
      ADC_STATE_CLR_SET(hadc->State, HAL_ADC_STATE_INJ_EOC, HAL_ADC_STATE_INJ_BUSY);  
 8000f66:	6c22      	ldr	r2, [r4, #64]	@ 0x40
 8000f68:	f422 5240 	bic.w	r2, r2, #12288	@ 0x3000
 8000f6c:	f442 5280 	orr.w	r2, r2, #4096	@ 0x1000
 8000f70:	6422      	str	r2, [r4, #64]	@ 0x40
    if (HAL_IS_BIT_SET(hadc->State, HAL_ADC_STATE_INJ_BUSY))
 8000f72:	6c22      	ldr	r2, [r4, #64]	@ 0x40
 8000f74:	f412 5f80 	tst.w	r2, #4096	@ 0x1000
 8000f78:	d036      	beq.n	8000fe8 <HAL_ADC_Start_DMA+0x104>
      CLEAR_BIT(hadc->ErrorCode, (HAL_ADC_ERROR_OVR | HAL_ADC_ERROR_DMA));         
 8000f7a:	6c62      	ldr	r2, [r4, #68]	@ 0x44
 8000f7c:	f022 0206 	bic.w	r2, r2, #6
 8000f80:	6462      	str	r2, [r4, #68]	@ 0x44
    __HAL_UNLOCK(hadc);   
 8000f82:	2200      	movs	r2, #0
 8000f84:	f884 203c 	strb.w	r2, [r4, #60]	@ 0x3c
    hadc->DMA_Handle->XferCpltCallback = ADC_DMAConvCplt;
 8000f88:	6ba2      	ldr	r2, [r4, #56]	@ 0x38
 8000f8a:	4837      	ldr	r0, [pc, #220]	@ (8001068 <HAL_ADC_Start_DMA+0x184>)
 8000f8c:	63d0      	str	r0, [r2, #60]	@ 0x3c
    hadc->DMA_Handle->XferHalfCpltCallback = ADC_DMAHalfConvCplt;
 8000f8e:	6ba2      	ldr	r2, [r4, #56]	@ 0x38
 8000f90:	4836      	ldr	r0, [pc, #216]	@ (800106c <HAL_ADC_Start_DMA+0x188>)
 8000f92:	6410      	str	r0, [r2, #64]	@ 0x40
    hadc->DMA_Handle->XferErrorCallback = ADC_DMAError;
 8000f94:	6ba2      	ldr	r2, [r4, #56]	@ 0x38
 8000f96:	4836      	ldr	r0, [pc, #216]	@ (8001070 <HAL_ADC_Start_DMA+0x18c>)
 8000f98:	64d0      	str	r0, [r2, #76]	@ 0x4c
    __HAL_ADC_CLEAR_FLAG(hadc, ADC_FLAG_EOC | ADC_FLAG_OVR);
 8000f9a:	6822      	ldr	r2, [r4, #0]
 8000f9c:	f06f 0022 	mvn.w	r0, #34	@ 0x22
 8000fa0:	6010      	str	r0, [r2, #0]
    __HAL_ADC_ENABLE_IT(hadc, ADC_IT_OVR);
 8000fa2:	6820      	ldr	r0, [r4, #0]
 8000fa4:	6842      	ldr	r2, [r0, #4]
 8000fa6:	f042 6280 	orr.w	r2, r2, #67108864	@ 0x4000000
 8000faa:	6042      	str	r2, [r0, #4]
    hadc->Instance->CR2 |= ADC_CR2_DMA;
 8000fac:	6820      	ldr	r0, [r4, #0]
 8000fae:	6882      	ldr	r2, [r0, #8]
 8000fb0:	f442 7280 	orr.w	r2, r2, #256	@ 0x100
 8000fb4:	6082      	str	r2, [r0, #8]
    HAL_DMA_Start_IT(hadc->DMA_Handle, (uint32_t)&hadc->Instance->DR, (uint32_t)pData, Length);
 8000fb6:	6820      	ldr	r0, [r4, #0]
 8000fb8:	460a      	mov	r2, r1
 8000fba:	f100 014c 	add.w	r1, r0, #76	@ 0x4c
 8000fbe:	6ba0      	ldr	r0, [r4, #56]	@ 0x38
 8000fc0:	f000 fd10 	bl	80019e4 <HAL_DMA_Start_IT>
    if(HAL_IS_BIT_CLR(tmpADC_Common->CCR, ADC_CCR_MULTI))
 8000fc4:	4b2b      	ldr	r3, [pc, #172]	@ (8001074 <HAL_ADC_Start_DMA+0x190>)
 8000fc6:	685b      	ldr	r3, [r3, #4]
 8000fc8:	f013 0f1f 	tst.w	r3, #31
 8000fcc:	d127      	bne.n	800101e <HAL_ADC_Start_DMA+0x13a>
      if((hadc->Instance == ADC1) || ((hadc->Instance == ADC2) && ((ADC->CCR & ADC_CCR_MULTI_Msk) < ADC_CCR_MULTI_0)) \
 8000fce:	6823      	ldr	r3, [r4, #0]
 8000fd0:	4a29      	ldr	r2, [pc, #164]	@ (8001078 <HAL_ADC_Start_DMA+0x194>)
 8000fd2:	4293      	cmp	r3, r2
 8000fd4:	d011      	beq.n	8000ffa <HAL_ADC_Start_DMA+0x116>
 8000fd6:	f502 7280 	add.w	r2, r2, #256	@ 0x100
 8000fda:	4293      	cmp	r3, r2
 8000fdc:	d007      	beq.n	8000fee <HAL_ADC_Start_DMA+0x10a>
                                  || ((hadc->Instance == ADC3) && ((ADC->CCR & ADC_CCR_MULTI_Msk) < ADC_CCR_MULTI_4)))
 8000fde:	4a27      	ldr	r2, [pc, #156]	@ (800107c <HAL_ADC_Start_DMA+0x198>)
 8000fe0:	4293      	cmp	r3, r2
 8000fe2:	d014      	beq.n	800100e <HAL_ADC_Start_DMA+0x12a>
  return HAL_OK;
 8000fe4:	2000      	movs	r0, #0
 8000fe6:	e033      	b.n	8001050 <HAL_ADC_Start_DMA+0x16c>
      ADC_CLEAR_ERRORCODE(hadc);
 8000fe8:	2200      	movs	r2, #0
 8000fea:	6462      	str	r2, [r4, #68]	@ 0x44
 8000fec:	e7c9      	b.n	8000f82 <HAL_ADC_Start_DMA+0x9e>
      if((hadc->Instance == ADC1) || ((hadc->Instance == ADC2) && ((ADC->CCR & ADC_CCR_MULTI_Msk) < ADC_CCR_MULTI_0)) \
 8000fee:	f502 7200 	add.w	r2, r2, #512	@ 0x200
 8000ff2:	6852      	ldr	r2, [r2, #4]
 8000ff4:	f012 0f1f 	tst.w	r2, #31
 8000ff8:	d1f1      	bne.n	8000fde <HAL_ADC_Start_DMA+0xfa>
        if((hadc->Instance->CR2 & ADC_CR2_EXTEN) == RESET) 
 8000ffa:	689a      	ldr	r2, [r3, #8]
 8000ffc:	f012 5f40 	tst.w	r2, #805306368	@ 0x30000000
 8001000:	d12a      	bne.n	8001058 <HAL_ADC_Start_DMA+0x174>
          hadc->Instance->CR2 |= (uint32_t)ADC_CR2_SWSTART;
 8001002:	689a      	ldr	r2, [r3, #8]
 8001004:	f042 4280 	orr.w	r2, r2, #1073741824	@ 0x40000000
 8001008:	609a      	str	r2, [r3, #8]
  return HAL_OK;
 800100a:	2000      	movs	r0, #0
 800100c:	e020      	b.n	8001050 <HAL_ADC_Start_DMA+0x16c>
                                  || ((hadc->Instance == ADC3) && ((ADC->CCR & ADC_CCR_MULTI_Msk) < ADC_CCR_MULTI_4)))
 800100e:	f502 7280 	add.w	r2, r2, #256	@ 0x100
 8001012:	6852      	ldr	r2, [r2, #4]
 8001014:	f012 0f10 	tst.w	r2, #16
 8001018:	d0ef      	beq.n	8000ffa <HAL_ADC_Start_DMA+0x116>
  return HAL_OK;
 800101a:	2000      	movs	r0, #0
 800101c:	e018      	b.n	8001050 <HAL_ADC_Start_DMA+0x16c>
      if((hadc->Instance == ADC1) && ((hadc->Instance->CR2 & ADC_CR2_EXTEN) == RESET))
 800101e:	6823      	ldr	r3, [r4, #0]
 8001020:	4a15      	ldr	r2, [pc, #84]	@ (8001078 <HAL_ADC_Start_DMA+0x194>)
 8001022:	4293      	cmp	r3, r2
 8001024:	d001      	beq.n	800102a <HAL_ADC_Start_DMA+0x146>
  return HAL_OK;
 8001026:	2000      	movs	r0, #0
 8001028:	e012      	b.n	8001050 <HAL_ADC_Start_DMA+0x16c>
      if((hadc->Instance == ADC1) && ((hadc->Instance->CR2 & ADC_CR2_EXTEN) == RESET))
 800102a:	689a      	ldr	r2, [r3, #8]
 800102c:	f012 5f40 	tst.w	r2, #805306368	@ 0x30000000
 8001030:	d114      	bne.n	800105c <HAL_ADC_Start_DMA+0x178>
          hadc->Instance->CR2 |= (uint32_t)ADC_CR2_SWSTART;
 8001032:	689a      	ldr	r2, [r3, #8]
 8001034:	f042 4280 	orr.w	r2, r2, #1073741824	@ 0x40000000
 8001038:	609a      	str	r2, [r3, #8]
  return HAL_OK;
 800103a:	2000      	movs	r0, #0
 800103c:	e008      	b.n	8001050 <HAL_ADC_Start_DMA+0x16c>
    SET_BIT(hadc->State, HAL_ADC_STATE_ERROR_INTERNAL);
 800103e:	6c23      	ldr	r3, [r4, #64]	@ 0x40
 8001040:	f043 0310 	orr.w	r3, r3, #16
 8001044:	6423      	str	r3, [r4, #64]	@ 0x40
    SET_BIT(hadc->ErrorCode, HAL_ADC_ERROR_INTERNAL);
 8001046:	6c63      	ldr	r3, [r4, #68]	@ 0x44
 8001048:	f043 0301 	orr.w	r3, r3, #1
 800104c:	6463      	str	r3, [r4, #68]	@ 0x44
  return HAL_OK;
 800104e:	2000      	movs	r0, #0
}
 8001050:	b002      	add	sp, #8
 8001052:	bd10      	pop	{r4, pc}
  __HAL_LOCK(hadc);
 8001054:	2002      	movs	r0, #2
 8001056:	e7fb      	b.n	8001050 <HAL_ADC_Start_DMA+0x16c>
  return HAL_OK;
 8001058:	2000      	movs	r0, #0
 800105a:	e7f9      	b.n	8001050 <HAL_ADC_Start_DMA+0x16c>
 800105c:	2000      	movs	r0, #0
 800105e:	e7f7      	b.n	8001050 <HAL_ADC_Start_DMA+0x16c>
 8001060:	2000000c 	.word	0x2000000c
 8001064:	431bde83 	.word	0x431bde83
 8001068:	0800125d 	.word	0x0800125d
 800106c:	080010f7 	.word	0x080010f7
 8001070:	08001247 	.word	0x08001247
 8001074:	40012300 	.word	0x40012300
 8001078:	40012000 	.word	0x40012000
 800107c:	40012200 	.word	0x40012200

08001080 <HAL_ADC_Stop_DMA>:
  __HAL_LOCK(hadc);
 8001080:	f890 303c 	ldrb.w	r3, [r0, #60]	@ 0x3c
 8001084:	2b01      	cmp	r3, #1
 8001086:	d034      	beq.n	80010f2 <HAL_ADC_Stop_DMA+0x72>
{
 8001088:	b510      	push	{r4, lr}
 800108a:	4604      	mov	r4, r0
  __HAL_LOCK(hadc);
 800108c:	2301      	movs	r3, #1
 800108e:	f880 303c 	strb.w	r3, [r0, #60]	@ 0x3c
  __HAL_ADC_DISABLE(hadc);
 8001092:	6802      	ldr	r2, [r0, #0]
 8001094:	6893      	ldr	r3, [r2, #8]
 8001096:	f023 0301 	bic.w	r3, r3, #1
 800109a:	6093      	str	r3, [r2, #8]
  if(HAL_IS_BIT_CLR(hadc->Instance->CR2, ADC_CR2_ADON))
 800109c:	6803      	ldr	r3, [r0, #0]
 800109e:	689a      	ldr	r2, [r3, #8]
 80010a0:	f012 0f01 	tst.w	r2, #1
 80010a4:	d123      	bne.n	80010ee <HAL_ADC_Stop_DMA+0x6e>
    hadc->Instance->CR2 &= ~ADC_CR2_DMA;
 80010a6:	689a      	ldr	r2, [r3, #8]
 80010a8:	f422 7280 	bic.w	r2, r2, #256	@ 0x100
 80010ac:	609a      	str	r2, [r3, #8]
    if (hadc->DMA_Handle->State == HAL_DMA_STATE_BUSY)
 80010ae:	6b80      	ldr	r0, [r0, #56]	@ 0x38
 80010b0:	f890 3035 	ldrb.w	r3, [r0, #53]	@ 0x35
 80010b4:	2b02      	cmp	r3, #2
 80010b6:	d011      	beq.n	80010dc <HAL_ADC_Stop_DMA+0x5c>
  HAL_StatusTypeDef tmp_hal_status = HAL_OK;
 80010b8:	2000      	movs	r0, #0
    __HAL_ADC_DISABLE_IT(hadc, ADC_IT_OVR);
 80010ba:	6822      	ldr	r2, [r4, #0]
 80010bc:	6853      	ldr	r3, [r2, #4]
 80010be:	f023 6380 	bic.w	r3, r3, #67108864	@ 0x4000000
 80010c2:	6053      	str	r3, [r2, #4]
    ADC_STATE_CLR_SET(hadc->State,
 80010c4:	6c23      	ldr	r3, [r4, #64]	@ 0x40
 80010c6:	f423 5388 	bic.w	r3, r3, #4352	@ 0x1100
 80010ca:	f023 0301 	bic.w	r3, r3, #1
 80010ce:	f043 0301 	orr.w	r3, r3, #1
 80010d2:	6423      	str	r3, [r4, #64]	@ 0x40
  __HAL_UNLOCK(hadc);
 80010d4:	2300      	movs	r3, #0
 80010d6:	f884 303c 	strb.w	r3, [r4, #60]	@ 0x3c
}
 80010da:	bd10      	pop	{r4, pc}
      tmp_hal_status = HAL_DMA_Abort(hadc->DMA_Handle);
 80010dc:	f000 fcb6 	bl	8001a4c <HAL_DMA_Abort>
      if (tmp_hal_status != HAL_OK)
 80010e0:	2800      	cmp	r0, #0
 80010e2:	d0ea      	beq.n	80010ba <HAL_ADC_Stop_DMA+0x3a>
        SET_BIT(hadc->State, HAL_ADC_STATE_ERROR_DMA);
 80010e4:	6c23      	ldr	r3, [r4, #64]	@ 0x40
 80010e6:	f043 0340 	orr.w	r3, r3, #64	@ 0x40
 80010ea:	6423      	str	r3, [r4, #64]	@ 0x40
 80010ec:	e7e5      	b.n	80010ba <HAL_ADC_Stop_DMA+0x3a>
  HAL_StatusTypeDef tmp_hal_status = HAL_OK;
 80010ee:	2000      	movs	r0, #0
 80010f0:	e7f0      	b.n	80010d4 <HAL_ADC_Stop_DMA+0x54>
  __HAL_LOCK(hadc);
 80010f2:	2002      	movs	r0, #2
}
 80010f4:	4770      	bx	lr

080010f6 <ADC_DMAHalfConvCplt>:
  * @param  hdma pointer to a DMA_HandleTypeDef structure that contains
  *                the configuration information for the specified DMA module.
  * @retval None
  */
static void ADC_DMAHalfConvCplt(DMA_HandleTypeDef *hdma)   
{
 80010f6:	b508      	push	{r3, lr}
  ADC_HandleTypeDef* hadc = ( ADC_HandleTypeDef* )((DMA_HandleTypeDef* )hdma)->Parent;
   /* Half conversion callback */
#if (USE_HAL_ADC_REGISTER_CALLBACKS == 1)
  hadc->ConvHalfCpltCallback(hadc);
#else
  HAL_ADC_ConvHalfCpltCallback(hadc);
 80010f8:	6b80      	ldr	r0, [r0, #56]	@ 0x38
 80010fa:	f7ff fd99 	bl	8000c30 <HAL_ADC_ConvHalfCpltCallback>
#endif /* USE_HAL_ADC_REGISTER_CALLBACKS */
}
 80010fe:	bd08      	pop	{r3, pc}

08001100 <HAL_ADC_LevelOutOfWindowCallback>:
}
 8001100:	4770      	bx	lr

08001102 <HAL_ADC_ErrorCallback>:
}
 8001102:	4770      	bx	lr

08001104 <HAL_ADC_IRQHandler>:
{
 8001104:	b570      	push	{r4, r5, r6, lr}
 8001106:	4604      	mov	r4, r0
  uint32_t tmp_sr = hadc->Instance->SR;
 8001108:	6803      	ldr	r3, [r0, #0]
 800110a:	681e      	ldr	r6, [r3, #0]
  uint32_t tmp_cr1 = hadc->Instance->CR1;
 800110c:	685d      	ldr	r5, [r3, #4]
  if(tmp1 && tmp2)
 800110e:	f016 0f02 	tst.w	r6, #2
 8001112:	d02f      	beq.n	8001174 <HAL_ADC_IRQHandler+0x70>
 8001114:	f005 0220 	and.w	r2, r5, #32
 8001118:	b362      	cbz	r2, 8001174 <HAL_ADC_IRQHandler+0x70>
    if (HAL_IS_BIT_CLR(hadc->State, HAL_ADC_STATE_ERROR_INTERNAL))
 800111a:	6c02      	ldr	r2, [r0, #64]	@ 0x40
 800111c:	f012 0f10 	tst.w	r2, #16
 8001120:	d103      	bne.n	800112a <HAL_ADC_IRQHandler+0x26>
      SET_BIT(hadc->State, HAL_ADC_STATE_REG_EOC); 
 8001122:	6c02      	ldr	r2, [r0, #64]	@ 0x40
 8001124:	f442 7200 	orr.w	r2, r2, #512	@ 0x200
 8001128:	6402      	str	r2, [r0, #64]	@ 0x40
    if(ADC_IS_SOFTWARE_START_REGULAR(hadc)                   &&
 800112a:	689a      	ldr	r2, [r3, #8]
 800112c:	f012 5f40 	tst.w	r2, #805306368	@ 0x30000000
 8001130:	d119      	bne.n	8001166 <HAL_ADC_IRQHandler+0x62>
       (hadc->Init.ContinuousConvMode == DISABLE)            &&
 8001132:	7e22      	ldrb	r2, [r4, #24]
    if(ADC_IS_SOFTWARE_START_REGULAR(hadc)                   &&
 8001134:	b9ba      	cbnz	r2, 8001166 <HAL_ADC_IRQHandler+0x62>
       (HAL_IS_BIT_CLR(hadc->Instance->SQR1, ADC_SQR1_L) || 
 8001136:	6ada      	ldr	r2, [r3, #44]	@ 0x2c
       (hadc->Init.ContinuousConvMode == DISABLE)            &&
 8001138:	f412 0f70 	tst.w	r2, #15728640	@ 0xf00000
 800113c:	d003      	beq.n	8001146 <HAL_ADC_IRQHandler+0x42>
        HAL_IS_BIT_CLR(hadc->Instance->CR2, ADC_CR2_EOCS)  )   )
 800113e:	689a      	ldr	r2, [r3, #8]
       (HAL_IS_BIT_CLR(hadc->Instance->SQR1, ADC_SQR1_L) || 
 8001140:	f412 6f80 	tst.w	r2, #1024	@ 0x400
 8001144:	d10f      	bne.n	8001166 <HAL_ADC_IRQHandler+0x62>
      __HAL_ADC_DISABLE_IT(hadc, ADC_IT_EOC);
 8001146:	685a      	ldr	r2, [r3, #4]
 8001148:	f022 0220 	bic.w	r2, r2, #32
 800114c:	605a      	str	r2, [r3, #4]
      CLEAR_BIT(hadc->State, HAL_ADC_STATE_REG_BUSY);
 800114e:	6c23      	ldr	r3, [r4, #64]	@ 0x40
 8001150:	f423 7380 	bic.w	r3, r3, #256	@ 0x100
 8001154:	6423      	str	r3, [r4, #64]	@ 0x40
      if (HAL_IS_BIT_CLR(hadc->State, HAL_ADC_STATE_INJ_BUSY))
 8001156:	6c23      	ldr	r3, [r4, #64]	@ 0x40
 8001158:	f413 5f80 	tst.w	r3, #4096	@ 0x1000
 800115c:	d103      	bne.n	8001166 <HAL_ADC_IRQHandler+0x62>
        SET_BIT(hadc->State, HAL_ADC_STATE_READY);
 800115e:	6c23      	ldr	r3, [r4, #64]	@ 0x40
 8001160:	f043 0301 	orr.w	r3, r3, #1
 8001164:	6423      	str	r3, [r4, #64]	@ 0x40
    HAL_ADC_ConvCpltCallback(hadc);
 8001166:	4620      	mov	r0, r4
 8001168:	f7ff fd6e 	bl	8000c48 <HAL_ADC_ConvCpltCallback>
    __HAL_ADC_CLEAR_FLAG(hadc, ADC_FLAG_STRT | ADC_FLAG_EOC);
 800116c:	6823      	ldr	r3, [r4, #0]
 800116e:	f06f 0212 	mvn.w	r2, #18
 8001172:	601a      	str	r2, [r3, #0]
  tmp2 = tmp_cr1 & ADC_IT_JEOC;
 8001174:	f005 0380 	and.w	r3, r5, #128	@ 0x80
  if(tmp1 && tmp2)
 8001178:	f016 0f04 	tst.w	r6, #4
 800117c:	d037      	beq.n	80011ee <HAL_ADC_IRQHandler+0xea>
 800117e:	2b00      	cmp	r3, #0
 8001180:	d035      	beq.n	80011ee <HAL_ADC_IRQHandler+0xea>
    if (HAL_IS_BIT_CLR(hadc->State, HAL_ADC_STATE_ERROR_INTERNAL))
 8001182:	6c23      	ldr	r3, [r4, #64]	@ 0x40
 8001184:	f013 0f10 	tst.w	r3, #16
 8001188:	d103      	bne.n	8001192 <HAL_ADC_IRQHandler+0x8e>
      SET_BIT(hadc->State, HAL_ADC_STATE_INJ_EOC);
 800118a:	6c23      	ldr	r3, [r4, #64]	@ 0x40
 800118c:	f443 5300 	orr.w	r3, r3, #8192	@ 0x2000
 8001190:	6423      	str	r3, [r4, #64]	@ 0x40
    if(ADC_IS_SOFTWARE_START_INJECTED(hadc)                    &&
 8001192:	6823      	ldr	r3, [r4, #0]
 8001194:	689a      	ldr	r2, [r3, #8]
 8001196:	f412 1f40 	tst.w	r2, #3145728	@ 0x300000
 800119a:	d121      	bne.n	80011e0 <HAL_ADC_IRQHandler+0xdc>
       (HAL_IS_BIT_CLR(hadc->Instance->JSQR, ADC_JSQR_JL)  ||
 800119c:	6b9a      	ldr	r2, [r3, #56]	@ 0x38
    if(ADC_IS_SOFTWARE_START_INJECTED(hadc)                    &&
 800119e:	f412 1f40 	tst.w	r2, #3145728	@ 0x300000
 80011a2:	d003      	beq.n	80011ac <HAL_ADC_IRQHandler+0xa8>
        HAL_IS_BIT_CLR(hadc->Instance->CR2, ADC_CR2_EOCS)    ) &&
 80011a4:	689a      	ldr	r2, [r3, #8]
       (HAL_IS_BIT_CLR(hadc->Instance->JSQR, ADC_JSQR_JL)  ||
 80011a6:	f412 6f80 	tst.w	r2, #1024	@ 0x400
 80011aa:	d119      	bne.n	80011e0 <HAL_ADC_IRQHandler+0xdc>
       (HAL_IS_BIT_CLR(hadc->Instance->CR1, ADC_CR1_JAUTO) &&
 80011ac:	685a      	ldr	r2, [r3, #4]
        HAL_IS_BIT_CLR(hadc->Instance->CR2, ADC_CR2_EOCS)    ) &&
 80011ae:	f412 6f80 	tst.w	r2, #1024	@ 0x400
 80011b2:	d115      	bne.n	80011e0 <HAL_ADC_IRQHandler+0xdc>
        (ADC_IS_SOFTWARE_START_REGULAR(hadc)       &&
 80011b4:	689a      	ldr	r2, [r3, #8]
       (HAL_IS_BIT_CLR(hadc->Instance->CR1, ADC_CR1_JAUTO) &&
 80011b6:	f012 5f40 	tst.w	r2, #805306368	@ 0x30000000
 80011ba:	d111      	bne.n	80011e0 <HAL_ADC_IRQHandler+0xdc>
        (hadc->Init.ContinuousConvMode == DISABLE)   )       )   )
 80011bc:	7e22      	ldrb	r2, [r4, #24]
        (ADC_IS_SOFTWARE_START_REGULAR(hadc)       &&
 80011be:	b97a      	cbnz	r2, 80011e0 <HAL_ADC_IRQHandler+0xdc>
      __HAL_ADC_DISABLE_IT(hadc, ADC_IT_JEOC);
 80011c0:	685a      	ldr	r2, [r3, #4]
 80011c2:	f022 0280 	bic.w	r2, r2, #128	@ 0x80
 80011c6:	605a      	str	r2, [r3, #4]
      CLEAR_BIT(hadc->State, HAL_ADC_STATE_INJ_BUSY);   
 80011c8:	6c23      	ldr	r3, [r4, #64]	@ 0x40
 80011ca:	f423 5380 	bic.w	r3, r3, #4096	@ 0x1000
 80011ce:	6423      	str	r3, [r4, #64]	@ 0x40
      if (HAL_IS_BIT_CLR(hadc->State, HAL_ADC_STATE_REG_BUSY))
 80011d0:	6c23      	ldr	r3, [r4, #64]	@ 0x40
 80011d2:	f413 7f80 	tst.w	r3, #256	@ 0x100
 80011d6:	d103      	bne.n	80011e0 <HAL_ADC_IRQHandler+0xdc>
        SET_BIT(hadc->State, HAL_ADC_STATE_READY);
 80011d8:	6c23      	ldr	r3, [r4, #64]	@ 0x40
 80011da:	f043 0301 	orr.w	r3, r3, #1
 80011de:	6423      	str	r3, [r4, #64]	@ 0x40
      HAL_ADCEx_InjectedConvCpltCallback(hadc);
 80011e0:	4620      	mov	r0, r4
 80011e2:	f000 f94b 	bl	800147c <HAL_ADCEx_InjectedConvCpltCallback>
    __HAL_ADC_CLEAR_FLAG(hadc, (ADC_FLAG_JSTRT | ADC_FLAG_JEOC));
 80011e6:	6823      	ldr	r3, [r4, #0]
 80011e8:	f06f 020c 	mvn.w	r2, #12
 80011ec:	601a      	str	r2, [r3, #0]
  tmp2 = tmp_cr1 & ADC_IT_AWD;
 80011ee:	f005 0340 	and.w	r3, r5, #64	@ 0x40
  if(tmp1 && tmp2)
 80011f2:	f016 0f01 	tst.w	r6, #1
 80011f6:	d005      	beq.n	8001204 <HAL_ADC_IRQHandler+0x100>
 80011f8:	b123      	cbz	r3, 8001204 <HAL_ADC_IRQHandler+0x100>
    if(__HAL_ADC_GET_FLAG(hadc, ADC_FLAG_AWD))
 80011fa:	6823      	ldr	r3, [r4, #0]
 80011fc:	681b      	ldr	r3, [r3, #0]
 80011fe:	f013 0f01 	tst.w	r3, #1
 8001202:	d106      	bne.n	8001212 <HAL_ADC_IRQHandler+0x10e>
  tmp2 = tmp_cr1 & ADC_IT_OVR;
 8001204:	f005 6580 	and.w	r5, r5, #67108864	@ 0x4000000
  if(tmp1 && tmp2)
 8001208:	f016 0f20 	tst.w	r6, #32
 800120c:	d000      	beq.n	8001210 <HAL_ADC_IRQHandler+0x10c>
 800120e:	b965      	cbnz	r5, 800122a <HAL_ADC_IRQHandler+0x126>
}
 8001210:	bd70      	pop	{r4, r5, r6, pc}
      SET_BIT(hadc->State, HAL_ADC_STATE_AWD1);
 8001212:	6c23      	ldr	r3, [r4, #64]	@ 0x40
 8001214:	f443 3380 	orr.w	r3, r3, #65536	@ 0x10000
 8001218:	6423      	str	r3, [r4, #64]	@ 0x40
      HAL_ADC_LevelOutOfWindowCallback(hadc);
 800121a:	4620      	mov	r0, r4
 800121c:	f7ff ff70 	bl	8001100 <HAL_ADC_LevelOutOfWindowCallback>
      __HAL_ADC_CLEAR_FLAG(hadc, ADC_FLAG_AWD);
 8001220:	6823      	ldr	r3, [r4, #0]
 8001222:	f06f 0201 	mvn.w	r2, #1
 8001226:	601a      	str	r2, [r3, #0]
 8001228:	e7ec      	b.n	8001204 <HAL_ADC_IRQHandler+0x100>
    SET_BIT(hadc->ErrorCode, HAL_ADC_ERROR_OVR);
 800122a:	6c63      	ldr	r3, [r4, #68]	@ 0x44
 800122c:	f043 0302 	orr.w	r3, r3, #2
 8001230:	6463      	str	r3, [r4, #68]	@ 0x44
    __HAL_ADC_CLEAR_FLAG(hadc, ADC_FLAG_OVR);
 8001232:	6823      	ldr	r3, [r4, #0]
 8001234:	f06f 0520 	mvn.w	r5, #32
 8001238:	601d      	str	r5, [r3, #0]
      HAL_ADC_ErrorCallback(hadc);
 800123a:	4620      	mov	r0, r4
 800123c:	f7ff ff61 	bl	8001102 <HAL_ADC_ErrorCallback>
    __HAL_ADC_CLEAR_FLAG(hadc, ADC_FLAG_OVR);
 8001240:	6823      	ldr	r3, [r4, #0]
 8001242:	601d      	str	r5, [r3, #0]
}
 8001244:	e7e4      	b.n	8001210 <HAL_ADC_IRQHandler+0x10c>

08001246 <ADC_DMAError>:
  * @param  hdma pointer to a DMA_HandleTypeDef structure that contains
  *                the configuration information for the specified DMA module.
  * @retval None
  */
static void ADC_DMAError(DMA_HandleTypeDef *hdma)   
{
 8001246:	b508      	push	{r3, lr}
  ADC_HandleTypeDef* hadc = ( ADC_HandleTypeDef* )((DMA_HandleTypeDef* )hdma)->Parent;
 8001248:	6b80      	ldr	r0, [r0, #56]	@ 0x38
  hadc->State= HAL_ADC_STATE_ERROR_DMA;
 800124a:	2340      	movs	r3, #64	@ 0x40
 800124c:	6403      	str	r3, [r0, #64]	@ 0x40
  /* Set ADC error code to DMA error */
  hadc->ErrorCode |= HAL_ADC_ERROR_DMA;
 800124e:	6c43      	ldr	r3, [r0, #68]	@ 0x44
 8001250:	f043 0304 	orr.w	r3, r3, #4
 8001254:	6443      	str	r3, [r0, #68]	@ 0x44
   /* Error callback */
#if (USE_HAL_ADC_REGISTER_CALLBACKS == 1)
  hadc->ErrorCallback(hadc);
#else
  HAL_ADC_ErrorCallback(hadc);
 8001256:	f7ff ff54 	bl	8001102 <HAL_ADC_ErrorCallback>
#endif /* USE_HAL_ADC_REGISTER_CALLBACKS */
}
 800125a:	bd08      	pop	{r3, pc}

0800125c <ADC_DMAConvCplt>:
{
 800125c:	b508      	push	{r3, lr}
 800125e:	4603      	mov	r3, r0
  ADC_HandleTypeDef* hadc = ( ADC_HandleTypeDef* )((DMA_HandleTypeDef* )hdma)->Parent;
 8001260:	6b80      	ldr	r0, [r0, #56]	@ 0x38
  if (HAL_IS_BIT_CLR(hadc->State, HAL_ADC_STATE_ERROR_INTERNAL | HAL_ADC_STATE_ERROR_DMA))
 8001262:	6c02      	ldr	r2, [r0, #64]	@ 0x40
 8001264:	f012 0f50 	tst.w	r2, #80	@ 0x50
 8001268:	d125      	bne.n	80012b6 <ADC_DMAConvCplt+0x5a>
    SET_BIT(hadc->State, HAL_ADC_STATE_REG_EOC);
 800126a:	6c03      	ldr	r3, [r0, #64]	@ 0x40
 800126c:	f443 7300 	orr.w	r3, r3, #512	@ 0x200
 8001270:	6403      	str	r3, [r0, #64]	@ 0x40
    if(ADC_IS_SOFTWARE_START_REGULAR(hadc)                   &&
 8001272:	6803      	ldr	r3, [r0, #0]
 8001274:	689a      	ldr	r2, [r3, #8]
 8001276:	f012 5f40 	tst.w	r2, #805306368	@ 0x30000000
 800127a:	d119      	bne.n	80012b0 <ADC_DMAConvCplt+0x54>
       (hadc->Init.ContinuousConvMode == DISABLE)            &&
 800127c:	7e02      	ldrb	r2, [r0, #24]
    if(ADC_IS_SOFTWARE_START_REGULAR(hadc)                   &&
 800127e:	b9ba      	cbnz	r2, 80012b0 <ADC_DMAConvCplt+0x54>
       (HAL_IS_BIT_CLR(hadc->Instance->SQR1, ADC_SQR1_L) || 
 8001280:	6ada      	ldr	r2, [r3, #44]	@ 0x2c
       (hadc->Init.ContinuousConvMode == DISABLE)            &&
 8001282:	f412 0f70 	tst.w	r2, #15728640	@ 0xf00000
 8001286:	d003      	beq.n	8001290 <ADC_DMAConvCplt+0x34>
        HAL_IS_BIT_CLR(hadc->Instance->CR2, ADC_CR2_EOCS)  )   )
 8001288:	689a      	ldr	r2, [r3, #8]
       (HAL_IS_BIT_CLR(hadc->Instance->SQR1, ADC_SQR1_L) || 
 800128a:	f412 6f80 	tst.w	r2, #1024	@ 0x400
 800128e:	d10f      	bne.n	80012b0 <ADC_DMAConvCplt+0x54>
      __HAL_ADC_DISABLE_IT(hadc, ADC_IT_EOC);
 8001290:	685a      	ldr	r2, [r3, #4]
 8001292:	f022 0220 	bic.w	r2, r2, #32
 8001296:	605a      	str	r2, [r3, #4]
      CLEAR_BIT(hadc->State, HAL_ADC_STATE_REG_BUSY);   
 8001298:	6c03      	ldr	r3, [r0, #64]	@ 0x40
 800129a:	f423 7380 	bic.w	r3, r3, #256	@ 0x100
 800129e:	6403      	str	r3, [r0, #64]	@ 0x40
      if (HAL_IS_BIT_CLR(hadc->State, HAL_ADC_STATE_INJ_BUSY))
 80012a0:	6c03      	ldr	r3, [r0, #64]	@ 0x40
 80012a2:	f413 5f80 	tst.w	r3, #4096	@ 0x1000
 80012a6:	d103      	bne.n	80012b0 <ADC_DMAConvCplt+0x54>
        SET_BIT(hadc->State, HAL_ADC_STATE_READY);
 80012a8:	6c03      	ldr	r3, [r0, #64]	@ 0x40
 80012aa:	f043 0301 	orr.w	r3, r3, #1
 80012ae:	6403      	str	r3, [r0, #64]	@ 0x40
    HAL_ADC_ConvCpltCallback(hadc);
 80012b0:	f7ff fcca 	bl	8000c48 <HAL_ADC_ConvCpltCallback>
}
 80012b4:	bd08      	pop	{r3, pc}
    if ((hadc->State & HAL_ADC_STATE_ERROR_INTERNAL) != 0UL)
 80012b6:	6c02      	ldr	r2, [r0, #64]	@ 0x40
 80012b8:	f012 0f10 	tst.w	r2, #16
 80012bc:	d104      	bne.n	80012c8 <ADC_DMAConvCplt+0x6c>
      hadc->DMA_Handle->XferErrorCallback(hdma);
 80012be:	6b82      	ldr	r2, [r0, #56]	@ 0x38
 80012c0:	6cd2      	ldr	r2, [r2, #76]	@ 0x4c
 80012c2:	4618      	mov	r0, r3
 80012c4:	4790      	blx	r2
}
 80012c6:	e7f5      	b.n	80012b4 <ADC_DMAConvCplt+0x58>
      HAL_ADC_ErrorCallback(hadc);
 80012c8:	f7ff ff1b 	bl	8001102 <HAL_ADC_ErrorCallback>
 80012cc:	e7f2      	b.n	80012b4 <ADC_DMAConvCplt+0x58>
	...

080012d0 <HAL_ADC_ConfigChannel>:
{
 80012d0:	b430      	push	{r4, r5}
 80012d2:	b082      	sub	sp, #8
  __IO uint32_t counter = 0U;
 80012d4:	2200      	movs	r2, #0
 80012d6:	9201      	str	r2, [sp, #4]
  __HAL_LOCK(hadc);
 80012d8:	f890 203c 	ldrb.w	r2, [r0, #60]	@ 0x3c
 80012dc:	2a01      	cmp	r2, #1
 80012de:	f000 80c0 	beq.w	8001462 <HAL_ADC_ConfigChannel+0x192>
 80012e2:	4603      	mov	r3, r0
 80012e4:	2201      	movs	r2, #1
 80012e6:	f880 203c 	strb.w	r2, [r0, #60]	@ 0x3c
  if (sConfig->Channel > ADC_CHANNEL_9)
 80012ea:	680a      	ldr	r2, [r1, #0]
 80012ec:	2a09      	cmp	r2, #9
 80012ee:	d940      	bls.n	8001372 <HAL_ADC_ConfigChannel+0xa2>
    hadc->Instance->SMPR1 &= ~ADC_SMPR1(ADC_SMPR1_SMP10, sConfig->Channel);
 80012f0:	6804      	ldr	r4, [r0, #0]
 80012f2:	68e0      	ldr	r0, [r4, #12]
 80012f4:	b292      	uxth	r2, r2
 80012f6:	eb02 0242 	add.w	r2, r2, r2, lsl #1
 80012fa:	3a1e      	subs	r2, #30
 80012fc:	f04f 0c07 	mov.w	ip, #7
 8001300:	fa0c f202 	lsl.w	r2, ip, r2
 8001304:	ea20 0202 	bic.w	r2, r0, r2
 8001308:	60e2      	str	r2, [r4, #12]
    hadc->Instance->SMPR1 |= ADC_SMPR1(sConfig->SamplingTime, sConfig->Channel);
 800130a:	681c      	ldr	r4, [r3, #0]
 800130c:	68e0      	ldr	r0, [r4, #12]
 800130e:	880a      	ldrh	r2, [r1, #0]
 8001310:	eb02 0242 	add.w	r2, r2, r2, lsl #1
 8001314:	3a1e      	subs	r2, #30
 8001316:	688d      	ldr	r5, [r1, #8]
 8001318:	fa05 f202 	lsl.w	r2, r5, r2
 800131c:	4302      	orrs	r2, r0
 800131e:	60e2      	str	r2, [r4, #12]
  if (sConfig->Rank < 7U)
 8001320:	684a      	ldr	r2, [r1, #4]
 8001322:	2a06      	cmp	r2, #6
 8001324:	d83c      	bhi.n	80013a0 <HAL_ADC_ConfigChannel+0xd0>
    hadc->Instance->SQR3 &= ~ADC_SQR3_RK(ADC_SQR3_SQ1, sConfig->Rank);
 8001326:	681c      	ldr	r4, [r3, #0]
 8001328:	6b60      	ldr	r0, [r4, #52]	@ 0x34
 800132a:	eb02 0282 	add.w	r2, r2, r2, lsl #2
 800132e:	3a05      	subs	r2, #5
 8001330:	f04f 0c1f 	mov.w	ip, #31
 8001334:	fa0c f202 	lsl.w	r2, ip, r2
 8001338:	ea20 0202 	bic.w	r2, r0, r2
 800133c:	6362      	str	r2, [r4, #52]	@ 0x34
    hadc->Instance->SQR3 |= ADC_SQR3_RK(sConfig->Channel, sConfig->Rank);
 800133e:	681c      	ldr	r4, [r3, #0]
 8001340:	6b60      	ldr	r0, [r4, #52]	@ 0x34
 8001342:	684a      	ldr	r2, [r1, #4]
 8001344:	eb02 0282 	add.w	r2, r2, r2, lsl #2
 8001348:	3a05      	subs	r2, #5
 800134a:	f8b1 c000 	ldrh.w	ip, [r1]
 800134e:	fa0c f202 	lsl.w	r2, ip, r2
 8001352:	4302      	orrs	r2, r0
 8001354:	6362      	str	r2, [r4, #52]	@ 0x34
  if ((hadc->Instance == ADC1) && (sConfig->Channel == ADC_CHANNEL_VBAT))
 8001356:	6818      	ldr	r0, [r3, #0]
 8001358:	4a43      	ldr	r2, [pc, #268]	@ (8001468 <HAL_ADC_ConfigChannel+0x198>)
 800135a:	4290      	cmp	r0, r2
 800135c:	d050      	beq.n	8001400 <HAL_ADC_ConfigChannel+0x130>
  if ((hadc->Instance == ADC1) && ((sConfig->Channel == ADC_CHANNEL_TEMPSENSOR) || (sConfig->Channel == ADC_CHANNEL_VREFINT)))
 800135e:	6818      	ldr	r0, [r3, #0]
 8001360:	4a41      	ldr	r2, [pc, #260]	@ (8001468 <HAL_ADC_ConfigChannel+0x198>)
 8001362:	4290      	cmp	r0, r2
 8001364:	d059      	beq.n	800141a <HAL_ADC_ConfigChannel+0x14a>
  __HAL_UNLOCK(hadc);
 8001366:	2000      	movs	r0, #0
 8001368:	f883 003c 	strb.w	r0, [r3, #60]	@ 0x3c
}
 800136c:	b002      	add	sp, #8
 800136e:	bc30      	pop	{r4, r5}
 8001370:	4770      	bx	lr
    hadc->Instance->SMPR2 &= ~ADC_SMPR2(ADC_SMPR2_SMP0, sConfig->Channel);
 8001372:	6804      	ldr	r4, [r0, #0]
 8001374:	6920      	ldr	r0, [r4, #16]
 8001376:	b292      	uxth	r2, r2
 8001378:	eb02 0242 	add.w	r2, r2, r2, lsl #1
 800137c:	f04f 0c07 	mov.w	ip, #7
 8001380:	fa0c f202 	lsl.w	r2, ip, r2
 8001384:	ea20 0202 	bic.w	r2, r0, r2
 8001388:	6122      	str	r2, [r4, #16]
    hadc->Instance->SMPR2 |= ADC_SMPR2(sConfig->SamplingTime, sConfig->Channel);
 800138a:	681c      	ldr	r4, [r3, #0]
 800138c:	6920      	ldr	r0, [r4, #16]
 800138e:	880a      	ldrh	r2, [r1, #0]
 8001390:	eb02 0242 	add.w	r2, r2, r2, lsl #1
 8001394:	688d      	ldr	r5, [r1, #8]
 8001396:	fa05 f202 	lsl.w	r2, r5, r2
 800139a:	4302      	orrs	r2, r0
 800139c:	6122      	str	r2, [r4, #16]
 800139e:	e7bf      	b.n	8001320 <HAL_ADC_ConfigChannel+0x50>
  else if (sConfig->Rank < 13U)
 80013a0:	2a0c      	cmp	r2, #12
 80013a2:	d816      	bhi.n	80013d2 <HAL_ADC_ConfigChannel+0x102>
    hadc->Instance->SQR2 &= ~ADC_SQR2_RK(ADC_SQR2_SQ7, sConfig->Rank);
 80013a4:	681d      	ldr	r5, [r3, #0]
 80013a6:	6b28      	ldr	r0, [r5, #48]	@ 0x30
 80013a8:	eb02 0282 	add.w	r2, r2, r2, lsl #2
 80013ac:	3a23      	subs	r2, #35	@ 0x23
 80013ae:	241f      	movs	r4, #31
 80013b0:	fa04 f202 	lsl.w	r2, r4, r2
 80013b4:	ea20 0202 	bic.w	r2, r0, r2
 80013b8:	632a      	str	r2, [r5, #48]	@ 0x30
    hadc->Instance->SQR2 |= ADC_SQR2_RK(sConfig->Channel, sConfig->Rank);
 80013ba:	681d      	ldr	r5, [r3, #0]
 80013bc:	6b28      	ldr	r0, [r5, #48]	@ 0x30
 80013be:	684a      	ldr	r2, [r1, #4]
 80013c0:	eb02 0282 	add.w	r2, r2, r2, lsl #2
 80013c4:	3a23      	subs	r2, #35	@ 0x23
 80013c6:	880c      	ldrh	r4, [r1, #0]
 80013c8:	fa04 f202 	lsl.w	r2, r4, r2
 80013cc:	4302      	orrs	r2, r0
 80013ce:	632a      	str	r2, [r5, #48]	@ 0x30
 80013d0:	e7c1      	b.n	8001356 <HAL_ADC_ConfigChannel+0x86>
    hadc->Instance->SQR1 &= ~ADC_SQR1_RK(ADC_SQR1_SQ13, sConfig->Rank);
 80013d2:	681d      	ldr	r5, [r3, #0]
 80013d4:	6ae8      	ldr	r0, [r5, #44]	@ 0x2c
 80013d6:	eb02 0282 	add.w	r2, r2, r2, lsl #2
 80013da:	3a41      	subs	r2, #65	@ 0x41
 80013dc:	241f      	movs	r4, #31
 80013de:	fa04 f202 	lsl.w	r2, r4, r2
 80013e2:	ea20 0202 	bic.w	r2, r0, r2
 80013e6:	62ea      	str	r2, [r5, #44]	@ 0x2c
    hadc->Instance->SQR1 |= ADC_SQR1_RK(sConfig->Channel, sConfig->Rank);
 80013e8:	681d      	ldr	r5, [r3, #0]
 80013ea:	6ae8      	ldr	r0, [r5, #44]	@ 0x2c
 80013ec:	684a      	ldr	r2, [r1, #4]
 80013ee:	eb02 0282 	add.w	r2, r2, r2, lsl #2
 80013f2:	3a41      	subs	r2, #65	@ 0x41
 80013f4:	880c      	ldrh	r4, [r1, #0]
 80013f6:	fa04 f202 	lsl.w	r2, r4, r2
 80013fa:	4302      	orrs	r2, r0
 80013fc:	62ea      	str	r2, [r5, #44]	@ 0x2c
 80013fe:	e7aa      	b.n	8001356 <HAL_ADC_ConfigChannel+0x86>
  if ((hadc->Instance == ADC1) && (sConfig->Channel == ADC_CHANNEL_VBAT))
 8001400:	680a      	ldr	r2, [r1, #0]
 8001402:	2a12      	cmp	r2, #18
 8001404:	d1ab      	bne.n	800135e <HAL_ADC_ConfigChannel+0x8e>
      tmpADC_Common->CCR &= ~ADC_CCR_TSVREFE;
 8001406:	4a19      	ldr	r2, [pc, #100]	@ (800146c <HAL_ADC_ConfigChannel+0x19c>)
 8001408:	6850      	ldr	r0, [r2, #4]
 800140a:	f420 0000 	bic.w	r0, r0, #8388608	@ 0x800000
 800140e:	6050      	str	r0, [r2, #4]
    tmpADC_Common->CCR |= ADC_CCR_VBATE;
 8001410:	6850      	ldr	r0, [r2, #4]
 8001412:	f440 0080 	orr.w	r0, r0, #4194304	@ 0x400000
 8001416:	6050      	str	r0, [r2, #4]
 8001418:	e7a1      	b.n	800135e <HAL_ADC_ConfigChannel+0x8e>
  if ((hadc->Instance == ADC1) && ((sConfig->Channel == ADC_CHANNEL_TEMPSENSOR) || (sConfig->Channel == ADC_CHANNEL_VREFINT)))
 800141a:	680a      	ldr	r2, [r1, #0]
 800141c:	4814      	ldr	r0, [pc, #80]	@ (8001470 <HAL_ADC_ConfigChannel+0x1a0>)
 800141e:	4282      	cmp	r2, r0
 8001420:	d001      	beq.n	8001426 <HAL_ADC_ConfigChannel+0x156>
 8001422:	2a11      	cmp	r2, #17
 8001424:	d19f      	bne.n	8001366 <HAL_ADC_ConfigChannel+0x96>
      tmpADC_Common->CCR &= ~ADC_CCR_VBATE;
 8001426:	4a11      	ldr	r2, [pc, #68]	@ (800146c <HAL_ADC_ConfigChannel+0x19c>)
 8001428:	6850      	ldr	r0, [r2, #4]
 800142a:	f420 0080 	bic.w	r0, r0, #4194304	@ 0x400000
 800142e:	6050      	str	r0, [r2, #4]
    tmpADC_Common->CCR |= ADC_CCR_TSVREFE;
 8001430:	6850      	ldr	r0, [r2, #4]
 8001432:	f440 0000 	orr.w	r0, r0, #8388608	@ 0x800000
 8001436:	6050      	str	r0, [r2, #4]
    if(sConfig->Channel == ADC_CHANNEL_TEMPSENSOR)
 8001438:	6809      	ldr	r1, [r1, #0]
 800143a:	4a0d      	ldr	r2, [pc, #52]	@ (8001470 <HAL_ADC_ConfigChannel+0x1a0>)
 800143c:	4291      	cmp	r1, r2
 800143e:	d192      	bne.n	8001366 <HAL_ADC_ConfigChannel+0x96>
      counter = (ADC_TEMPSENSOR_DELAY_US * (SystemCoreClock / 1000000U));
 8001440:	4a0c      	ldr	r2, [pc, #48]	@ (8001474 <HAL_ADC_ConfigChannel+0x1a4>)
 8001442:	6812      	ldr	r2, [r2, #0]
 8001444:	490c      	ldr	r1, [pc, #48]	@ (8001478 <HAL_ADC_ConfigChannel+0x1a8>)
 8001446:	fba1 1202 	umull	r1, r2, r1, r2
 800144a:	0c92      	lsrs	r2, r2, #18
 800144c:	eb02 0282 	add.w	r2, r2, r2, lsl #2
 8001450:	0052      	lsls	r2, r2, #1
 8001452:	9201      	str	r2, [sp, #4]
      while(counter != 0U)
 8001454:	9a01      	ldr	r2, [sp, #4]
 8001456:	2a00      	cmp	r2, #0
 8001458:	d085      	beq.n	8001366 <HAL_ADC_ConfigChannel+0x96>
        counter--;
 800145a:	9a01      	ldr	r2, [sp, #4]
 800145c:	3a01      	subs	r2, #1
 800145e:	9201      	str	r2, [sp, #4]
 8001460:	e7f8      	b.n	8001454 <HAL_ADC_ConfigChannel+0x184>
  __HAL_LOCK(hadc);
 8001462:	2002      	movs	r0, #2
 8001464:	e782      	b.n	800136c <HAL_ADC_ConfigChannel+0x9c>
 8001466:	bf00      	nop
 8001468:	40012000 	.word	0x40012000
 800146c:	40012300 	.word	0x40012300
 8001470:	10000012 	.word	0x10000012
 8001474:	2000000c 	.word	0x2000000c
 8001478:	431bde83 	.word	0x431bde83

0800147c <HAL_ADCEx_InjectedConvCpltCallback>:
  /* Prevent unused argument(s) compilation warning */
  UNUSED(hadc);
  /* NOTE : This function Should not be modified, when the callback is needed,
            the HAL_ADC_InjectedConvCpltCallback could be implemented in the user file
   */
}
 800147c:	4770      	bx	lr
	...

08001480 <__NVIC_SetPriority>:
  \param [in]  priority  Priority to set.
  \note    The priority cannot be set for every processor exception.
 */
__STATIC_INLINE void __NVIC_SetPriority(IRQn_Type IRQn, uint32_t priority)
{
  if ((int32_t)(IRQn) >= 0)
 8001480:	2800      	cmp	r0, #0
 8001482:	db08      	blt.n	8001496 <__NVIC_SetPriority+0x16>
  {
    NVIC->IP[((uint32_t)IRQn)]               = (uint8_t)((priority << (8U - __NVIC_PRIO_BITS)) & (uint32_t)0xFFUL);
 8001484:	0109      	lsls	r1, r1, #4
 8001486:	b2c9      	uxtb	r1, r1
 8001488:	f100 4060 	add.w	r0, r0, #3758096384	@ 0xe0000000
 800148c:	f500 4061 	add.w	r0, r0, #57600	@ 0xe100
 8001490:	f880 1300 	strb.w	r1, [r0, #768]	@ 0x300
 8001494:	4770      	bx	lr
  }
  else
  {
    SCB->SHP[(((uint32_t)IRQn) & 0xFUL)-4UL] = (uint8_t)((priority << (8U - __NVIC_PRIO_BITS)) & (uint32_t)0xFFUL);
 8001496:	f000 000f 	and.w	r0, r0, #15
 800149a:	0109      	lsls	r1, r1, #4
 800149c:	b2c9      	uxtb	r1, r1
 800149e:	4b01      	ldr	r3, [pc, #4]	@ (80014a4 <__NVIC_SetPriority+0x24>)
 80014a0:	5419      	strb	r1, [r3, r0]
  }
}
 80014a2:	4770      	bx	lr
 80014a4:	e000ed14 	.word	0xe000ed14

080014a8 <NVIC_EncodePriority>:
  \param [in]   PreemptPriority  Preemptive priority value (starting from 0).
  \param [in]       SubPriority  Subpriority value (starting from 0).
  \return                        Encoded priority. Value can be used in the function \ref NVIC_SetPriority().
 */
__STATIC_INLINE uint32_t NVIC_EncodePriority (uint32_t PriorityGroup, uint32_t PreemptPriority, uint32_t SubPriority)
{
 80014a8:	b500      	push	{lr}
  uint32_t PriorityGroupTmp = (PriorityGroup & (uint32_t)0x07UL);   /* only values 0..7 are used          */
 80014aa:	f000 0007 	and.w	r0, r0, #7
  uint32_t PreemptPriorityBits;
  uint32_t SubPriorityBits;

  PreemptPriorityBits = ((7UL - PriorityGroupTmp) > (uint32_t)(__NVIC_PRIO_BITS)) ? (uint32_t)(__NVIC_PRIO_BITS) : (uint32_t)(7UL - PriorityGroupTmp);
 80014ae:	f1c0 0c07 	rsb	ip, r0, #7
 80014b2:	f1bc 0f04 	cmp.w	ip, #4
 80014b6:	bf28      	it	cs
 80014b8:	f04f 0c04 	movcs.w	ip, #4
  SubPriorityBits     = ((PriorityGroupTmp + (uint32_t)(__NVIC_PRIO_BITS)) < (uint32_t)7UL) ? (uint32_t)0UL : (uint32_t)((PriorityGroupTmp - 7UL) + (uint32_t)(__NVIC_PRIO_BITS));
 80014bc:	1d03      	adds	r3, r0, #4
 80014be:	2b06      	cmp	r3, #6
 80014c0:	d90f      	bls.n	80014e2 <NVIC_EncodePriority+0x3a>
 80014c2:	1ec3      	subs	r3, r0, #3

  return (
           ((PreemptPriority & (uint32_t)((1UL << (PreemptPriorityBits)) - 1UL)) << SubPriorityBits) |
 80014c4:	f04f 3eff 	mov.w	lr, #4294967295	@ 0xffffffff
 80014c8:	fa0e f00c 	lsl.w	r0, lr, ip
 80014cc:	ea21 0100 	bic.w	r1, r1, r0
 80014d0:	4099      	lsls	r1, r3
           ((SubPriority     & (uint32_t)((1UL << (SubPriorityBits    )) - 1UL)))
 80014d2:	fa0e fe03 	lsl.w	lr, lr, r3
 80014d6:	ea22 020e 	bic.w	r2, r2, lr
         );
}
 80014da:	ea41 0002 	orr.w	r0, r1, r2
 80014de:	f85d fb04 	ldr.w	pc, [sp], #4
  SubPriorityBits     = ((PriorityGroupTmp + (uint32_t)(__NVIC_PRIO_BITS)) < (uint32_t)7UL) ? (uint32_t)0UL : (uint32_t)((PriorityGroupTmp - 7UL) + (uint32_t)(__NVIC_PRIO_BITS));
 80014e2:	2300      	movs	r3, #0
 80014e4:	e7ee      	b.n	80014c4 <NVIC_EncodePriority+0x1c>
	...

080014e8 <HAL_NVIC_SetPriorityGrouping>:
  reg_value  =  SCB->AIRCR;                                                   /* read old register configuration    */
 80014e8:	4a07      	ldr	r2, [pc, #28]	@ (8001508 <HAL_NVIC_SetPriorityGrouping+0x20>)
 80014ea:	68d3      	ldr	r3, [r2, #12]
  reg_value &= ~((uint32_t)(SCB_AIRCR_VECTKEY_Msk | SCB_AIRCR_PRIGROUP_Msk)); /* clear bits to change               */
 80014ec:	f423 63e0 	bic.w	r3, r3, #1792	@ 0x700
 80014f0:	041b      	lsls	r3, r3, #16
 80014f2:	0c1b      	lsrs	r3, r3, #16
                (PriorityGroupTmp << SCB_AIRCR_PRIGROUP_Pos)  );              /* Insert write key and priority group */
 80014f4:	0200      	lsls	r0, r0, #8
 80014f6:	f400 60e0 	and.w	r0, r0, #1792	@ 0x700
                ((uint32_t)0x5FAUL << SCB_AIRCR_VECTKEY_Pos) |
 80014fa:	4303      	orrs	r3, r0
  reg_value  =  (reg_value                                   |
 80014fc:	f043 63bf 	orr.w	r3, r3, #100139008	@ 0x5f80000
 8001500:	f443 3300 	orr.w	r3, r3, #131072	@ 0x20000
  SCB->AIRCR =  reg_value;
 8001504:	60d3      	str	r3, [r2, #12]
  /* Check the parameters */
  assert_param(IS_NVIC_PRIORITY_GROUP(PriorityGroup));
  
  /* Set the PRIGROUP[10:8] bits according to the PriorityGroup parameter value */
  NVIC_SetPriorityGrouping(PriorityGroup);
}
 8001506:	4770      	bx	lr
 8001508:	e000ed00 	.word	0xe000ed00

0800150c <HAL_NVIC_SetPriority>:
  *         This parameter can be a value between 0 and 15
  *         A lower priority value indicates a higher priority.          
  * @retval None
  */
void HAL_NVIC_SetPriority(IRQn_Type IRQn, uint32_t PreemptPriority, uint32_t SubPriority)
{ 
 800150c:	b510      	push	{r4, lr}
 800150e:	4604      	mov	r4, r0
  return ((uint32_t)((SCB->AIRCR & SCB_AIRCR_PRIGROUP_Msk) >> SCB_AIRCR_PRIGROUP_Pos));
 8001510:	4b05      	ldr	r3, [pc, #20]	@ (8001528 <HAL_NVIC_SetPriority+0x1c>)
 8001512:	68d8      	ldr	r0, [r3, #12]
  assert_param(IS_NVIC_SUB_PRIORITY(SubPriority));
  assert_param(IS_NVIC_PREEMPTION_PRIORITY(PreemptPriority));
  
  prioritygroup = NVIC_GetPriorityGrouping();
  
  NVIC_SetPriority(IRQn, NVIC_EncodePriority(prioritygroup, PreemptPriority, SubPriority));
 8001514:	f3c0 2002 	ubfx	r0, r0, #8, #3
 8001518:	f7ff ffc6 	bl	80014a8 <NVIC_EncodePriority>
 800151c:	4601      	mov	r1, r0
 800151e:	4620      	mov	r0, r4
 8001520:	f7ff ffae 	bl	8001480 <__NVIC_SetPriority>
}
 8001524:	bd10      	pop	{r4, pc}
 8001526:	bf00      	nop
 8001528:	e000ed00 	.word	0xe000ed00

0800152c <HAL_NVIC_EnableIRQ>:
  if ((int32_t)(IRQn) >= 0)
 800152c:	2800      	cmp	r0, #0
 800152e:	db07      	blt.n	8001540 <HAL_NVIC_EnableIRQ+0x14>
    NVIC->ISER[(((uint32_t)IRQn) >> 5UL)] = (uint32_t)(1UL << (((uint32_t)IRQn) & 0x1FUL));
 8001530:	f000 021f 	and.w	r2, r0, #31
 8001534:	0940      	lsrs	r0, r0, #5
 8001536:	2301      	movs	r3, #1
 8001538:	4093      	lsls	r3, r2
 800153a:	4a02      	ldr	r2, [pc, #8]	@ (8001544 <HAL_NVIC_EnableIRQ+0x18>)
 800153c:	f842 3020 	str.w	r3, [r2, r0, lsl #2]
  /* Check the parameters */
  assert_param(IS_NVIC_DEVICE_IRQ(IRQn));
  
  /* Enable interrupt */
  NVIC_EnableIRQ(IRQn);
}
 8001540:	4770      	bx	lr
 8001542:	bf00      	nop
 8001544:	e000e100 	.word	0xe000e100

08001548 <HAL_SYSTICK_Config>:
           function <b>SysTick_Config</b> is not included. In this case, the file <b><i>device</i>.h</b>
           must contain a vendor-specific implementation of this function.
 */
__STATIC_INLINE uint32_t SysTick_Config(uint32_t ticks)
{
  if ((ticks - 1UL) > SysTick_LOAD_RELOAD_Msk)
 8001548:	3801      	subs	r0, #1
 800154a:	f1b0 7f80 	cmp.w	r0, #16777216	@ 0x1000000
 800154e:	d20b      	bcs.n	8001568 <HAL_SYSTICK_Config+0x20>
  {
    return (1UL);                                                   /* Reload value impossible */
  }

  SysTick->LOAD  = (uint32_t)(ticks - 1UL);                         /* set reload register */
 8001550:	f04f 23e0 	mov.w	r3, #3758153728	@ 0xe000e000
 8001554:	6158      	str	r0, [r3, #20]
    SCB->SHP[(((uint32_t)IRQn) & 0xFUL)-4UL] = (uint8_t)((priority << (8U - __NVIC_PRIO_BITS)) & (uint32_t)0xFFUL);
 8001556:	4a05      	ldr	r2, [pc, #20]	@ (800156c <HAL_SYSTICK_Config+0x24>)
 8001558:	21f0      	movs	r1, #240	@ 0xf0
 800155a:	f882 1023 	strb.w	r1, [r2, #35]	@ 0x23
  NVIC_SetPriority (SysTick_IRQn, (1UL << __NVIC_PRIO_BITS) - 1UL); /* set Priority for Systick Interrupt */
  SysTick->VAL   = 0UL;                                             /* Load the SysTick Counter Value */
 800155e:	2000      	movs	r0, #0
 8001560:	6198      	str	r0, [r3, #24]
  SysTick->CTRL  = SysTick_CTRL_CLKSOURCE_Msk |
 8001562:	2207      	movs	r2, #7
 8001564:	611a      	str	r2, [r3, #16]
                   SysTick_CTRL_TICKINT_Msk   |
                   SysTick_CTRL_ENABLE_Msk;                         /* Enable SysTick IRQ and SysTick Timer */
  return (0UL);                                                     /* Function successful */
 8001566:	4770      	bx	lr
    return (1UL);                                                   /* Reload value impossible */
 8001568:	2001      	movs	r0, #1
  *                  - 1  Function failed.
  */
uint32_t HAL_SYSTICK_Config(uint32_t TicksNumb)
{
   return SysTick_Config(TicksNumb);
}
 800156a:	4770      	bx	lr
 800156c:	e000ed00 	.word	0xe000ed00

08001570 <HAL_DAC_Init>:
  * @retval HAL status
  */
HAL_StatusTypeDef HAL_DAC_Init(DAC_HandleTypeDef *hdac)
{
  /* Check DAC handle */
  if (hdac == NULL)
 8001570:	b170      	cbz	r0, 8001590 <HAL_DAC_Init+0x20>
{
 8001572:	b510      	push	{r4, lr}
 8001574:	4604      	mov	r4, r0
    return HAL_ERROR;
  }
  /* Check the parameters */
  assert_param(IS_DAC_ALL_INSTANCE(hdac->Instance));

  if (hdac->State == HAL_DAC_STATE_RESET)
 8001576:	7903      	ldrb	r3, [r0, #4]
 8001578:	b133      	cbz	r3, 8001588 <HAL_DAC_Init+0x18>
    HAL_DAC_MspInit(hdac);
#endif /* USE_HAL_DAC_REGISTER_CALLBACKS */
  }

  /* Initialize the DAC state*/
  hdac->State = HAL_DAC_STATE_BUSY;
 800157a:	2302      	movs	r3, #2
 800157c:	7123      	strb	r3, [r4, #4]

  /* Set DAC error code to none */
  hdac->ErrorCode = HAL_DAC_ERROR_NONE;
 800157e:	2000      	movs	r0, #0
 8001580:	6120      	str	r0, [r4, #16]

  /* Initialize the DAC state*/
  hdac->State = HAL_DAC_STATE_READY;
 8001582:	2301      	movs	r3, #1
 8001584:	7123      	strb	r3, [r4, #4]

  /* Return function status */
  return HAL_OK;
}
 8001586:	bd10      	pop	{r4, pc}
    hdac->Lock = HAL_UNLOCKED;
 8001588:	7143      	strb	r3, [r0, #5]
    HAL_DAC_MspInit(hdac);
 800158a:	f000 fd35 	bl	8001ff8 <HAL_DAC_MspInit>
 800158e:	e7f4      	b.n	800157a <HAL_DAC_Init+0xa>
    return HAL_ERROR;
 8001590:	2001      	movs	r0, #1
}
 8001592:	4770      	bx	lr

08001594 <HAL_DAC_Start_DMA>:
  *            @arg DAC_ALIGN_12B_R: 12bit right data alignment selected
  * @retval HAL status
  */
HAL_StatusTypeDef HAL_DAC_Start_DMA(DAC_HandleTypeDef *hdac, uint32_t Channel, uint32_t *pData, uint32_t Length,
                                    uint32_t Alignment)
{
 8001594:	b570      	push	{r4, r5, r6, lr}
 8001596:	4604      	mov	r4, r0
 8001598:	460d      	mov	r5, r1
 800159a:	4611      	mov	r1, r2
 800159c:	9a04      	ldr	r2, [sp, #16]
  /* Check the parameters */
  assert_param(IS_DAC_CHANNEL(Channel));
  assert_param(IS_DAC_ALIGN(Alignment));

  /* Process locked */
  __HAL_LOCK(hdac);
 800159e:	7940      	ldrb	r0, [r0, #5]
 80015a0:	2801      	cmp	r0, #1
 80015a2:	d066      	beq.n	8001672 <HAL_DAC_Start_DMA+0xde>
 80015a4:	2001      	movs	r0, #1
 80015a6:	7160      	strb	r0, [r4, #5]

  /* Change DAC state */
  hdac->State = HAL_DAC_STATE_BUSY;
 80015a8:	2002      	movs	r0, #2
 80015aa:	7120      	strb	r0, [r4, #4]

  if (Channel == DAC_CHANNEL_1)
 80015ac:	2d00      	cmp	r5, #0
 80015ae:	d132      	bne.n	8001616 <HAL_DAC_Start_DMA+0x82>
  {
    /* Set the DMA transfer complete callback for channel1 */
    hdac->DMA_Handle1->XferCpltCallback = DAC_DMAConvCpltCh1;
 80015b0:	68a0      	ldr	r0, [r4, #8]
 80015b2:	4e31      	ldr	r6, [pc, #196]	@ (8001678 <HAL_DAC_Start_DMA+0xe4>)
 80015b4:	63c6      	str	r6, [r0, #60]	@ 0x3c

    /* Set the DMA half transfer complete callback for channel1 */
    hdac->DMA_Handle1->XferHalfCpltCallback = DAC_DMAHalfConvCpltCh1;
 80015b6:	68a0      	ldr	r0, [r4, #8]
 80015b8:	4e30      	ldr	r6, [pc, #192]	@ (800167c <HAL_DAC_Start_DMA+0xe8>)
 80015ba:	6406      	str	r6, [r0, #64]	@ 0x40

    /* Set the DMA error callback for channel1 */
    hdac->DMA_Handle1->XferErrorCallback = DAC_DMAErrorCh1;
 80015bc:	68a0      	ldr	r0, [r4, #8]
 80015be:	4e30      	ldr	r6, [pc, #192]	@ (8001680 <HAL_DAC_Start_DMA+0xec>)
 80015c0:	64c6      	str	r6, [r0, #76]	@ 0x4c

    /* Enable the selected DAC channel1 DMA request */
    SET_BIT(hdac->Instance->CR, DAC_CR_DMAEN1);
 80015c2:	6826      	ldr	r6, [r4, #0]
 80015c4:	6830      	ldr	r0, [r6, #0]
 80015c6:	f440 5080 	orr.w	r0, r0, #4096	@ 0x1000
 80015ca:	6030      	str	r0, [r6, #0]

    /* Case of use of channel 1 */
    switch (Alignment)
 80015cc:	2a04      	cmp	r2, #4
 80015ce:	d01c      	beq.n	800160a <HAL_DAC_Start_DMA+0x76>
 80015d0:	2a08      	cmp	r2, #8
 80015d2:	d01d      	beq.n	8001610 <HAL_DAC_Start_DMA+0x7c>
 80015d4:	2a00      	cmp	r2, #0
 80015d6:	d13a      	bne.n	800164e <HAL_DAC_Start_DMA+0xba>
    {
      case DAC_ALIGN_12B_R:
        /* Get DHR12R1 address */
        tmpreg = (uint32_t)&hdac->Instance->DHR12R1;
 80015d8:	6822      	ldr	r2, [r4, #0]
 80015da:	3208      	adds	r2, #8
    }
  }
#endif /* DAC_CHANNEL2_SUPPORT */

  /* Enable the DMA Stream */
  if (Channel == DAC_CHANNEL_1)
 80015dc:	2d00      	cmp	r5, #0
 80015de:	d13a      	bne.n	8001656 <HAL_DAC_Start_DMA+0xc2>
  {
    /* Enable the DAC DMA underrun interrupt */
    __HAL_DAC_ENABLE_IT(hdac, DAC_IT_DMAUDR1);
 80015e0:	6826      	ldr	r6, [r4, #0]
 80015e2:	6830      	ldr	r0, [r6, #0]
 80015e4:	f440 5000 	orr.w	r0, r0, #8192	@ 0x2000
 80015e8:	6030      	str	r0, [r6, #0]

    /* Enable the DMA Stream */
    status = HAL_DMA_Start_IT(hdac->DMA_Handle1, (uint32_t)pData, tmpreg, Length);
 80015ea:	68a0      	ldr	r0, [r4, #8]
 80015ec:	f000 f9fa 	bl	80019e4 <HAL_DMA_Start_IT>
    status = HAL_DMA_Start_IT(hdac->DMA_Handle2, (uint32_t)pData, tmpreg, Length);
  }
#endif /* DAC_CHANNEL2_SUPPORT */

  /* Process Unlocked */
  __HAL_UNLOCK(hdac);
 80015f0:	2300      	movs	r3, #0
 80015f2:	7163      	strb	r3, [r4, #5]

  if (status == HAL_OK)
 80015f4:	2800      	cmp	r0, #0
 80015f6:	d137      	bne.n	8001668 <HAL_DAC_Start_DMA+0xd4>
  {
    /* Enable the Peripheral */
    __HAL_DAC_ENABLE(hdac, Channel);
 80015f8:	6821      	ldr	r1, [r4, #0]
 80015fa:	680b      	ldr	r3, [r1, #0]
 80015fc:	f005 0510 	and.w	r5, r5, #16
 8001600:	2201      	movs	r2, #1
 8001602:	40aa      	lsls	r2, r5
 8001604:	4313      	orrs	r3, r2
 8001606:	600b      	str	r3, [r1, #0]
    hdac->ErrorCode |= HAL_DAC_ERROR_DMA;
  }

  /* Return function status */
  return status;
}
 8001608:	bd70      	pop	{r4, r5, r6, pc}
        tmpreg = (uint32_t)&hdac->Instance->DHR12L1;
 800160a:	6822      	ldr	r2, [r4, #0]
 800160c:	320c      	adds	r2, #12
        break;
 800160e:	e7e5      	b.n	80015dc <HAL_DAC_Start_DMA+0x48>
        tmpreg = (uint32_t)&hdac->Instance->DHR8R1;
 8001610:	6822      	ldr	r2, [r4, #0]
 8001612:	3210      	adds	r2, #16
        break;
 8001614:	e7e2      	b.n	80015dc <HAL_DAC_Start_DMA+0x48>
    hdac->DMA_Handle2->XferCpltCallback = DAC_DMAConvCpltCh2;
 8001616:	68e0      	ldr	r0, [r4, #12]
 8001618:	4e1a      	ldr	r6, [pc, #104]	@ (8001684 <HAL_DAC_Start_DMA+0xf0>)
 800161a:	63c6      	str	r6, [r0, #60]	@ 0x3c
    hdac->DMA_Handle2->XferHalfCpltCallback = DAC_DMAHalfConvCpltCh2;
 800161c:	68e0      	ldr	r0, [r4, #12]
 800161e:	4e1a      	ldr	r6, [pc, #104]	@ (8001688 <HAL_DAC_Start_DMA+0xf4>)
 8001620:	6406      	str	r6, [r0, #64]	@ 0x40
    hdac->DMA_Handle2->XferErrorCallback = DAC_DMAErrorCh2;
 8001622:	68e0      	ldr	r0, [r4, #12]
 8001624:	4e19      	ldr	r6, [pc, #100]	@ (800168c <HAL_DAC_Start_DMA+0xf8>)
 8001626:	64c6      	str	r6, [r0, #76]	@ 0x4c
    SET_BIT(hdac->Instance->CR, DAC_CR_DMAEN2);
 8001628:	6826      	ldr	r6, [r4, #0]
 800162a:	6830      	ldr	r0, [r6, #0]
 800162c:	f040 5080 	orr.w	r0, r0, #268435456	@ 0x10000000
 8001630:	6030      	str	r0, [r6, #0]
    switch (Alignment)
 8001632:	2a04      	cmp	r2, #4
 8001634:	d005      	beq.n	8001642 <HAL_DAC_Start_DMA+0xae>
 8001636:	2a08      	cmp	r2, #8
 8001638:	d006      	beq.n	8001648 <HAL_DAC_Start_DMA+0xb4>
 800163a:	b952      	cbnz	r2, 8001652 <HAL_DAC_Start_DMA+0xbe>
        tmpreg = (uint32_t)&hdac->Instance->DHR12R2;
 800163c:	6822      	ldr	r2, [r4, #0]
 800163e:	3214      	adds	r2, #20
        break;
 8001640:	e7cc      	b.n	80015dc <HAL_DAC_Start_DMA+0x48>
        tmpreg = (uint32_t)&hdac->Instance->DHR12L2;
 8001642:	6822      	ldr	r2, [r4, #0]
 8001644:	3218      	adds	r2, #24
        break;
 8001646:	e7c9      	b.n	80015dc <HAL_DAC_Start_DMA+0x48>
        tmpreg = (uint32_t)&hdac->Instance->DHR8R2;
 8001648:	6822      	ldr	r2, [r4, #0]
 800164a:	321c      	adds	r2, #28
        break;
 800164c:	e7c6      	b.n	80015dc <HAL_DAC_Start_DMA+0x48>
    switch (Alignment)
 800164e:	462a      	mov	r2, r5
 8001650:	e7c4      	b.n	80015dc <HAL_DAC_Start_DMA+0x48>
    switch (Alignment)
 8001652:	2200      	movs	r2, #0
 8001654:	e7c2      	b.n	80015dc <HAL_DAC_Start_DMA+0x48>
    __HAL_DAC_ENABLE_IT(hdac, DAC_IT_DMAUDR2);
 8001656:	6826      	ldr	r6, [r4, #0]
 8001658:	6830      	ldr	r0, [r6, #0]
 800165a:	f040 5000 	orr.w	r0, r0, #536870912	@ 0x20000000
 800165e:	6030      	str	r0, [r6, #0]
    status = HAL_DMA_Start_IT(hdac->DMA_Handle2, (uint32_t)pData, tmpreg, Length);
 8001660:	68e0      	ldr	r0, [r4, #12]
 8001662:	f000 f9bf 	bl	80019e4 <HAL_DMA_Start_IT>
 8001666:	e7c3      	b.n	80015f0 <HAL_DAC_Start_DMA+0x5c>
    hdac->ErrorCode |= HAL_DAC_ERROR_DMA;
 8001668:	6923      	ldr	r3, [r4, #16]
 800166a:	f043 0304 	orr.w	r3, r3, #4
 800166e:	6123      	str	r3, [r4, #16]
 8001670:	e7ca      	b.n	8001608 <HAL_DAC_Start_DMA+0x74>
  __HAL_LOCK(hdac);
 8001672:	2002      	movs	r0, #2
 8001674:	e7c8      	b.n	8001608 <HAL_DAC_Start_DMA+0x74>
 8001676:	bf00      	nop
 8001678:	080016e9 	.word	0x080016e9
 800167c:	080016fb 	.word	0x080016fb
 8001680:	08001707 	.word	0x08001707
 8001684:	080017ed 	.word	0x080017ed
 8001688:	080017fd 	.word	0x080017fd
 800168c:	08001807 	.word	0x08001807

08001690 <HAL_DAC_Stop_DMA>:
  *            @arg DAC_CHANNEL_1: DAC Channel1 selected
  *            @arg DAC_CHANNEL_2: DAC Channel2 selected
  * @retval HAL status
  */
HAL_StatusTypeDef HAL_DAC_Stop_DMA(DAC_HandleTypeDef *hdac, uint32_t Channel)
{
 8001690:	b510      	push	{r4, lr}
 8001692:	4604      	mov	r4, r0
  /* Check the parameters */
  assert_param(IS_DAC_CHANNEL(Channel));

  /* Disable the selected DAC channel DMA request */
  hdac->Instance->CR &= ~(DAC_CR_DMAEN1 << (Channel & 0x10UL));
 8001694:	6800      	ldr	r0, [r0, #0]
 8001696:	6803      	ldr	r3, [r0, #0]
 8001698:	f001 0c10 	and.w	ip, r1, #16
 800169c:	f44f 5280 	mov.w	r2, #4096	@ 0x1000
 80016a0:	fa02 f20c 	lsl.w	r2, r2, ip
 80016a4:	ea23 0302 	bic.w	r3, r3, r2
 80016a8:	6003      	str	r3, [r0, #0]

  /* Disable the Peripheral */
  __HAL_DAC_DISABLE(hdac, Channel);
 80016aa:	6820      	ldr	r0, [r4, #0]
 80016ac:	6803      	ldr	r3, [r0, #0]
 80016ae:	2201      	movs	r2, #1
 80016b0:	fa02 f20c 	lsl.w	r2, r2, ip
 80016b4:	ea23 0302 	bic.w	r3, r3, r2
 80016b8:	6003      	str	r3, [r0, #0]

  /* Disable the DMA Stream */

  /* Channel1 is used */
  if (Channel == DAC_CHANNEL_1)
 80016ba:	b959      	cbnz	r1, 80016d4 <HAL_DAC_Stop_DMA+0x44>
  {
    /* Disable the DMA Stream */
    (void)HAL_DMA_Abort(hdac->DMA_Handle1);
 80016bc:	68a0      	ldr	r0, [r4, #8]
 80016be:	f000 f9c5 	bl	8001a4c <HAL_DMA_Abort>

    /* Disable the DAC DMA underrun interrupt */
    __HAL_DAC_DISABLE_IT(hdac, DAC_IT_DMAUDR1);
 80016c2:	6822      	ldr	r2, [r4, #0]
 80016c4:	6813      	ldr	r3, [r2, #0]
 80016c6:	f423 5300 	bic.w	r3, r3, #8192	@ 0x2000
 80016ca:	6013      	str	r3, [r2, #0]
    __HAL_DAC_DISABLE_IT(hdac, DAC_IT_DMAUDR2);
  }
#endif /* DAC_CHANNEL2_SUPPORT */

  /* Change DAC state */
  hdac->State = HAL_DAC_STATE_READY;
 80016cc:	2301      	movs	r3, #1
 80016ce:	7123      	strb	r3, [r4, #4]

  /* Return function status */
  return HAL_OK;
}
 80016d0:	2000      	movs	r0, #0
 80016d2:	bd10      	pop	{r4, pc}
    (void)HAL_DMA_Abort(hdac->DMA_Handle2);
 80016d4:	68e0      	ldr	r0, [r4, #12]
 80016d6:	f000 f9b9 	bl	8001a4c <HAL_DMA_Abort>
    __HAL_DAC_DISABLE_IT(hdac, DAC_IT_DMAUDR2);
 80016da:	6822      	ldr	r2, [r4, #0]
 80016dc:	6813      	ldr	r3, [r2, #0]
 80016de:	f023 5300 	bic.w	r3, r3, #536870912	@ 0x20000000
 80016e2:	6013      	str	r3, [r2, #0]
 80016e4:	e7f2      	b.n	80016cc <HAL_DAC_Stop_DMA+0x3c>

080016e6 <HAL_DAC_ConvCpltCallbackCh1>:
  UNUSED(hdac);

  /* NOTE : This function should not be modified, when the callback is needed,
            the HAL_DAC_ConvCpltCallbackCh1 could be implemented in the user file
   */
}
 80016e6:	4770      	bx	lr

080016e8 <DAC_DMAConvCpltCh1>:
  * @param  hdma pointer to a DMA_HandleTypeDef structure that contains
  *                the configuration information for the specified DMA module.
  * @retval None
  */
void DAC_DMAConvCpltCh1(DMA_HandleTypeDef *hdma)
{
 80016e8:	b510      	push	{r4, lr}
  DAC_HandleTypeDef *hdac = (DAC_HandleTypeDef *)((DMA_HandleTypeDef *)hdma)->Parent;
 80016ea:	6b84      	ldr	r4, [r0, #56]	@ 0x38

#if (USE_HAL_DAC_REGISTER_CALLBACKS == 1)
  hdac->ConvCpltCallbackCh1(hdac);
#else
  HAL_DAC_ConvCpltCallbackCh1(hdac);
 80016ec:	4620      	mov	r0, r4
 80016ee:	f7ff fffa 	bl	80016e6 <HAL_DAC_ConvCpltCallbackCh1>
#endif /* USE_HAL_DAC_REGISTER_CALLBACKS */

  hdac->State = HAL_DAC_STATE_READY;
 80016f2:	2301      	movs	r3, #1
 80016f4:	7123      	strb	r3, [r4, #4]
}
 80016f6:	bd10      	pop	{r4, pc}

080016f8 <HAL_DAC_ConvHalfCpltCallbackCh1>:
}
 80016f8:	4770      	bx	lr

080016fa <DAC_DMAHalfConvCpltCh1>:
  * @param  hdma pointer to a DMA_HandleTypeDef structure that contains
  *                the configuration information for the specified DMA module.
  * @retval None
  */
void DAC_DMAHalfConvCpltCh1(DMA_HandleTypeDef *hdma)
{
 80016fa:	b508      	push	{r3, lr}
  DAC_HandleTypeDef *hdac = (DAC_HandleTypeDef *)((DMA_HandleTypeDef *)hdma)->Parent;
  /* Conversion complete callback */
#if (USE_HAL_DAC_REGISTER_CALLBACKS == 1)
  hdac->ConvHalfCpltCallbackCh1(hdac);
#else
  HAL_DAC_ConvHalfCpltCallbackCh1(hdac);
 80016fc:	6b80      	ldr	r0, [r0, #56]	@ 0x38
 80016fe:	f7ff fffb 	bl	80016f8 <HAL_DAC_ConvHalfCpltCallbackCh1>
#endif  /* USE_HAL_DAC_REGISTER_CALLBACKS */
}
 8001702:	bd08      	pop	{r3, pc}

08001704 <HAL_DAC_ErrorCallbackCh1>:
}
 8001704:	4770      	bx	lr

08001706 <DAC_DMAErrorCh1>:
  * @param  hdma pointer to a DMA_HandleTypeDef structure that contains
  *                the configuration information for the specified DMA module.
  * @retval None
  */
void DAC_DMAErrorCh1(DMA_HandleTypeDef *hdma)
{
 8001706:	b510      	push	{r4, lr}
  DAC_HandleTypeDef *hdac = (DAC_HandleTypeDef *)((DMA_HandleTypeDef *)hdma)->Parent;
 8001708:	6b84      	ldr	r4, [r0, #56]	@ 0x38

  /* Set DAC error code to DMA error */
  hdac->ErrorCode |= HAL_DAC_ERROR_DMA;
 800170a:	6923      	ldr	r3, [r4, #16]
 800170c:	f043 0304 	orr.w	r3, r3, #4
 8001710:	6123      	str	r3, [r4, #16]

#if (USE_HAL_DAC_REGISTER_CALLBACKS == 1)
  hdac->ErrorCallbackCh1(hdac);
#else
  HAL_DAC_ErrorCallbackCh1(hdac);
 8001712:	4620      	mov	r0, r4
 8001714:	f7ff fff6 	bl	8001704 <HAL_DAC_ErrorCallbackCh1>
#endif /* USE_HAL_DAC_REGISTER_CALLBACKS */

  hdac->State = HAL_DAC_STATE_READY;
 8001718:	2301      	movs	r3, #1
 800171a:	7123      	strb	r3, [r4, #4]
}
 800171c:	bd10      	pop	{r4, pc}

0800171e <HAL_DAC_DMAUnderrunCallbackCh1>:
}
 800171e:	4770      	bx	lr

08001720 <HAL_DAC_IRQHandler>:
{
 8001720:	b510      	push	{r4, lr}
 8001722:	4604      	mov	r4, r0
  if (__HAL_DAC_GET_IT_SOURCE(hdac, DAC_IT_DMAUDR1))
 8001724:	6803      	ldr	r3, [r0, #0]
 8001726:	681a      	ldr	r2, [r3, #0]
 8001728:	f412 5f00 	tst.w	r2, #8192	@ 0x2000
 800172c:	d003      	beq.n	8001736 <HAL_DAC_IRQHandler+0x16>
    if (__HAL_DAC_GET_FLAG(hdac, DAC_FLAG_DMAUDR1))
 800172e:	6b5a      	ldr	r2, [r3, #52]	@ 0x34
 8001730:	f412 5f00 	tst.w	r2, #8192	@ 0x2000
 8001734:	d109      	bne.n	800174a <HAL_DAC_IRQHandler+0x2a>
  if (__HAL_DAC_GET_IT_SOURCE(hdac, DAC_IT_DMAUDR2))
 8001736:	6823      	ldr	r3, [r4, #0]
 8001738:	681a      	ldr	r2, [r3, #0]
 800173a:	f012 5f00 	tst.w	r2, #536870912	@ 0x20000000
 800173e:	d003      	beq.n	8001748 <HAL_DAC_IRQHandler+0x28>
    if (__HAL_DAC_GET_FLAG(hdac, DAC_FLAG_DMAUDR2))
 8001740:	6b5a      	ldr	r2, [r3, #52]	@ 0x34
 8001742:	f012 5f00 	tst.w	r2, #536870912	@ 0x20000000
 8001746:	d111      	bne.n	800176c <HAL_DAC_IRQHandler+0x4c>
}
 8001748:	bd10      	pop	{r4, pc}
      hdac->State = HAL_DAC_STATE_ERROR;
 800174a:	2204      	movs	r2, #4
 800174c:	7102      	strb	r2, [r0, #4]
      SET_BIT(hdac->ErrorCode, HAL_DAC_ERROR_DMAUNDERRUNCH1);
 800174e:	6902      	ldr	r2, [r0, #16]
 8001750:	f042 0201 	orr.w	r2, r2, #1
 8001754:	6102      	str	r2, [r0, #16]
      __HAL_DAC_CLEAR_FLAG(hdac, DAC_FLAG_DMAUDR1);
 8001756:	f44f 5200 	mov.w	r2, #8192	@ 0x2000
 800175a:	635a      	str	r2, [r3, #52]	@ 0x34
      CLEAR_BIT(hdac->Instance->CR, DAC_CR_DMAEN1);
 800175c:	6802      	ldr	r2, [r0, #0]
 800175e:	6813      	ldr	r3, [r2, #0]
 8001760:	f423 5380 	bic.w	r3, r3, #4096	@ 0x1000
 8001764:	6013      	str	r3, [r2, #0]
      HAL_DAC_DMAUnderrunCallbackCh1(hdac);
 8001766:	f7ff ffda 	bl	800171e <HAL_DAC_DMAUnderrunCallbackCh1>
 800176a:	e7e4      	b.n	8001736 <HAL_DAC_IRQHandler+0x16>
      hdac->State = HAL_DAC_STATE_ERROR;
 800176c:	2204      	movs	r2, #4
 800176e:	7122      	strb	r2, [r4, #4]
      SET_BIT(hdac->ErrorCode, HAL_DAC_ERROR_DMAUNDERRUNCH2);
 8001770:	6922      	ldr	r2, [r4, #16]
 8001772:	f042 0202 	orr.w	r2, r2, #2
 8001776:	6122      	str	r2, [r4, #16]
      __HAL_DAC_CLEAR_FLAG(hdac, DAC_FLAG_DMAUDR2);
 8001778:	f04f 5200 	mov.w	r2, #536870912	@ 0x20000000
 800177c:	635a      	str	r2, [r3, #52]	@ 0x34
      CLEAR_BIT(hdac->Instance->CR, DAC_CR_DMAEN2);
 800177e:	6822      	ldr	r2, [r4, #0]
 8001780:	6813      	ldr	r3, [r2, #0]
 8001782:	f023 5380 	bic.w	r3, r3, #268435456	@ 0x10000000
 8001786:	6013      	str	r3, [r2, #0]
      HAL_DACEx_DMAUnderrunCallbackCh2(hdac);
 8001788:	4620      	mov	r0, r4
 800178a:	f000 f82e 	bl	80017ea <HAL_DACEx_DMAUnderrunCallbackCh2>
}
 800178e:	e7db      	b.n	8001748 <HAL_DAC_IRQHandler+0x28>

08001790 <HAL_DAC_ConfigChannel>:
{
 8001790:	4603      	mov	r3, r0
 8001792:	4608      	mov	r0, r1
  __HAL_LOCK(hdac);
 8001794:	7959      	ldrb	r1, [r3, #5]
 8001796:	2901      	cmp	r1, #1
 8001798:	d024      	beq.n	80017e4 <HAL_DAC_ConfigChannel+0x54>
{
 800179a:	b510      	push	{r4, lr}
  __HAL_LOCK(hdac);
 800179c:	f04f 0e01 	mov.w	lr, #1
 80017a0:	f883 e005 	strb.w	lr, [r3, #5]
  hdac->State = HAL_DAC_STATE_BUSY;
 80017a4:	2102      	movs	r1, #2
 80017a6:	7119      	strb	r1, [r3, #4]
  tmpreg1 = hdac->Instance->CR;
 80017a8:	681c      	ldr	r4, [r3, #0]
 80017aa:	6821      	ldr	r1, [r4, #0]
  tmpreg1 &= ~(((uint32_t)(DAC_CR_MAMP1 | DAC_CR_WAVE1 | DAC_CR_TSEL1 | DAC_CR_TEN1 | DAC_CR_BOFF1)) << (Channel & 0x10UL));
 80017ac:	f002 0210 	and.w	r2, r2, #16
 80017b0:	f640 7cfe 	movw	ip, #4094	@ 0xffe
 80017b4:	fa0c fc02 	lsl.w	ip, ip, r2
 80017b8:	ea21 0c0c 	bic.w	ip, r1, ip
  tmpreg2 = (sConfig->DAC_Trigger | sConfig->DAC_OutputBuffer);
 80017bc:	6801      	ldr	r1, [r0, #0]
 80017be:	6840      	ldr	r0, [r0, #4]
 80017c0:	4301      	orrs	r1, r0
  tmpreg1 |= tmpreg2 << (Channel & 0x10UL);
 80017c2:	4091      	lsls	r1, r2
 80017c4:	ea41 010c 	orr.w	r1, r1, ip
  hdac->Instance->CR = tmpreg1;
 80017c8:	6021      	str	r1, [r4, #0]
  CLEAR_BIT(hdac->Instance->CR, (DAC_CR_WAVE1 << (Channel & 0x10UL)));
 80017ca:	681c      	ldr	r4, [r3, #0]
 80017cc:	6821      	ldr	r1, [r4, #0]
 80017ce:	20c0      	movs	r0, #192	@ 0xc0
 80017d0:	fa00 f202 	lsl.w	r2, r0, r2
 80017d4:	ea21 0202 	bic.w	r2, r1, r2
 80017d8:	6022      	str	r2, [r4, #0]
  hdac->State = HAL_DAC_STATE_READY;
 80017da:	f883 e004 	strb.w	lr, [r3, #4]
  __HAL_UNLOCK(hdac);
 80017de:	2000      	movs	r0, #0
 80017e0:	7158      	strb	r0, [r3, #5]
}
 80017e2:	bd10      	pop	{r4, pc}
  __HAL_LOCK(hdac);
 80017e4:	2002      	movs	r0, #2
}
 80017e6:	4770      	bx	lr

080017e8 <HAL_DACEx_ErrorCallbackCh2>:
  UNUSED(hdac);

  /* NOTE : This function should not be modified, when the callback is needed,
            the HAL_DACEx_ErrorCallbackCh2 could be implemented in the user file
   */
}
 80017e8:	4770      	bx	lr

080017ea <HAL_DACEx_DMAUnderrunCallbackCh2>:
  UNUSED(hdac);

  /* NOTE : This function should not be modified, when the callback is needed,
            the HAL_DACEx_DMAUnderrunCallbackCh2 could be implemented in the user file
   */
}
 80017ea:	4770      	bx	lr

080017ec <DAC_DMAConvCpltCh2>:
  * @param  hdma pointer to a DMA_HandleTypeDef structure that contains
  *                the configuration information for the specified DMA module.
  * @retval None
  */
void DAC_DMAConvCpltCh2(DMA_HandleTypeDef *hdma)
{
 80017ec:	b510      	push	{r4, lr}
  DAC_HandleTypeDef *hdac = (DAC_HandleTypeDef *)((DMA_HandleTypeDef *)hdma)->Parent;
 80017ee:	6b84      	ldr	r4, [r0, #56]	@ 0x38

#if (USE_HAL_DAC_REGISTER_CALLBACKS == 1)
  hdac->ConvCpltCallbackCh2(hdac);
#else
  HAL_DACEx_ConvCpltCallbackCh2(hdac);
 80017f0:	4620      	mov	r0, r4
 80017f2:	f7ff fa3f 	bl	8000c74 <HAL_DACEx_ConvCpltCallbackCh2>
#endif /* USE_HAL_DAC_REGISTER_CALLBACKS */

  hdac->State = HAL_DAC_STATE_READY;
 80017f6:	2301      	movs	r3, #1
 80017f8:	7123      	strb	r3, [r4, #4]
}
 80017fa:	bd10      	pop	{r4, pc}

080017fc <DAC_DMAHalfConvCpltCh2>:
  * @param  hdma pointer to a DMA_HandleTypeDef structure that contains
  *                the configuration information for the specified DMA module.
  * @retval None
  */
void DAC_DMAHalfConvCpltCh2(DMA_HandleTypeDef *hdma)
{
 80017fc:	b508      	push	{r3, lr}
  DAC_HandleTypeDef *hdac = (DAC_HandleTypeDef *)((DMA_HandleTypeDef *)hdma)->Parent;
  /* Conversion complete callback */
#if (USE_HAL_DAC_REGISTER_CALLBACKS == 1)
  hdac->ConvHalfCpltCallbackCh2(hdac);
#else
  HAL_DACEx_ConvHalfCpltCallbackCh2(hdac);
 80017fe:	6b80      	ldr	r0, [r0, #56]	@ 0x38
 8001800:	f7ff fa2e 	bl	8000c60 <HAL_DACEx_ConvHalfCpltCallbackCh2>
#endif /* USE_HAL_DAC_REGISTER_CALLBACKS */
}
 8001804:	bd08      	pop	{r3, pc}

08001806 <DAC_DMAErrorCh2>:
  * @param  hdma pointer to a DMA_HandleTypeDef structure that contains
  *                the configuration information for the specified DMA module.
  * @retval None
  */
void DAC_DMAErrorCh2(DMA_HandleTypeDef *hdma)
{
 8001806:	b510      	push	{r4, lr}
  DAC_HandleTypeDef *hdac = (DAC_HandleTypeDef *)((DMA_HandleTypeDef *)hdma)->Parent;
 8001808:	6b84      	ldr	r4, [r0, #56]	@ 0x38

  /* Set DAC error code to DMA error */
  hdac->ErrorCode |= HAL_DAC_ERROR_DMA;
 800180a:	6923      	ldr	r3, [r4, #16]
 800180c:	f043 0304 	orr.w	r3, r3, #4
 8001810:	6123      	str	r3, [r4, #16]

#if (USE_HAL_DAC_REGISTER_CALLBACKS == 1)
  hdac->ErrorCallbackCh2(hdac);
#else
  HAL_DACEx_ErrorCallbackCh2(hdac);
 8001812:	4620      	mov	r0, r4
 8001814:	f7ff ffe8 	bl	80017e8 <HAL_DACEx_ErrorCallbackCh2>
#endif /* USE_HAL_DAC_REGISTER_CALLBACKS */

  hdac->State = HAL_DAC_STATE_READY;
 8001818:	2301      	movs	r3, #1
 800181a:	7123      	strb	r3, [r4, #4]
}
 800181c:	bd10      	pop	{r4, pc}

0800181e <DMA_SetConfig>:
  * @param  DstAddress The destination memory Buffer address
  * @param  DataLength The length of data to be transferred from source to destination
  * @retval HAL status
  */
static void DMA_SetConfig(DMA_HandleTypeDef *hdma, uint32_t SrcAddress, uint32_t DstAddress, uint32_t DataLength)
{
 800181e:	b430      	push	{r4, r5}
  /* Clear DBM bit */
  hdma->Instance->CR &= (uint32_t)(~DMA_SxCR_DBM);
 8001820:	6805      	ldr	r5, [r0, #0]
 8001822:	682c      	ldr	r4, [r5, #0]
 8001824:	f424 2480 	bic.w	r4, r4, #262144	@ 0x40000
 8001828:	602c      	str	r4, [r5, #0]

  /* Configure DMA Stream data length */
  hdma->Instance->NDTR = DataLength;
 800182a:	6804      	ldr	r4, [r0, #0]
 800182c:	6063      	str	r3, [r4, #4]

  /* Memory to Peripheral */
  if((hdma->Init.Direction) == DMA_MEMORY_TO_PERIPH)
 800182e:	6883      	ldr	r3, [r0, #8]
 8001830:	2b40      	cmp	r3, #64	@ 0x40
 8001832:	d005      	beq.n	8001840 <DMA_SetConfig+0x22>
  }
  /* Peripheral to Memory */
  else
  {
    /* Configure DMA Stream source address */
    hdma->Instance->PAR = SrcAddress;
 8001834:	6803      	ldr	r3, [r0, #0]
 8001836:	6099      	str	r1, [r3, #8]

    /* Configure DMA Stream destination address */
    hdma->Instance->M0AR = DstAddress;
 8001838:	6803      	ldr	r3, [r0, #0]
 800183a:	60da      	str	r2, [r3, #12]
  }
}
 800183c:	bc30      	pop	{r4, r5}
 800183e:	4770      	bx	lr
    hdma->Instance->PAR = DstAddress;
 8001840:	6803      	ldr	r3, [r0, #0]
 8001842:	609a      	str	r2, [r3, #8]
    hdma->Instance->M0AR = SrcAddress;
 8001844:	6803      	ldr	r3, [r0, #0]
 8001846:	60d9      	str	r1, [r3, #12]
 8001848:	e7f8      	b.n	800183c <DMA_SetConfig+0x1e>
	...

0800184c <DMA_CalcBaseAndBitshift>:
  * @param  hdma       pointer to a DMA_HandleTypeDef structure that contains
  *                     the configuration information for the specified DMA Stream. 
  * @retval Stream base address
  */
static uint32_t DMA_CalcBaseAndBitshift(DMA_HandleTypeDef *hdma)
{
 800184c:	b410      	push	{r4}
  uint32_t stream_number = (((uint32_t)hdma->Instance & 0xFFU) - 16U) / 24U;
 800184e:	6803      	ldr	r3, [r0, #0]
 8001850:	b2d9      	uxtb	r1, r3
 8001852:	3910      	subs	r1, #16
 8001854:	4a0a      	ldr	r2, [pc, #40]	@ (8001880 <DMA_CalcBaseAndBitshift+0x34>)
 8001856:	fba2 4201 	umull	r4, r2, r2, r1
 800185a:	0912      	lsrs	r2, r2, #4
  
  /* lookup table for necessary bitshift of flags within status registers */
  static const uint8_t flagBitshiftOffset[8U] = {0U, 6U, 16U, 22U, 0U, 6U, 16U, 22U};
  hdma->StreamIndex = flagBitshiftOffset[stream_number];
 800185c:	4c09      	ldr	r4, [pc, #36]	@ (8001884 <DMA_CalcBaseAndBitshift+0x38>)
 800185e:	5ca2      	ldrb	r2, [r4, r2]
 8001860:	65c2      	str	r2, [r0, #92]	@ 0x5c
  
  if (stream_number > 3U)
 8001862:	295f      	cmp	r1, #95	@ 0x5f
 8001864:	d907      	bls.n	8001876 <DMA_CalcBaseAndBitshift+0x2a>
  {
    /* return pointer to HISR and HIFCR */
    hdma->StreamBaseAddress = (((uint32_t)hdma->Instance & (uint32_t)(~0x3FFU)) + 4U);
 8001866:	f36f 0309 	bfc	r3, #0, #10
 800186a:	3304      	adds	r3, #4
 800186c:	6583      	str	r3, [r0, #88]	@ 0x58
    /* return pointer to LISR and LIFCR */
    hdma->StreamBaseAddress = ((uint32_t)hdma->Instance & (uint32_t)(~0x3FFU));
  }
  
  return hdma->StreamBaseAddress;
}
 800186e:	6d80      	ldr	r0, [r0, #88]	@ 0x58
 8001870:	f85d 4b04 	ldr.w	r4, [sp], #4
 8001874:	4770      	bx	lr
    hdma->StreamBaseAddress = ((uint32_t)hdma->Instance & (uint32_t)(~0x3FFU));
 8001876:	f36f 0309 	bfc	r3, #0, #10
 800187a:	6583      	str	r3, [r0, #88]	@ 0x58
 800187c:	e7f7      	b.n	800186e <DMA_CalcBaseAndBitshift+0x22>
 800187e:	bf00      	nop
 8001880:	aaaaaaab 	.word	0xaaaaaaab
 8001884:	08003b60 	.word	0x08003b60

08001888 <DMA_CheckFifoParam>:
  * @retval HAL status
  */
static HAL_StatusTypeDef DMA_CheckFifoParam(DMA_HandleTypeDef *hdma)
{
  HAL_StatusTypeDef status = HAL_OK;
  uint32_t tmp = hdma->Init.FIFOThreshold;
 8001888:	6a83      	ldr	r3, [r0, #40]	@ 0x28
  
  /* Memory Data size equal to Byte */
  if(hdma->Init.MemDataAlignment == DMA_MDATAALIGN_BYTE)
 800188a:	6982      	ldr	r2, [r0, #24]
 800188c:	b992      	cbnz	r2, 80018b4 <DMA_CheckFifoParam+0x2c>
  {
    switch (tmp)
 800188e:	2b01      	cmp	r3, #1
 8001890:	d00a      	beq.n	80018a8 <DMA_CheckFifoParam+0x20>
 8001892:	2b02      	cmp	r3, #2
 8001894:	d002      	beq.n	800189c <DMA_CheckFifoParam+0x14>
 8001896:	b10b      	cbz	r3, 800189c <DMA_CheckFifoParam+0x14>
 8001898:	2000      	movs	r0, #0
 800189a:	4770      	bx	lr
    {
    case DMA_FIFO_THRESHOLD_1QUARTERFULL:
    case DMA_FIFO_THRESHOLD_3QUARTERSFULL:
      if ((hdma->Init.MemBurst & DMA_SxCR_MBURST_1) == DMA_SxCR_MBURST_1)
 800189c:	6ac3      	ldr	r3, [r0, #44]	@ 0x2c
 800189e:	f013 7f80 	tst.w	r3, #16777216	@ 0x1000000
 80018a2:	d128      	bne.n	80018f6 <DMA_CheckFifoParam+0x6e>
  HAL_StatusTypeDef status = HAL_OK;
 80018a4:	2000      	movs	r0, #0
 80018a6:	4770      	bx	lr
      {
        status = HAL_ERROR;
      }
      break;
    case DMA_FIFO_THRESHOLD_HALFFULL:
      if (hdma->Init.MemBurst == DMA_MBURST_INC16)
 80018a8:	6ac3      	ldr	r3, [r0, #44]	@ 0x2c
 80018aa:	f1b3 7fc0 	cmp.w	r3, #25165824	@ 0x1800000
 80018ae:	d024      	beq.n	80018fa <DMA_CheckFifoParam+0x72>
  HAL_StatusTypeDef status = HAL_OK;
 80018b0:	2000      	movs	r0, #0
 80018b2:	4770      	bx	lr
      break;
    }
  }
  
  /* Memory Data size equal to Half-Word */
  else if (hdma->Init.MemDataAlignment == DMA_MDATAALIGN_HALFWORD)
 80018b4:	f5b2 5f00 	cmp.w	r2, #8192	@ 0x2000
 80018b8:	d009      	beq.n	80018ce <DMA_CheckFifoParam+0x46>
  }
  
  /* Memory Data size equal to Word */
  else
  {
    switch (tmp)
 80018ba:	2b02      	cmp	r3, #2
 80018bc:	d925      	bls.n	800190a <DMA_CheckFifoParam+0x82>
 80018be:	2b03      	cmp	r3, #3
 80018c0:	d125      	bne.n	800190e <DMA_CheckFifoParam+0x86>
    case DMA_FIFO_THRESHOLD_HALFFULL:
    case DMA_FIFO_THRESHOLD_3QUARTERSFULL:
      status = HAL_ERROR;
      break;
    case DMA_FIFO_THRESHOLD_FULL:
      if ((hdma->Init.MemBurst & DMA_SxCR_MBURST_1) == DMA_SxCR_MBURST_1)
 80018c2:	6ac3      	ldr	r3, [r0, #44]	@ 0x2c
 80018c4:	f013 7f80 	tst.w	r3, #16777216	@ 0x1000000
 80018c8:	d123      	bne.n	8001912 <DMA_CheckFifoParam+0x8a>
  HAL_StatusTypeDef status = HAL_OK;
 80018ca:	2000      	movs	r0, #0
 80018cc:	4770      	bx	lr
    switch (tmp)
 80018ce:	2b03      	cmp	r3, #3
 80018d0:	d803      	bhi.n	80018da <DMA_CheckFifoParam+0x52>
 80018d2:	e8df f003 	tbb	[pc, r3]
 80018d6:	0414      	.short	0x0414
 80018d8:	0a14      	.short	0x0a14
 80018da:	2000      	movs	r0, #0
 80018dc:	4770      	bx	lr
      if ((hdma->Init.MemBurst & DMA_SxCR_MBURST_1) == DMA_SxCR_MBURST_1)
 80018de:	6ac3      	ldr	r3, [r0, #44]	@ 0x2c
 80018e0:	f013 7f80 	tst.w	r3, #16777216	@ 0x1000000
 80018e4:	d10d      	bne.n	8001902 <DMA_CheckFifoParam+0x7a>
  HAL_StatusTypeDef status = HAL_OK;
 80018e6:	2000      	movs	r0, #0
 80018e8:	4770      	bx	lr
      if (hdma->Init.MemBurst == DMA_MBURST_INC16)
 80018ea:	6ac3      	ldr	r3, [r0, #44]	@ 0x2c
 80018ec:	f1b3 7fc0 	cmp.w	r3, #25165824	@ 0x1800000
 80018f0:	d009      	beq.n	8001906 <DMA_CheckFifoParam+0x7e>
  HAL_StatusTypeDef status = HAL_OK;
 80018f2:	2000      	movs	r0, #0
 80018f4:	4770      	bx	lr
        status = HAL_ERROR;
 80018f6:	2001      	movs	r0, #1
 80018f8:	4770      	bx	lr
        status = HAL_ERROR;
 80018fa:	2001      	movs	r0, #1
 80018fc:	4770      	bx	lr
      status = HAL_ERROR;
 80018fe:	2001      	movs	r0, #1
 8001900:	4770      	bx	lr
        status = HAL_ERROR;
 8001902:	2001      	movs	r0, #1
 8001904:	4770      	bx	lr
        status = HAL_ERROR;
 8001906:	2001      	movs	r0, #1
 8001908:	4770      	bx	lr
      status = HAL_ERROR;
 800190a:	2001      	movs	r0, #1
 800190c:	4770      	bx	lr
    switch (tmp)
 800190e:	2000      	movs	r0, #0
 8001910:	4770      	bx	lr
      {
        status = HAL_ERROR;
 8001912:	2001      	movs	r0, #1
      break;
    }
  } 
  
  return status; 
}
 8001914:	4770      	bx	lr
	...

08001918 <HAL_DMA_Init>:
{
 8001918:	b570      	push	{r4, r5, r6, lr}
 800191a:	4604      	mov	r4, r0
  uint32_t tickstart = HAL_GetTick();
 800191c:	f7ff fa02 	bl	8000d24 <HAL_GetTick>
  if(hdma == NULL)
 8001920:	2c00      	cmp	r4, #0
 8001922:	d05b      	beq.n	80019dc <HAL_DMA_Init+0xc4>
 8001924:	4605      	mov	r5, r0
  hdma->State = HAL_DMA_STATE_BUSY;
 8001926:	2302      	movs	r3, #2
 8001928:	f884 3035 	strb.w	r3, [r4, #53]	@ 0x35
  __HAL_UNLOCK(hdma);
 800192c:	2300      	movs	r3, #0
 800192e:	f884 3034 	strb.w	r3, [r4, #52]	@ 0x34
  __HAL_DMA_DISABLE(hdma);
 8001932:	6822      	ldr	r2, [r4, #0]
 8001934:	6813      	ldr	r3, [r2, #0]
 8001936:	f023 0301 	bic.w	r3, r3, #1
 800193a:	6013      	str	r3, [r2, #0]
  while((hdma->Instance->CR & DMA_SxCR_EN) != RESET)
 800193c:	6823      	ldr	r3, [r4, #0]
 800193e:	681a      	ldr	r2, [r3, #0]
 8001940:	f012 0f01 	tst.w	r2, #1
 8001944:	d00a      	beq.n	800195c <HAL_DMA_Init+0x44>
    if((HAL_GetTick() - tickstart ) > HAL_TIMEOUT_DMA_ABORT)
 8001946:	f7ff f9ed 	bl	8000d24 <HAL_GetTick>
 800194a:	1b43      	subs	r3, r0, r5
 800194c:	2b05      	cmp	r3, #5
 800194e:	d9f5      	bls.n	800193c <HAL_DMA_Init+0x24>
      hdma->ErrorCode = HAL_DMA_ERROR_TIMEOUT;
 8001950:	2320      	movs	r3, #32
 8001952:	6563      	str	r3, [r4, #84]	@ 0x54
      hdma->State = HAL_DMA_STATE_TIMEOUT;
 8001954:	2003      	movs	r0, #3
 8001956:	f884 0035 	strb.w	r0, [r4, #53]	@ 0x35
}
 800195a:	bd70      	pop	{r4, r5, r6, pc}
  tmp = hdma->Instance->CR;
 800195c:	681a      	ldr	r2, [r3, #0]
  tmp &= ((uint32_t)~(DMA_SxCR_CHSEL | DMA_SxCR_MBURST | DMA_SxCR_PBURST | \
 800195e:	4920      	ldr	r1, [pc, #128]	@ (80019e0 <HAL_DMA_Init+0xc8>)
 8001960:	4011      	ands	r1, r2
  tmp |=  hdma->Init.Channel             | hdma->Init.Direction        |
 8001962:	6862      	ldr	r2, [r4, #4]
 8001964:	68a0      	ldr	r0, [r4, #8]
 8001966:	4302      	orrs	r2, r0
          hdma->Init.PeriphInc           | hdma->Init.MemInc           |
 8001968:	68e0      	ldr	r0, [r4, #12]
  tmp |=  hdma->Init.Channel             | hdma->Init.Direction        |
 800196a:	4302      	orrs	r2, r0
          hdma->Init.PeriphInc           | hdma->Init.MemInc           |
 800196c:	6920      	ldr	r0, [r4, #16]
 800196e:	4302      	orrs	r2, r0
          hdma->Init.PeriphDataAlignment | hdma->Init.MemDataAlignment |
 8001970:	6960      	ldr	r0, [r4, #20]
          hdma->Init.PeriphInc           | hdma->Init.MemInc           |
 8001972:	4302      	orrs	r2, r0
          hdma->Init.PeriphDataAlignment | hdma->Init.MemDataAlignment |
 8001974:	69a0      	ldr	r0, [r4, #24]
 8001976:	4302      	orrs	r2, r0
          hdma->Init.Mode                | hdma->Init.Priority;
 8001978:	69e0      	ldr	r0, [r4, #28]
          hdma->Init.PeriphDataAlignment | hdma->Init.MemDataAlignment |
 800197a:	4302      	orrs	r2, r0
          hdma->Init.Mode                | hdma->Init.Priority;
 800197c:	6a20      	ldr	r0, [r4, #32]
 800197e:	4302      	orrs	r2, r0
  tmp |=  hdma->Init.Channel             | hdma->Init.Direction        |
 8001980:	430a      	orrs	r2, r1
  if(hdma->Init.FIFOMode == DMA_FIFOMODE_ENABLE)
 8001982:	6a61      	ldr	r1, [r4, #36]	@ 0x24
 8001984:	2904      	cmp	r1, #4
 8001986:	d01e      	beq.n	80019c6 <HAL_DMA_Init+0xae>
  hdma->Instance->CR = tmp;  
 8001988:	601a      	str	r2, [r3, #0]
  tmp = hdma->Instance->FCR;
 800198a:	6826      	ldr	r6, [r4, #0]
 800198c:	6975      	ldr	r5, [r6, #20]
  tmp &= (uint32_t)~(DMA_SxFCR_DMDIS | DMA_SxFCR_FTH);
 800198e:	f025 0507 	bic.w	r5, r5, #7
  tmp |= hdma->Init.FIFOMode;
 8001992:	6a63      	ldr	r3, [r4, #36]	@ 0x24
 8001994:	431d      	orrs	r5, r3
  if(hdma->Init.FIFOMode == DMA_FIFOMODE_ENABLE)
 8001996:	2b04      	cmp	r3, #4
 8001998:	d107      	bne.n	80019aa <HAL_DMA_Init+0x92>
    tmp |= hdma->Init.FIFOThreshold;
 800199a:	6aa3      	ldr	r3, [r4, #40]	@ 0x28
 800199c:	431d      	orrs	r5, r3
    if (hdma->Init.MemBurst != DMA_MBURST_SINGLE)
 800199e:	6ae3      	ldr	r3, [r4, #44]	@ 0x2c
 80019a0:	b11b      	cbz	r3, 80019aa <HAL_DMA_Init+0x92>
      if (DMA_CheckFifoParam(hdma) != HAL_OK)
 80019a2:	4620      	mov	r0, r4
 80019a4:	f7ff ff70 	bl	8001888 <DMA_CheckFifoParam>
 80019a8:	b990      	cbnz	r0, 80019d0 <HAL_DMA_Init+0xb8>
  hdma->Instance->FCR = tmp;
 80019aa:	6175      	str	r5, [r6, #20]
  regs = (DMA_Base_Registers *)DMA_CalcBaseAndBitshift(hdma);
 80019ac:	4620      	mov	r0, r4
 80019ae:	f7ff ff4d 	bl	800184c <DMA_CalcBaseAndBitshift>
  regs->IFCR = 0x3FU << hdma->StreamIndex;
 80019b2:	6de2      	ldr	r2, [r4, #92]	@ 0x5c
 80019b4:	233f      	movs	r3, #63	@ 0x3f
 80019b6:	4093      	lsls	r3, r2
 80019b8:	6083      	str	r3, [r0, #8]
  hdma->ErrorCode = HAL_DMA_ERROR_NONE;
 80019ba:	2000      	movs	r0, #0
 80019bc:	6560      	str	r0, [r4, #84]	@ 0x54
  hdma->State = HAL_DMA_STATE_READY;
 80019be:	2301      	movs	r3, #1
 80019c0:	f884 3035 	strb.w	r3, [r4, #53]	@ 0x35
  return HAL_OK;
 80019c4:	e7c9      	b.n	800195a <HAL_DMA_Init+0x42>
    tmp |=  hdma->Init.MemBurst | hdma->Init.PeriphBurst;
 80019c6:	6ae1      	ldr	r1, [r4, #44]	@ 0x2c
 80019c8:	6b20      	ldr	r0, [r4, #48]	@ 0x30
 80019ca:	4301      	orrs	r1, r0
 80019cc:	430a      	orrs	r2, r1
 80019ce:	e7db      	b.n	8001988 <HAL_DMA_Init+0x70>
        hdma->ErrorCode = HAL_DMA_ERROR_PARAM;
 80019d0:	2340      	movs	r3, #64	@ 0x40
 80019d2:	6563      	str	r3, [r4, #84]	@ 0x54
        hdma->State = HAL_DMA_STATE_READY;
 80019d4:	2001      	movs	r0, #1
 80019d6:	f884 0035 	strb.w	r0, [r4, #53]	@ 0x35
        return HAL_ERROR; 
 80019da:	e7be      	b.n	800195a <HAL_DMA_Init+0x42>
    return HAL_ERROR;
 80019dc:	2001      	movs	r0, #1
 80019de:	e7bc      	b.n	800195a <HAL_DMA_Init+0x42>
 80019e0:	f010803f 	.word	0xf010803f

080019e4 <HAL_DMA_Start_IT>:
{
 80019e4:	b538      	push	{r3, r4, r5, lr}
 80019e6:	4604      	mov	r4, r0
  DMA_Base_Registers *regs = (DMA_Base_Registers *)hdma->StreamBaseAddress;
 80019e8:	6d85      	ldr	r5, [r0, #88]	@ 0x58
  __HAL_LOCK(hdma);
 80019ea:	f890 0034 	ldrb.w	r0, [r0, #52]	@ 0x34
 80019ee:	2801      	cmp	r0, #1
 80019f0:	d02a      	beq.n	8001a48 <HAL_DMA_Start_IT+0x64>
 80019f2:	2001      	movs	r0, #1
 80019f4:	f884 0034 	strb.w	r0, [r4, #52]	@ 0x34
  if(HAL_DMA_STATE_READY == hdma->State)
 80019f8:	f894 0035 	ldrb.w	r0, [r4, #53]	@ 0x35
 80019fc:	2801      	cmp	r0, #1
 80019fe:	d004      	beq.n	8001a0a <HAL_DMA_Start_IT+0x26>
    __HAL_UNLOCK(hdma);	  
 8001a00:	2300      	movs	r3, #0
 8001a02:	f884 3034 	strb.w	r3, [r4, #52]	@ 0x34
    status = HAL_BUSY;
 8001a06:	2002      	movs	r0, #2
}
 8001a08:	bd38      	pop	{r3, r4, r5, pc}
    hdma->State = HAL_DMA_STATE_BUSY;
 8001a0a:	2002      	movs	r0, #2
 8001a0c:	f884 0035 	strb.w	r0, [r4, #53]	@ 0x35
    hdma->ErrorCode = HAL_DMA_ERROR_NONE;
 8001a10:	2000      	movs	r0, #0
 8001a12:	6560      	str	r0, [r4, #84]	@ 0x54
    DMA_SetConfig(hdma, SrcAddress, DstAddress, DataLength);
 8001a14:	4620      	mov	r0, r4
 8001a16:	f7ff ff02 	bl	800181e <DMA_SetConfig>
    regs->IFCR = 0x3FU << hdma->StreamIndex;
 8001a1a:	6de2      	ldr	r2, [r4, #92]	@ 0x5c
 8001a1c:	233f      	movs	r3, #63	@ 0x3f
 8001a1e:	4093      	lsls	r3, r2
 8001a20:	60ab      	str	r3, [r5, #8]
    hdma->Instance->CR  |= DMA_IT_TC | DMA_IT_TE | DMA_IT_DME;
 8001a22:	6822      	ldr	r2, [r4, #0]
 8001a24:	6813      	ldr	r3, [r2, #0]
 8001a26:	f043 0316 	orr.w	r3, r3, #22
 8001a2a:	6013      	str	r3, [r2, #0]
    if(hdma->XferHalfCpltCallback != NULL)
 8001a2c:	6c23      	ldr	r3, [r4, #64]	@ 0x40
 8001a2e:	b123      	cbz	r3, 8001a3a <HAL_DMA_Start_IT+0x56>
      hdma->Instance->CR  |= DMA_IT_HT;
 8001a30:	6822      	ldr	r2, [r4, #0]
 8001a32:	6813      	ldr	r3, [r2, #0]
 8001a34:	f043 0308 	orr.w	r3, r3, #8
 8001a38:	6013      	str	r3, [r2, #0]
    __HAL_DMA_ENABLE(hdma);
 8001a3a:	6822      	ldr	r2, [r4, #0]
 8001a3c:	6813      	ldr	r3, [r2, #0]
 8001a3e:	f043 0301 	orr.w	r3, r3, #1
 8001a42:	6013      	str	r3, [r2, #0]
  HAL_StatusTypeDef status = HAL_OK;
 8001a44:	2000      	movs	r0, #0
 8001a46:	e7df      	b.n	8001a08 <HAL_DMA_Start_IT+0x24>
  __HAL_LOCK(hdma);
 8001a48:	2002      	movs	r0, #2
 8001a4a:	e7dd      	b.n	8001a08 <HAL_DMA_Start_IT+0x24>

08001a4c <HAL_DMA_Abort>:
{
 8001a4c:	b570      	push	{r4, r5, r6, lr}
 8001a4e:	4604      	mov	r4, r0
  DMA_Base_Registers *regs = (DMA_Base_Registers *)hdma->StreamBaseAddress;
 8001a50:	6d86      	ldr	r6, [r0, #88]	@ 0x58
  uint32_t tickstart = HAL_GetTick();
 8001a52:	f7ff f967 	bl	8000d24 <HAL_GetTick>
  if(hdma->State != HAL_DMA_STATE_BUSY)
 8001a56:	f894 3035 	ldrb.w	r3, [r4, #53]	@ 0x35
 8001a5a:	2b02      	cmp	r3, #2
 8001a5c:	d006      	beq.n	8001a6c <HAL_DMA_Abort+0x20>
    hdma->ErrorCode = HAL_DMA_ERROR_NO_XFER;
 8001a5e:	2380      	movs	r3, #128	@ 0x80
 8001a60:	6563      	str	r3, [r4, #84]	@ 0x54
    __HAL_UNLOCK(hdma);
 8001a62:	2300      	movs	r3, #0
 8001a64:	f884 3034 	strb.w	r3, [r4, #52]	@ 0x34
    return HAL_ERROR;
 8001a68:	2001      	movs	r0, #1
}
 8001a6a:	bd70      	pop	{r4, r5, r6, pc}
 8001a6c:	4605      	mov	r5, r0
    hdma->Instance->CR  &= ~(DMA_IT_TC | DMA_IT_TE | DMA_IT_DME);
 8001a6e:	6822      	ldr	r2, [r4, #0]
 8001a70:	6813      	ldr	r3, [r2, #0]
 8001a72:	f023 0316 	bic.w	r3, r3, #22
 8001a76:	6013      	str	r3, [r2, #0]
    hdma->Instance->FCR &= ~(DMA_IT_FE);
 8001a78:	6822      	ldr	r2, [r4, #0]
 8001a7a:	6953      	ldr	r3, [r2, #20]
 8001a7c:	f023 0380 	bic.w	r3, r3, #128	@ 0x80
 8001a80:	6153      	str	r3, [r2, #20]
    if((hdma->XferHalfCpltCallback != NULL) || (hdma->XferM1HalfCpltCallback != NULL))
 8001a82:	6c23      	ldr	r3, [r4, #64]	@ 0x40
 8001a84:	b1e3      	cbz	r3, 8001ac0 <HAL_DMA_Abort+0x74>
      hdma->Instance->CR  &= ~(DMA_IT_HT);
 8001a86:	6822      	ldr	r2, [r4, #0]
 8001a88:	6813      	ldr	r3, [r2, #0]
 8001a8a:	f023 0308 	bic.w	r3, r3, #8
 8001a8e:	6013      	str	r3, [r2, #0]
    __HAL_DMA_DISABLE(hdma);
 8001a90:	6822      	ldr	r2, [r4, #0]
 8001a92:	6813      	ldr	r3, [r2, #0]
 8001a94:	f023 0301 	bic.w	r3, r3, #1
 8001a98:	6013      	str	r3, [r2, #0]
    while((hdma->Instance->CR & DMA_SxCR_EN) != RESET)
 8001a9a:	6823      	ldr	r3, [r4, #0]
 8001a9c:	681b      	ldr	r3, [r3, #0]
 8001a9e:	f013 0f01 	tst.w	r3, #1
 8001aa2:	d011      	beq.n	8001ac8 <HAL_DMA_Abort+0x7c>
      if((HAL_GetTick() - tickstart ) > HAL_TIMEOUT_DMA_ABORT)
 8001aa4:	f7ff f93e 	bl	8000d24 <HAL_GetTick>
 8001aa8:	1b43      	subs	r3, r0, r5
 8001aaa:	2b05      	cmp	r3, #5
 8001aac:	d9f5      	bls.n	8001a9a <HAL_DMA_Abort+0x4e>
        hdma->ErrorCode = HAL_DMA_ERROR_TIMEOUT;
 8001aae:	2320      	movs	r3, #32
 8001ab0:	6563      	str	r3, [r4, #84]	@ 0x54
        hdma->State = HAL_DMA_STATE_TIMEOUT;
 8001ab2:	2003      	movs	r0, #3
 8001ab4:	f884 0035 	strb.w	r0, [r4, #53]	@ 0x35
        __HAL_UNLOCK(hdma);
 8001ab8:	2300      	movs	r3, #0
 8001aba:	f884 3034 	strb.w	r3, [r4, #52]	@ 0x34
        return HAL_TIMEOUT;
 8001abe:	e7d4      	b.n	8001a6a <HAL_DMA_Abort+0x1e>
    if((hdma->XferHalfCpltCallback != NULL) || (hdma->XferM1HalfCpltCallback != NULL))
 8001ac0:	6ca3      	ldr	r3, [r4, #72]	@ 0x48
 8001ac2:	2b00      	cmp	r3, #0
 8001ac4:	d1df      	bne.n	8001a86 <HAL_DMA_Abort+0x3a>
 8001ac6:	e7e3      	b.n	8001a90 <HAL_DMA_Abort+0x44>
    regs->IFCR = 0x3FU << hdma->StreamIndex;
 8001ac8:	6de2      	ldr	r2, [r4, #92]	@ 0x5c
 8001aca:	233f      	movs	r3, #63	@ 0x3f
 8001acc:	4093      	lsls	r3, r2
 8001ace:	60b3      	str	r3, [r6, #8]
    hdma->State = HAL_DMA_STATE_READY;
 8001ad0:	2301      	movs	r3, #1
 8001ad2:	f884 3035 	strb.w	r3, [r4, #53]	@ 0x35
    __HAL_UNLOCK(hdma);
 8001ad6:	2000      	movs	r0, #0
 8001ad8:	f884 0034 	strb.w	r0, [r4, #52]	@ 0x34
  return HAL_OK;
 8001adc:	e7c5      	b.n	8001a6a <HAL_DMA_Abort+0x1e>

08001ade <HAL_DMA_Abort_IT>:
  if(hdma->State != HAL_DMA_STATE_BUSY)
 8001ade:	f890 3035 	ldrb.w	r3, [r0, #53]	@ 0x35
 8001ae2:	2b02      	cmp	r3, #2
 8001ae4:	d003      	beq.n	8001aee <HAL_DMA_Abort_IT+0x10>
    hdma->ErrorCode = HAL_DMA_ERROR_NO_XFER;
 8001ae6:	2380      	movs	r3, #128	@ 0x80
 8001ae8:	6543      	str	r3, [r0, #84]	@ 0x54
    return HAL_ERROR;
 8001aea:	2001      	movs	r0, #1
 8001aec:	4770      	bx	lr
    hdma->State = HAL_DMA_STATE_ABORT;
 8001aee:	2305      	movs	r3, #5
 8001af0:	f880 3035 	strb.w	r3, [r0, #53]	@ 0x35
    __HAL_DMA_DISABLE(hdma);
 8001af4:	6802      	ldr	r2, [r0, #0]
 8001af6:	6813      	ldr	r3, [r2, #0]
 8001af8:	f023 0301 	bic.w	r3, r3, #1
 8001afc:	6013      	str	r3, [r2, #0]
  return HAL_OK;
 8001afe:	2000      	movs	r0, #0
}
 8001b00:	4770      	bx	lr
	...

08001b04 <HAL_DMA_IRQHandler>:
{
 8001b04:	b5f0      	push	{r4, r5, r6, r7, lr}
 8001b06:	b083      	sub	sp, #12
 8001b08:	4604      	mov	r4, r0
  __IO uint32_t count = 0U;
 8001b0a:	2300      	movs	r3, #0
 8001b0c:	9301      	str	r3, [sp, #4]
  uint32_t timeout = SystemCoreClock / 9600U;
 8001b0e:	4b72      	ldr	r3, [pc, #456]	@ (8001cd8 <HAL_DMA_IRQHandler+0x1d4>)
 8001b10:	681d      	ldr	r5, [r3, #0]
 8001b12:	4b72      	ldr	r3, [pc, #456]	@ (8001cdc <HAL_DMA_IRQHandler+0x1d8>)
 8001b14:	fba3 3505 	umull	r3, r5, r3, r5
 8001b18:	0aad      	lsrs	r5, r5, #10
  DMA_Base_Registers *regs = (DMA_Base_Registers *)hdma->StreamBaseAddress;
 8001b1a:	6d87      	ldr	r7, [r0, #88]	@ 0x58
  tmpisr = regs->ISR;
 8001b1c:	683e      	ldr	r6, [r7, #0]
  if ((tmpisr & (DMA_FLAG_TEIF0_4 << hdma->StreamIndex)) != RESET)
 8001b1e:	6dc2      	ldr	r2, [r0, #92]	@ 0x5c
 8001b20:	2308      	movs	r3, #8
 8001b22:	4093      	lsls	r3, r2
 8001b24:	4233      	tst	r3, r6
 8001b26:	d010      	beq.n	8001b4a <HAL_DMA_IRQHandler+0x46>
    if(__HAL_DMA_GET_IT_SOURCE(hdma, DMA_IT_TE) != RESET)
 8001b28:	6803      	ldr	r3, [r0, #0]
 8001b2a:	681a      	ldr	r2, [r3, #0]
 8001b2c:	f012 0f04 	tst.w	r2, #4
 8001b30:	d00b      	beq.n	8001b4a <HAL_DMA_IRQHandler+0x46>
      hdma->Instance->CR  &= ~(DMA_IT_TE);
 8001b32:	681a      	ldr	r2, [r3, #0]
 8001b34:	f022 0204 	bic.w	r2, r2, #4
 8001b38:	601a      	str	r2, [r3, #0]
      regs->IFCR = DMA_FLAG_TEIF0_4 << hdma->StreamIndex;
 8001b3a:	6dc2      	ldr	r2, [r0, #92]	@ 0x5c
 8001b3c:	2308      	movs	r3, #8
 8001b3e:	4093      	lsls	r3, r2
 8001b40:	60bb      	str	r3, [r7, #8]
      hdma->ErrorCode |= HAL_DMA_ERROR_TE;
 8001b42:	6d43      	ldr	r3, [r0, #84]	@ 0x54
 8001b44:	f043 0301 	orr.w	r3, r3, #1
 8001b48:	6543      	str	r3, [r0, #84]	@ 0x54
  if ((tmpisr & (DMA_FLAG_FEIF0_4 << hdma->StreamIndex)) != RESET)
 8001b4a:	6de2      	ldr	r2, [r4, #92]	@ 0x5c
 8001b4c:	2301      	movs	r3, #1
 8001b4e:	4093      	lsls	r3, r2
 8001b50:	4233      	tst	r3, r6
 8001b52:	d009      	beq.n	8001b68 <HAL_DMA_IRQHandler+0x64>
    if(__HAL_DMA_GET_IT_SOURCE(hdma, DMA_IT_FE) != RESET)
 8001b54:	6822      	ldr	r2, [r4, #0]
 8001b56:	6952      	ldr	r2, [r2, #20]
 8001b58:	f012 0f80 	tst.w	r2, #128	@ 0x80
 8001b5c:	d004      	beq.n	8001b68 <HAL_DMA_IRQHandler+0x64>
      regs->IFCR = DMA_FLAG_FEIF0_4 << hdma->StreamIndex;
 8001b5e:	60bb      	str	r3, [r7, #8]
      hdma->ErrorCode |= HAL_DMA_ERROR_FE;
 8001b60:	6d63      	ldr	r3, [r4, #84]	@ 0x54
 8001b62:	f043 0302 	orr.w	r3, r3, #2
 8001b66:	6563      	str	r3, [r4, #84]	@ 0x54
  if ((tmpisr & (DMA_FLAG_DMEIF0_4 << hdma->StreamIndex)) != RESET)
 8001b68:	6de2      	ldr	r2, [r4, #92]	@ 0x5c
 8001b6a:	2304      	movs	r3, #4
 8001b6c:	4093      	lsls	r3, r2
 8001b6e:	4233      	tst	r3, r6
 8001b70:	d009      	beq.n	8001b86 <HAL_DMA_IRQHandler+0x82>
    if(__HAL_DMA_GET_IT_SOURCE(hdma, DMA_IT_DME) != RESET)
 8001b72:	6822      	ldr	r2, [r4, #0]
 8001b74:	6812      	ldr	r2, [r2, #0]
 8001b76:	f012 0f02 	tst.w	r2, #2
 8001b7a:	d004      	beq.n	8001b86 <HAL_DMA_IRQHandler+0x82>
      regs->IFCR = DMA_FLAG_DMEIF0_4 << hdma->StreamIndex;
 8001b7c:	60bb      	str	r3, [r7, #8]
      hdma->ErrorCode |= HAL_DMA_ERROR_DME;
 8001b7e:	6d63      	ldr	r3, [r4, #84]	@ 0x54
 8001b80:	f043 0304 	orr.w	r3, r3, #4
 8001b84:	6563      	str	r3, [r4, #84]	@ 0x54
  if ((tmpisr & (DMA_FLAG_HTIF0_4 << hdma->StreamIndex)) != RESET)
 8001b86:	6de2      	ldr	r2, [r4, #92]	@ 0x5c
 8001b88:	2310      	movs	r3, #16
 8001b8a:	4093      	lsls	r3, r2
 8001b8c:	4233      	tst	r3, r6
 8001b8e:	d024      	beq.n	8001bda <HAL_DMA_IRQHandler+0xd6>
    if(__HAL_DMA_GET_IT_SOURCE(hdma, DMA_IT_HT) != RESET)
 8001b90:	6822      	ldr	r2, [r4, #0]
 8001b92:	6812      	ldr	r2, [r2, #0]
 8001b94:	f012 0f08 	tst.w	r2, #8
 8001b98:	d01f      	beq.n	8001bda <HAL_DMA_IRQHandler+0xd6>
      regs->IFCR = DMA_FLAG_HTIF0_4 << hdma->StreamIndex;
 8001b9a:	60bb      	str	r3, [r7, #8]
      if(((hdma->Instance->CR) & (uint32_t)(DMA_SxCR_DBM)) != RESET)
 8001b9c:	6823      	ldr	r3, [r4, #0]
 8001b9e:	681a      	ldr	r2, [r3, #0]
 8001ba0:	f412 2f80 	tst.w	r2, #262144	@ 0x40000
 8001ba4:	d00d      	beq.n	8001bc2 <HAL_DMA_IRQHandler+0xbe>
        if((hdma->Instance->CR & DMA_SxCR_CT) == RESET)
 8001ba6:	681b      	ldr	r3, [r3, #0]
 8001ba8:	f413 2f00 	tst.w	r3, #524288	@ 0x80000
 8001bac:	d104      	bne.n	8001bb8 <HAL_DMA_IRQHandler+0xb4>
          if(hdma->XferHalfCpltCallback != NULL)
 8001bae:	6c23      	ldr	r3, [r4, #64]	@ 0x40
 8001bb0:	b19b      	cbz	r3, 8001bda <HAL_DMA_IRQHandler+0xd6>
            hdma->XferHalfCpltCallback(hdma);
 8001bb2:	4620      	mov	r0, r4
 8001bb4:	4798      	blx	r3
 8001bb6:	e010      	b.n	8001bda <HAL_DMA_IRQHandler+0xd6>
          if(hdma->XferM1HalfCpltCallback != NULL)
 8001bb8:	6ca3      	ldr	r3, [r4, #72]	@ 0x48
 8001bba:	b173      	cbz	r3, 8001bda <HAL_DMA_IRQHandler+0xd6>
            hdma->XferM1HalfCpltCallback(hdma);
 8001bbc:	4620      	mov	r0, r4
 8001bbe:	4798      	blx	r3
 8001bc0:	e00b      	b.n	8001bda <HAL_DMA_IRQHandler+0xd6>
        if((hdma->Instance->CR & DMA_SxCR_CIRC) == RESET)
 8001bc2:	681a      	ldr	r2, [r3, #0]
 8001bc4:	f412 7f80 	tst.w	r2, #256	@ 0x100
 8001bc8:	d103      	bne.n	8001bd2 <HAL_DMA_IRQHandler+0xce>
          hdma->Instance->CR  &= ~(DMA_IT_HT);
 8001bca:	681a      	ldr	r2, [r3, #0]
 8001bcc:	f022 0208 	bic.w	r2, r2, #8
 8001bd0:	601a      	str	r2, [r3, #0]
        if(hdma->XferHalfCpltCallback != NULL)
 8001bd2:	6c23      	ldr	r3, [r4, #64]	@ 0x40
 8001bd4:	b10b      	cbz	r3, 8001bda <HAL_DMA_IRQHandler+0xd6>
          hdma->XferHalfCpltCallback(hdma);
 8001bd6:	4620      	mov	r0, r4
 8001bd8:	4798      	blx	r3
  if ((tmpisr & (DMA_FLAG_TCIF0_4 << hdma->StreamIndex)) != RESET)
 8001bda:	6de2      	ldr	r2, [r4, #92]	@ 0x5c
 8001bdc:	2320      	movs	r3, #32
 8001bde:	4093      	lsls	r3, r2
 8001be0:	4233      	tst	r3, r6
 8001be2:	d054      	beq.n	8001c8e <HAL_DMA_IRQHandler+0x18a>
    if(__HAL_DMA_GET_IT_SOURCE(hdma, DMA_IT_TC) != RESET)
 8001be4:	6822      	ldr	r2, [r4, #0]
 8001be6:	6812      	ldr	r2, [r2, #0]
 8001be8:	f012 0f10 	tst.w	r2, #16
 8001bec:	d04f      	beq.n	8001c8e <HAL_DMA_IRQHandler+0x18a>
      regs->IFCR = DMA_FLAG_TCIF0_4 << hdma->StreamIndex;
 8001bee:	60bb      	str	r3, [r7, #8]
      if(HAL_DMA_STATE_ABORT == hdma->State)
 8001bf0:	f894 3035 	ldrb.w	r3, [r4, #53]	@ 0x35
 8001bf4:	2b05      	cmp	r3, #5
 8001bf6:	d00e      	beq.n	8001c16 <HAL_DMA_IRQHandler+0x112>
      if(((hdma->Instance->CR) & (uint32_t)(DMA_SxCR_DBM)) != RESET)
 8001bf8:	6823      	ldr	r3, [r4, #0]
 8001bfa:	681a      	ldr	r2, [r3, #0]
 8001bfc:	f412 2f80 	tst.w	r2, #262144	@ 0x40000
 8001c00:	d033      	beq.n	8001c6a <HAL_DMA_IRQHandler+0x166>
        if((hdma->Instance->CR & DMA_SxCR_CT) == RESET)
 8001c02:	681b      	ldr	r3, [r3, #0]
 8001c04:	f413 2f00 	tst.w	r3, #524288	@ 0x80000
 8001c08:	d12a      	bne.n	8001c60 <HAL_DMA_IRQHandler+0x15c>
          if(hdma->XferM1CpltCallback != NULL)
 8001c0a:	6c63      	ldr	r3, [r4, #68]	@ 0x44
 8001c0c:	2b00      	cmp	r3, #0
 8001c0e:	d03e      	beq.n	8001c8e <HAL_DMA_IRQHandler+0x18a>
            hdma->XferM1CpltCallback(hdma);
 8001c10:	4620      	mov	r0, r4
 8001c12:	4798      	blx	r3
 8001c14:	e03b      	b.n	8001c8e <HAL_DMA_IRQHandler+0x18a>
        hdma->Instance->CR  &= ~(DMA_IT_TC | DMA_IT_TE | DMA_IT_DME);
 8001c16:	6822      	ldr	r2, [r4, #0]
 8001c18:	6813      	ldr	r3, [r2, #0]
 8001c1a:	f023 0316 	bic.w	r3, r3, #22
 8001c1e:	6013      	str	r3, [r2, #0]
        hdma->Instance->FCR &= ~(DMA_IT_FE);
 8001c20:	6822      	ldr	r2, [r4, #0]
 8001c22:	6953      	ldr	r3, [r2, #20]
 8001c24:	f023 0380 	bic.w	r3, r3, #128	@ 0x80
 8001c28:	6153      	str	r3, [r2, #20]
        if((hdma->XferHalfCpltCallback != NULL) || (hdma->XferM1HalfCpltCallback != NULL))
 8001c2a:	6c23      	ldr	r3, [r4, #64]	@ 0x40
 8001c2c:	b1a3      	cbz	r3, 8001c58 <HAL_DMA_IRQHandler+0x154>
          hdma->Instance->CR  &= ~(DMA_IT_HT);
 8001c2e:	6822      	ldr	r2, [r4, #0]
 8001c30:	6813      	ldr	r3, [r2, #0]
 8001c32:	f023 0308 	bic.w	r3, r3, #8
 8001c36:	6013      	str	r3, [r2, #0]
        regs->IFCR = 0x3FU << hdma->StreamIndex;
 8001c38:	6de2      	ldr	r2, [r4, #92]	@ 0x5c
 8001c3a:	233f      	movs	r3, #63	@ 0x3f
 8001c3c:	4093      	lsls	r3, r2
 8001c3e:	60bb      	str	r3, [r7, #8]
        hdma->State = HAL_DMA_STATE_READY;
 8001c40:	2301      	movs	r3, #1
 8001c42:	f884 3035 	strb.w	r3, [r4, #53]	@ 0x35
        __HAL_UNLOCK(hdma);
 8001c46:	2300      	movs	r3, #0
 8001c48:	f884 3034 	strb.w	r3, [r4, #52]	@ 0x34
        if(hdma->XferAbortCallback != NULL)
 8001c4c:	6d23      	ldr	r3, [r4, #80]	@ 0x50
 8001c4e:	2b00      	cmp	r3, #0
 8001c50:	d03f      	beq.n	8001cd2 <HAL_DMA_IRQHandler+0x1ce>
          hdma->XferAbortCallback(hdma);
 8001c52:	4620      	mov	r0, r4
 8001c54:	4798      	blx	r3
        return;
 8001c56:	e03c      	b.n	8001cd2 <HAL_DMA_IRQHandler+0x1ce>
        if((hdma->XferHalfCpltCallback != NULL) || (hdma->XferM1HalfCpltCallback != NULL))
 8001c58:	6ca3      	ldr	r3, [r4, #72]	@ 0x48
 8001c5a:	2b00      	cmp	r3, #0
 8001c5c:	d1e7      	bne.n	8001c2e <HAL_DMA_IRQHandler+0x12a>
 8001c5e:	e7eb      	b.n	8001c38 <HAL_DMA_IRQHandler+0x134>
          if(hdma->XferCpltCallback != NULL)
 8001c60:	6be3      	ldr	r3, [r4, #60]	@ 0x3c
 8001c62:	b1a3      	cbz	r3, 8001c8e <HAL_DMA_IRQHandler+0x18a>
            hdma->XferCpltCallback(hdma);
 8001c64:	4620      	mov	r0, r4
 8001c66:	4798      	blx	r3
 8001c68:	e011      	b.n	8001c8e <HAL_DMA_IRQHandler+0x18a>
        if((hdma->Instance->CR & DMA_SxCR_CIRC) == RESET)
 8001c6a:	681a      	ldr	r2, [r3, #0]
 8001c6c:	f412 7f80 	tst.w	r2, #256	@ 0x100
 8001c70:	d109      	bne.n	8001c86 <HAL_DMA_IRQHandler+0x182>
          hdma->Instance->CR  &= ~(DMA_IT_TC);
 8001c72:	681a      	ldr	r2, [r3, #0]
 8001c74:	f022 0210 	bic.w	r2, r2, #16
 8001c78:	601a      	str	r2, [r3, #0]
          hdma->State = HAL_DMA_STATE_READY;
 8001c7a:	2301      	movs	r3, #1
 8001c7c:	f884 3035 	strb.w	r3, [r4, #53]	@ 0x35
          __HAL_UNLOCK(hdma);
 8001c80:	2300      	movs	r3, #0
 8001c82:	f884 3034 	strb.w	r3, [r4, #52]	@ 0x34
        if(hdma->XferCpltCallback != NULL)
 8001c86:	6be3      	ldr	r3, [r4, #60]	@ 0x3c
 8001c88:	b10b      	cbz	r3, 8001c8e <HAL_DMA_IRQHandler+0x18a>
          hdma->XferCpltCallback(hdma);
 8001c8a:	4620      	mov	r0, r4
 8001c8c:	4798      	blx	r3
  if(hdma->ErrorCode != HAL_DMA_ERROR_NONE)
 8001c8e:	6d63      	ldr	r3, [r4, #84]	@ 0x54
 8001c90:	b1fb      	cbz	r3, 8001cd2 <HAL_DMA_IRQHandler+0x1ce>
    if((hdma->ErrorCode & HAL_DMA_ERROR_TE) != RESET)
 8001c92:	6d63      	ldr	r3, [r4, #84]	@ 0x54
 8001c94:	f013 0f01 	tst.w	r3, #1
 8001c98:	d017      	beq.n	8001cca <HAL_DMA_IRQHandler+0x1c6>
      hdma->State = HAL_DMA_STATE_ABORT;
 8001c9a:	2305      	movs	r3, #5
 8001c9c:	f884 3035 	strb.w	r3, [r4, #53]	@ 0x35
      __HAL_DMA_DISABLE(hdma);
 8001ca0:	6822      	ldr	r2, [r4, #0]
 8001ca2:	6813      	ldr	r3, [r2, #0]
 8001ca4:	f023 0301 	bic.w	r3, r3, #1
 8001ca8:	6013      	str	r3, [r2, #0]
        if (++count > timeout)
 8001caa:	9b01      	ldr	r3, [sp, #4]
 8001cac:	3301      	adds	r3, #1
 8001cae:	9301      	str	r3, [sp, #4]
 8001cb0:	42ab      	cmp	r3, r5
 8001cb2:	d804      	bhi.n	8001cbe <HAL_DMA_IRQHandler+0x1ba>
      while((hdma->Instance->CR & DMA_SxCR_EN) != RESET);
 8001cb4:	6823      	ldr	r3, [r4, #0]
 8001cb6:	681b      	ldr	r3, [r3, #0]
 8001cb8:	f013 0f01 	tst.w	r3, #1
 8001cbc:	d1f5      	bne.n	8001caa <HAL_DMA_IRQHandler+0x1a6>
      hdma->State = HAL_DMA_STATE_READY;
 8001cbe:	2301      	movs	r3, #1
 8001cc0:	f884 3035 	strb.w	r3, [r4, #53]	@ 0x35
      __HAL_UNLOCK(hdma);
 8001cc4:	2300      	movs	r3, #0
 8001cc6:	f884 3034 	strb.w	r3, [r4, #52]	@ 0x34
    if(hdma->XferErrorCallback != NULL)
 8001cca:	6ce3      	ldr	r3, [r4, #76]	@ 0x4c
 8001ccc:	b10b      	cbz	r3, 8001cd2 <HAL_DMA_IRQHandler+0x1ce>
      hdma->XferErrorCallback(hdma);
 8001cce:	4620      	mov	r0, r4
 8001cd0:	4798      	blx	r3
}
 8001cd2:	b003      	add	sp, #12
 8001cd4:	bdf0      	pop	{r4, r5, r6, r7, pc}
 8001cd6:	bf00      	nop
 8001cd8:	2000000c 	.word	0x2000000c
 8001cdc:	1b4e81b5 	.word	0x1b4e81b5

08001ce0 <HAL_GPIO_Init>:
  assert_param(IS_GPIO_ALL_INSTANCE(GPIOx));
  assert_param(IS_GPIO_PIN(GPIO_Init->Pin));
  assert_param(IS_GPIO_MODE(GPIO_Init->Mode));

  /* Configure the port pins */
  for(position = 0U; position < GPIO_NUMBER; position++)
 8001ce0:	2300      	movs	r3, #0
 8001ce2:	2b0f      	cmp	r3, #15
 8001ce4:	f200 80e3 	bhi.w	8001eae <HAL_GPIO_Init+0x1ce>
{
 8001ce8:	b570      	push	{r4, r5, r6, lr}
 8001cea:	b082      	sub	sp, #8
 8001cec:	e065      	b.n	8001dba <HAL_GPIO_Init+0xda>
          (GPIO_Init->Mode & GPIO_MODE) == MODE_AF)
      {
        /* Check the Speed parameter */
        assert_param(IS_GPIO_SPEED(GPIO_Init->Speed));
        /* Configure the IO Speed */
        temp = GPIOx->OSPEEDR; 
 8001cee:	6885      	ldr	r5, [r0, #8]
        temp &= ~(GPIO_OSPEEDER_OSPEEDR0 << (position * 2U));
 8001cf0:	ea4f 0e43 	mov.w	lr, r3, lsl #1
 8001cf4:	2403      	movs	r4, #3
 8001cf6:	fa04 f40e 	lsl.w	r4, r4, lr
 8001cfa:	ea25 0504 	bic.w	r5, r5, r4
        temp |= (GPIO_Init->Speed << (position * 2U));
 8001cfe:	68cc      	ldr	r4, [r1, #12]
 8001d00:	fa04 f40e 	lsl.w	r4, r4, lr
 8001d04:	432c      	orrs	r4, r5
        GPIOx->OSPEEDR = temp;
 8001d06:	6084      	str	r4, [r0, #8]

        /* Configure the IO Output Type */
        temp = GPIOx->OTYPER;
 8001d08:	6844      	ldr	r4, [r0, #4]
        temp &= ~(GPIO_OTYPER_OT_0 << position) ;
 8001d0a:	ea24 0402 	bic.w	r4, r4, r2
        temp |= (((GPIO_Init->Mode & OUTPUT_TYPE) >> OUTPUT_TYPE_Pos) << position);
 8001d0e:	684a      	ldr	r2, [r1, #4]
 8001d10:	f3c2 1200 	ubfx	r2, r2, #4, #1
 8001d14:	409a      	lsls	r2, r3
 8001d16:	4322      	orrs	r2, r4
        GPIOx->OTYPER = temp;
 8001d18:	6042      	str	r2, [r0, #4]
 8001d1a:	e05c      	b.n	8001dd6 <HAL_GPIO_Init+0xf6>
      if((GPIO_Init->Mode & GPIO_MODE) == MODE_AF)
      {
        /* Check the Alternate function parameter */
        assert_param(IS_GPIO_AF(GPIO_Init->Alternate));
        /* Configure Alternate function mapped with the current IO */
        temp = GPIOx->AFR[position >> 3U];
 8001d1c:	08dc      	lsrs	r4, r3, #3
 8001d1e:	3408      	adds	r4, #8
 8001d20:	f850 2024 	ldr.w	r2, [r0, r4, lsl #2]
        temp &= ~(0xFU << ((uint32_t)(position & 0x07U) * 4U)) ;
 8001d24:	f003 0507 	and.w	r5, r3, #7
 8001d28:	00ad      	lsls	r5, r5, #2
 8001d2a:	f04f 0e0f 	mov.w	lr, #15
 8001d2e:	fa0e fe05 	lsl.w	lr, lr, r5
 8001d32:	ea22 0e0e 	bic.w	lr, r2, lr
        temp |= ((uint32_t)(GPIO_Init->Alternate) << (((uint32_t)position & 0x07U) * 4U));
 8001d36:	690a      	ldr	r2, [r1, #16]
 8001d38:	40aa      	lsls	r2, r5
 8001d3a:	ea42 020e 	orr.w	r2, r2, lr
        GPIOx->AFR[position >> 3U] = temp;
 8001d3e:	f840 2024 	str.w	r2, [r0, r4, lsl #2]
 8001d42:	e05c      	b.n	8001dfe <HAL_GPIO_Init+0x11e>
        /* Enable SYSCFG Clock */
        __HAL_RCC_SYSCFG_CLK_ENABLE();

        temp = SYSCFG->EXTICR[position >> 2U];
        temp &= ~(0x0FU << (4U * (position & 0x03U)));
        temp |= ((uint32_t)(GPIO_GET_INDEX(GPIOx)) << (4U * (position & 0x03U)));
 8001d44:	2206      	movs	r2, #6
 8001d46:	e000      	b.n	8001d4a <HAL_GPIO_Init+0x6a>
 8001d48:	2200      	movs	r2, #0
 8001d4a:	fa02 f20e 	lsl.w	r2, r2, lr
 8001d4e:	432a      	orrs	r2, r5
        SYSCFG->EXTICR[position >> 2U] = temp;
 8001d50:	3402      	adds	r4, #2
 8001d52:	4d57      	ldr	r5, [pc, #348]	@ (8001eb0 <HAL_GPIO_Init+0x1d0>)
 8001d54:	f845 2024 	str.w	r2, [r5, r4, lsl #2]

        /* Clear Rising Falling edge configuration */
        temp = EXTI->RTSR;
 8001d58:	4a56      	ldr	r2, [pc, #344]	@ (8001eb4 <HAL_GPIO_Init+0x1d4>)
 8001d5a:	6894      	ldr	r4, [r2, #8]
        temp &= ~((uint32_t)iocurrent);
 8001d5c:	ea6f 020c 	mvn.w	r2, ip
 8001d60:	ea24 050c 	bic.w	r5, r4, ip
        if((GPIO_Init->Mode & TRIGGER_RISING) != 0x00U)
 8001d64:	684e      	ldr	r6, [r1, #4]
 8001d66:	f416 1f80 	tst.w	r6, #1048576	@ 0x100000
 8001d6a:	d001      	beq.n	8001d70 <HAL_GPIO_Init+0x90>
        {
          temp |= iocurrent;
 8001d6c:	ea4c 0504 	orr.w	r5, ip, r4
        }
        EXTI->RTSR = temp;
 8001d70:	4c50      	ldr	r4, [pc, #320]	@ (8001eb4 <HAL_GPIO_Init+0x1d4>)
 8001d72:	60a5      	str	r5, [r4, #8]

        temp = EXTI->FTSR;
 8001d74:	68e4      	ldr	r4, [r4, #12]
        temp &= ~((uint32_t)iocurrent);
 8001d76:	ea02 0504 	and.w	r5, r2, r4
        if((GPIO_Init->Mode & TRIGGER_FALLING) != 0x00U)
 8001d7a:	684e      	ldr	r6, [r1, #4]
 8001d7c:	f416 1f00 	tst.w	r6, #2097152	@ 0x200000
 8001d80:	d001      	beq.n	8001d86 <HAL_GPIO_Init+0xa6>
        {
          temp |= iocurrent;
 8001d82:	ea4c 0504 	orr.w	r5, ip, r4
        }
        EXTI->FTSR = temp;
 8001d86:	4c4b      	ldr	r4, [pc, #300]	@ (8001eb4 <HAL_GPIO_Init+0x1d4>)
 8001d88:	60e5      	str	r5, [r4, #12]

        temp = EXTI->EMR;
 8001d8a:	6864      	ldr	r4, [r4, #4]
        temp &= ~((uint32_t)iocurrent);
 8001d8c:	ea02 0504 	and.w	r5, r2, r4
        if((GPIO_Init->Mode & EXTI_EVT) != 0x00U)
 8001d90:	684e      	ldr	r6, [r1, #4]
 8001d92:	f416 3f00 	tst.w	r6, #131072	@ 0x20000
 8001d96:	d001      	beq.n	8001d9c <HAL_GPIO_Init+0xbc>
        {
          temp |= iocurrent;
 8001d98:	ea4c 0504 	orr.w	r5, ip, r4
        }
        EXTI->EMR = temp;
 8001d9c:	4c45      	ldr	r4, [pc, #276]	@ (8001eb4 <HAL_GPIO_Init+0x1d4>)
 8001d9e:	6065      	str	r5, [r4, #4]

        /* Clear EXTI line configuration */
        temp = EXTI->IMR;
 8001da0:	6824      	ldr	r4, [r4, #0]
        temp &= ~((uint32_t)iocurrent);
 8001da2:	4022      	ands	r2, r4
        if((GPIO_Init->Mode & EXTI_IT) != 0x00U)
 8001da4:	684d      	ldr	r5, [r1, #4]
 8001da6:	f415 3f80 	tst.w	r5, #65536	@ 0x10000
 8001daa:	d001      	beq.n	8001db0 <HAL_GPIO_Init+0xd0>
        {
          temp |= iocurrent;
 8001dac:	ea4c 0204 	orr.w	r2, ip, r4
        }
        EXTI->IMR = temp;
 8001db0:	4c40      	ldr	r4, [pc, #256]	@ (8001eb4 <HAL_GPIO_Init+0x1d4>)
 8001db2:	6022      	str	r2, [r4, #0]
  for(position = 0U; position < GPIO_NUMBER; position++)
 8001db4:	3301      	adds	r3, #1
 8001db6:	2b0f      	cmp	r3, #15
 8001db8:	d877      	bhi.n	8001eaa <HAL_GPIO_Init+0x1ca>
    ioposition = 0x01U << position;
 8001dba:	2201      	movs	r2, #1
 8001dbc:	409a      	lsls	r2, r3
    iocurrent = (uint32_t)(GPIO_Init->Pin) & ioposition;
 8001dbe:	680c      	ldr	r4, [r1, #0]
 8001dc0:	ea04 0c02 	and.w	ip, r4, r2
    if(iocurrent == ioposition)
 8001dc4:	ea32 0404 	bics.w	r4, r2, r4
 8001dc8:	d1f4      	bne.n	8001db4 <HAL_GPIO_Init+0xd4>
      if(((GPIO_Init->Mode & GPIO_MODE) == MODE_OUTPUT) || \
 8001dca:	684c      	ldr	r4, [r1, #4]
 8001dcc:	f004 0403 	and.w	r4, r4, #3
 8001dd0:	3c01      	subs	r4, #1
 8001dd2:	2c01      	cmp	r4, #1
 8001dd4:	d98b      	bls.n	8001cee <HAL_GPIO_Init+0xe>
      if((GPIO_Init->Mode & GPIO_MODE) != MODE_ANALOG)
 8001dd6:	684a      	ldr	r2, [r1, #4]
 8001dd8:	f002 0203 	and.w	r2, r2, #3
 8001ddc:	2a03      	cmp	r2, #3
 8001dde:	d009      	beq.n	8001df4 <HAL_GPIO_Init+0x114>
        temp = GPIOx->PUPDR;
 8001de0:	68c4      	ldr	r4, [r0, #12]
        temp &= ~(GPIO_PUPDR_PUPDR0 << (position * 2U));
 8001de2:	005d      	lsls	r5, r3, #1
 8001de4:	2203      	movs	r2, #3
 8001de6:	40aa      	lsls	r2, r5
 8001de8:	ea24 0402 	bic.w	r4, r4, r2
        temp |= ((GPIO_Init->Pull) << (position * 2U));
 8001dec:	688a      	ldr	r2, [r1, #8]
 8001dee:	40aa      	lsls	r2, r5
 8001df0:	4322      	orrs	r2, r4
        GPIOx->PUPDR = temp;
 8001df2:	60c2      	str	r2, [r0, #12]
      if((GPIO_Init->Mode & GPIO_MODE) == MODE_AF)
 8001df4:	684a      	ldr	r2, [r1, #4]
 8001df6:	f002 0203 	and.w	r2, r2, #3
 8001dfa:	2a02      	cmp	r2, #2
 8001dfc:	d08e      	beq.n	8001d1c <HAL_GPIO_Init+0x3c>
      temp = GPIOx->MODER;
 8001dfe:	6804      	ldr	r4, [r0, #0]
      temp &= ~(GPIO_MODER_MODER0 << (position * 2U));
 8001e00:	ea4f 0e43 	mov.w	lr, r3, lsl #1
 8001e04:	2203      	movs	r2, #3
 8001e06:	fa02 f20e 	lsl.w	r2, r2, lr
 8001e0a:	ea24 0402 	bic.w	r4, r4, r2
      temp |= ((GPIO_Init->Mode & GPIO_MODE) << (position * 2U));
 8001e0e:	684a      	ldr	r2, [r1, #4]
 8001e10:	f002 0203 	and.w	r2, r2, #3
 8001e14:	fa02 f20e 	lsl.w	r2, r2, lr
 8001e18:	4322      	orrs	r2, r4
      GPIOx->MODER = temp;
 8001e1a:	6002      	str	r2, [r0, #0]
      if((GPIO_Init->Mode & EXTI_MODE) != 0x00U)
 8001e1c:	684a      	ldr	r2, [r1, #4]
 8001e1e:	f412 3f40 	tst.w	r2, #196608	@ 0x30000
 8001e22:	d0c7      	beq.n	8001db4 <HAL_GPIO_Init+0xd4>
        __HAL_RCC_SYSCFG_CLK_ENABLE();
 8001e24:	2200      	movs	r2, #0
 8001e26:	9201      	str	r2, [sp, #4]
 8001e28:	4a23      	ldr	r2, [pc, #140]	@ (8001eb8 <HAL_GPIO_Init+0x1d8>)
 8001e2a:	6c54      	ldr	r4, [r2, #68]	@ 0x44
 8001e2c:	f444 4480 	orr.w	r4, r4, #16384	@ 0x4000
 8001e30:	6454      	str	r4, [r2, #68]	@ 0x44
 8001e32:	6c52      	ldr	r2, [r2, #68]	@ 0x44
 8001e34:	f402 4280 	and.w	r2, r2, #16384	@ 0x4000
 8001e38:	9201      	str	r2, [sp, #4]
 8001e3a:	9a01      	ldr	r2, [sp, #4]
        temp = SYSCFG->EXTICR[position >> 2U];
 8001e3c:	089c      	lsrs	r4, r3, #2
 8001e3e:	1ca5      	adds	r5, r4, #2
 8001e40:	4a1b      	ldr	r2, [pc, #108]	@ (8001eb0 <HAL_GPIO_Init+0x1d0>)
 8001e42:	f852 5025 	ldr.w	r5, [r2, r5, lsl #2]
        temp &= ~(0x0FU << (4U * (position & 0x03U)));
 8001e46:	f003 0e03 	and.w	lr, r3, #3
 8001e4a:	ea4f 0e8e 	mov.w	lr, lr, lsl #2
 8001e4e:	220f      	movs	r2, #15
 8001e50:	fa02 f20e 	lsl.w	r2, r2, lr
 8001e54:	ea25 0502 	bic.w	r5, r5, r2
        temp |= ((uint32_t)(GPIO_GET_INDEX(GPIOx)) << (4U * (position & 0x03U)));
 8001e58:	4a18      	ldr	r2, [pc, #96]	@ (8001ebc <HAL_GPIO_Init+0x1dc>)
 8001e5a:	4290      	cmp	r0, r2
 8001e5c:	f43f af74 	beq.w	8001d48 <HAL_GPIO_Init+0x68>
 8001e60:	f502 6280 	add.w	r2, r2, #1024	@ 0x400
 8001e64:	4290      	cmp	r0, r2
 8001e66:	d016      	beq.n	8001e96 <HAL_GPIO_Init+0x1b6>
 8001e68:	f502 6280 	add.w	r2, r2, #1024	@ 0x400
 8001e6c:	4290      	cmp	r0, r2
 8001e6e:	d014      	beq.n	8001e9a <HAL_GPIO_Init+0x1ba>
 8001e70:	f502 6280 	add.w	r2, r2, #1024	@ 0x400
 8001e74:	4290      	cmp	r0, r2
 8001e76:	d012      	beq.n	8001e9e <HAL_GPIO_Init+0x1be>
 8001e78:	f502 6280 	add.w	r2, r2, #1024	@ 0x400
 8001e7c:	4290      	cmp	r0, r2
 8001e7e:	d010      	beq.n	8001ea2 <HAL_GPIO_Init+0x1c2>
 8001e80:	f502 6280 	add.w	r2, r2, #1024	@ 0x400
 8001e84:	4290      	cmp	r0, r2
 8001e86:	d00e      	beq.n	8001ea6 <HAL_GPIO_Init+0x1c6>
 8001e88:	f502 6280 	add.w	r2, r2, #1024	@ 0x400
 8001e8c:	4290      	cmp	r0, r2
 8001e8e:	f43f af59 	beq.w	8001d44 <HAL_GPIO_Init+0x64>
 8001e92:	2207      	movs	r2, #7
 8001e94:	e759      	b.n	8001d4a <HAL_GPIO_Init+0x6a>
 8001e96:	2201      	movs	r2, #1
 8001e98:	e757      	b.n	8001d4a <HAL_GPIO_Init+0x6a>
 8001e9a:	2202      	movs	r2, #2
 8001e9c:	e755      	b.n	8001d4a <HAL_GPIO_Init+0x6a>
 8001e9e:	2203      	movs	r2, #3
 8001ea0:	e753      	b.n	8001d4a <HAL_GPIO_Init+0x6a>
 8001ea2:	2204      	movs	r2, #4
 8001ea4:	e751      	b.n	8001d4a <HAL_GPIO_Init+0x6a>
 8001ea6:	2205      	movs	r2, #5
 8001ea8:	e74f      	b.n	8001d4a <HAL_GPIO_Init+0x6a>
      }
    }
  }
}
 8001eaa:	b002      	add	sp, #8
 8001eac:	bd70      	pop	{r4, r5, r6, pc}
 8001eae:	4770      	bx	lr
 8001eb0:	40013800 	.word	0x40013800
 8001eb4:	40013c00 	.word	0x40013c00
 8001eb8:	40023800 	.word	0x40023800
 8001ebc:	40020000 	.word	0x40020000

08001ec0 <HAL_GPIO_WritePin>:
{
  /* Check the parameters */
  assert_param(IS_GPIO_PIN(GPIO_Pin));
  assert_param(IS_GPIO_PIN_ACTION(PinState));

  if(PinState != GPIO_PIN_RESET)
 8001ec0:	b10a      	cbz	r2, 8001ec6 <HAL_GPIO_WritePin+0x6>
  {
    GPIOx->BSRR = GPIO_Pin;
 8001ec2:	6181      	str	r1, [r0, #24]
 8001ec4:	4770      	bx	lr
  }
  else
  {
    GPIOx->BSRR = (uint32_t)GPIO_Pin << 16U;
 8001ec6:	0409      	lsls	r1, r1, #16
 8001ec8:	6181      	str	r1, [r0, #24]
  }
}
 8001eca:	4770      	bx	lr

08001ecc <HAL_GPIO_TogglePin>:

  /* Check the parameters */
  assert_param(IS_GPIO_PIN(GPIO_Pin));

  /* get current Output Data Register value */
  odr = GPIOx->ODR;
 8001ecc:	6943      	ldr	r3, [r0, #20]

  /* Set selected pins that were at low level, and reset ones that were high */
  GPIOx->BSRR = ((odr & GPIO_Pin) << GPIO_NUMBER) | (~odr & GPIO_Pin);
 8001ece:	ea01 0203 	and.w	r2, r1, r3
 8001ed2:	ea21 0103 	bic.w	r1, r1, r3
 8001ed6:	ea41 4102 	orr.w	r1, r1, r2, lsl #16
 8001eda:	6181      	str	r1, [r0, #24]
}
 8001edc:	4770      	bx	lr
	...

08001ee0 <HAL_GPIO_EXTI_IRQHandler>:
  * @brief  This function handles EXTI interrupt request.
  * @param  GPIO_Pin Specifies the pins connected EXTI line
  * @retval None
  */
void HAL_GPIO_EXTI_IRQHandler(uint16_t GPIO_Pin)
{
 8001ee0:	b508      	push	{r3, lr}
  /* EXTI line interrupt detected */
  if(__HAL_GPIO_EXTI_GET_IT(GPIO_Pin) != RESET)
 8001ee2:	4b05      	ldr	r3, [pc, #20]	@ (8001ef8 <HAL_GPIO_EXTI_IRQHandler+0x18>)
 8001ee4:	695b      	ldr	r3, [r3, #20]
 8001ee6:	4203      	tst	r3, r0
 8001ee8:	d100      	bne.n	8001eec <HAL_GPIO_EXTI_IRQHandler+0xc>
  {
    __HAL_GPIO_EXTI_CLEAR_IT(GPIO_Pin);
    HAL_GPIO_EXTI_Callback(GPIO_Pin);
  }
}
 8001eea:	bd08      	pop	{r3, pc}
    __HAL_GPIO_EXTI_CLEAR_IT(GPIO_Pin);
 8001eec:	4b02      	ldr	r3, [pc, #8]	@ (8001ef8 <HAL_GPIO_EXTI_IRQHandler+0x18>)
 8001eee:	6158      	str	r0, [r3, #20]
    HAL_GPIO_EXTI_Callback(GPIO_Pin);
 8001ef0:	f7fe fe6a 	bl	8000bc8 <HAL_GPIO_EXTI_Callback>
}
 8001ef4:	e7f9      	b.n	8001eea <HAL_GPIO_EXTI_IRQHandler+0xa>
 8001ef6:	bf00      	nop
 8001ef8:	40013c00 	.word	0x40013c00

08001efc <HAL_MspInit>:
/* USER CODE END 0 */
/**
  * Initializes the Global MSP.
  */
void
HAL_MspInit(void) {
 8001efc:	b500      	push	{lr}
 8001efe:	b083      	sub	sp, #12
    /* USER CODE BEGIN MspInit 0 */
    /* USER CODE END MspInit 0 */

    __HAL_RCC_SYSCFG_CLK_ENABLE();
 8001f00:	2100      	movs	r1, #0
 8001f02:	9100      	str	r1, [sp, #0]
 8001f04:	4b0c      	ldr	r3, [pc, #48]	@ (8001f38 <HAL_MspInit+0x3c>)
 8001f06:	6c5a      	ldr	r2, [r3, #68]	@ 0x44
 8001f08:	f442 4280 	orr.w	r2, r2, #16384	@ 0x4000
 8001f0c:	645a      	str	r2, [r3, #68]	@ 0x44
 8001f0e:	6c5a      	ldr	r2, [r3, #68]	@ 0x44
 8001f10:	f402 4280 	and.w	r2, r2, #16384	@ 0x4000
 8001f14:	9200      	str	r2, [sp, #0]
 8001f16:	9a00      	ldr	r2, [sp, #0]
    __HAL_RCC_PWR_CLK_ENABLE();
 8001f18:	9101      	str	r1, [sp, #4]
 8001f1a:	6c1a      	ldr	r2, [r3, #64]	@ 0x40
 8001f1c:	f042 5280 	orr.w	r2, r2, #268435456	@ 0x10000000
 8001f20:	641a      	str	r2, [r3, #64]	@ 0x40
 8001f22:	6c1b      	ldr	r3, [r3, #64]	@ 0x40
 8001f24:	f003 5380 	and.w	r3, r3, #268435456	@ 0x10000000
 8001f28:	9301      	str	r3, [sp, #4]
 8001f2a:	9b01      	ldr	r3, [sp, #4]

    /* System interrupt init*/
    HAL_NVIC_SetPriorityGrouping(NVIC_PRIORITYGROUP_0);
 8001f2c:	2007      	movs	r0, #7
 8001f2e:	f7ff fadb 	bl	80014e8 <HAL_NVIC_SetPriorityGrouping>

    /* USER CODE BEGIN MspInit 1 */
    /* USER CODE END MspInit 1 */
}
 8001f32:	b003      	add	sp, #12
 8001f34:	f85d fb04 	ldr.w	pc, [sp], #4
 8001f38:	40023800 	.word	0x40023800

08001f3c <HAL_ADC_MspInit>:
* This function configures the hardware resources used in this example
* @param hadc: ADC handle pointer
* @retval None
*/
void 
HAL_ADC_MspInit(ADC_HandleTypeDef* hadc) {
 8001f3c:	b530      	push	{r4, r5, lr}
 8001f3e:	b089      	sub	sp, #36	@ 0x24
    GPIO_InitTypeDef GPIO_InitStruct = {0};
 8001f40:	2300      	movs	r3, #0
 8001f42:	9303      	str	r3, [sp, #12]
 8001f44:	9304      	str	r3, [sp, #16]
 8001f46:	9305      	str	r3, [sp, #20]
 8001f48:	9306      	str	r3, [sp, #24]
 8001f4a:	9307      	str	r3, [sp, #28]
    if(hadc->Instance==ADC1) {
 8001f4c:	6802      	ldr	r2, [r0, #0]
 8001f4e:	f103 4380 	add.w	r3, r3, #1073741824	@ 0x40000000
 8001f52:	f503 3390 	add.w	r3, r3, #73728	@ 0x12000
 8001f56:	429a      	cmp	r2, r3
 8001f58:	d001      	beq.n	8001f5e <HAL_ADC_MspInit+0x22>

        /* ADC1 interrupt Init */
        HAL_NVIC_SetPriority(ADC_IRQn, 0, 0);
        HAL_NVIC_EnableIRQ(ADC_IRQn);
    }
}
 8001f5a:	b009      	add	sp, #36	@ 0x24
 8001f5c:	bd30      	pop	{r4, r5, pc}
 8001f5e:	4604      	mov	r4, r0
        __HAL_RCC_ADC1_CLK_ENABLE();
 8001f60:	2500      	movs	r5, #0
 8001f62:	9501      	str	r5, [sp, #4]
 8001f64:	f503 338c 	add.w	r3, r3, #71680	@ 0x11800
 8001f68:	6c5a      	ldr	r2, [r3, #68]	@ 0x44
 8001f6a:	f442 7280 	orr.w	r2, r2, #256	@ 0x100
 8001f6e:	645a      	str	r2, [r3, #68]	@ 0x44
 8001f70:	6c5a      	ldr	r2, [r3, #68]	@ 0x44
 8001f72:	f402 7280 	and.w	r2, r2, #256	@ 0x100
 8001f76:	9201      	str	r2, [sp, #4]
 8001f78:	9a01      	ldr	r2, [sp, #4]
        __HAL_RCC_GPIOA_CLK_ENABLE();
 8001f7a:	9502      	str	r5, [sp, #8]
 8001f7c:	6b1a      	ldr	r2, [r3, #48]	@ 0x30
 8001f7e:	f042 0201 	orr.w	r2, r2, #1
 8001f82:	631a      	str	r2, [r3, #48]	@ 0x30
 8001f84:	6b1b      	ldr	r3, [r3, #48]	@ 0x30
 8001f86:	f003 0301 	and.w	r3, r3, #1
 8001f8a:	9302      	str	r3, [sp, #8]
 8001f8c:	9b02      	ldr	r3, [sp, #8]
        GPIO_InitStruct.Pin  = GPIO_PIN_0|GPIO_PIN_1;
 8001f8e:	2303      	movs	r3, #3
 8001f90:	9303      	str	r3, [sp, #12]
        GPIO_InitStruct.Mode = GPIO_MODE_ANALOG;
 8001f92:	9304      	str	r3, [sp, #16]
        HAL_GPIO_Init(GPIOA, &GPIO_InitStruct);
 8001f94:	a903      	add	r1, sp, #12
 8001f96:	4815      	ldr	r0, [pc, #84]	@ (8001fec <HAL_ADC_MspInit+0xb0>)
 8001f98:	f7ff fea2 	bl	8001ce0 <HAL_GPIO_Init>
        hdma_adc1.Instance = DMA2_Stream0;
 8001f9c:	4814      	ldr	r0, [pc, #80]	@ (8001ff0 <HAL_ADC_MspInit+0xb4>)
 8001f9e:	4b15      	ldr	r3, [pc, #84]	@ (8001ff4 <HAL_ADC_MspInit+0xb8>)
 8001fa0:	6003      	str	r3, [r0, #0]
        hdma_adc1.Init.Channel             = DMA_CHANNEL_0;
 8001fa2:	6045      	str	r5, [r0, #4]
        hdma_adc1.Init.Direction           = DMA_PERIPH_TO_MEMORY;
 8001fa4:	6085      	str	r5, [r0, #8]
        hdma_adc1.Init.PeriphInc           = DMA_PINC_DISABLE;
 8001fa6:	60c5      	str	r5, [r0, #12]
        hdma_adc1.Init.MemInc              = DMA_MINC_ENABLE;
 8001fa8:	f44f 6380 	mov.w	r3, #1024	@ 0x400
 8001fac:	6103      	str	r3, [r0, #16]
        hdma_adc1.Init.PeriphDataAlignment = DMA_PDATAALIGN_HALFWORD;
 8001fae:	f44f 6300 	mov.w	r3, #2048	@ 0x800
 8001fb2:	6143      	str	r3, [r0, #20]
        hdma_adc1.Init.MemDataAlignment    = DMA_MDATAALIGN_HALFWORD;
 8001fb4:	f44f 5300 	mov.w	r3, #8192	@ 0x2000
 8001fb8:	6183      	str	r3, [r0, #24]
        hdma_adc1.Init.Mode                = DMA_CIRCULAR;
 8001fba:	f44f 7380 	mov.w	r3, #256	@ 0x100
 8001fbe:	61c3      	str	r3, [r0, #28]
        hdma_adc1.Init.Priority            = DMA_PRIORITY_MEDIUM;
 8001fc0:	f44f 3380 	mov.w	r3, #65536	@ 0x10000
 8001fc4:	6203      	str	r3, [r0, #32]
        hdma_adc1.Init.FIFOMode            = DMA_FIFOMODE_DISABLE;
 8001fc6:	6245      	str	r5, [r0, #36]	@ 0x24
        if (HAL_DMA_Init(&hdma_adc1) != HAL_OK) {
 8001fc8:	f7ff fca6 	bl	8001918 <HAL_DMA_Init>
 8001fcc:	b958      	cbnz	r0, 8001fe6 <HAL_ADC_MspInit+0xaa>
        __HAL_LINKDMA(hadc, DMA_Handle, hdma_adc1);
 8001fce:	4b08      	ldr	r3, [pc, #32]	@ (8001ff0 <HAL_ADC_MspInit+0xb4>)
 8001fd0:	63a3      	str	r3, [r4, #56]	@ 0x38
 8001fd2:	639c      	str	r4, [r3, #56]	@ 0x38
        HAL_NVIC_SetPriority(ADC_IRQn, 0, 0);
 8001fd4:	2200      	movs	r2, #0
 8001fd6:	4611      	mov	r1, r2
 8001fd8:	2012      	movs	r0, #18
 8001fda:	f7ff fa97 	bl	800150c <HAL_NVIC_SetPriority>
        HAL_NVIC_EnableIRQ(ADC_IRQn);
 8001fde:	2012      	movs	r0, #18
 8001fe0:	f7ff faa4 	bl	800152c <HAL_NVIC_EnableIRQ>
}
 8001fe4:	e7b9      	b.n	8001f5a <HAL_ADC_MspInit+0x1e>
          Error_Handler();
 8001fe6:	f7fe fa15 	bl	8000414 <Error_Handler>
 8001fea:	e7f0      	b.n	8001fce <HAL_ADC_MspInit+0x92>
 8001fec:	40020000 	.word	0x40020000
 8001ff0:	200120cc 	.word	0x200120cc
 8001ff4:	40026410 	.word	0x40026410

08001ff8 <HAL_DAC_MspInit>:
* @brief DAC MSP Initialization
* @param hdac: DAC handle pointer
* @retval None
*/
void 
HAL_DAC_MspInit(DAC_HandleTypeDef* hdac) {
 8001ff8:	b570      	push	{r4, r5, r6, lr}
 8001ffa:	b088      	sub	sp, #32
    GPIO_InitTypeDef GPIO_InitStruct = {0};
 8001ffc:	2300      	movs	r3, #0
 8001ffe:	9303      	str	r3, [sp, #12]
 8002000:	9304      	str	r3, [sp, #16]
 8002002:	9305      	str	r3, [sp, #20]
 8002004:	9306      	str	r3, [sp, #24]
 8002006:	9307      	str	r3, [sp, #28]
    if(hdac->Instance==DAC1) {
 8002008:	6802      	ldr	r2, [r0, #0]
 800200a:	4b2c      	ldr	r3, [pc, #176]	@ (80020bc <HAL_DAC_MspInit+0xc4>)
 800200c:	429a      	cmp	r2, r3
 800200e:	d001      	beq.n	8002014 <HAL_DAC_MspInit+0x1c>
        HAL_NVIC_SetPriority(TIM6_DAC_IRQn, 0, 0);
        HAL_NVIC_EnableIRQ(TIM6_DAC_IRQn);
        /* USER CODE BEGIN DAC_MspInit 1 */
        /* USER CODE END DAC_MspInit 1 */
    }
}
 8002010:	b008      	add	sp, #32
 8002012:	bd70      	pop	{r4, r5, r6, pc}
 8002014:	4604      	mov	r4, r0
        __HAL_RCC_DAC_CLK_ENABLE();
 8002016:	2600      	movs	r6, #0
 8002018:	9600      	str	r6, [sp, #0]
 800201a:	4d29      	ldr	r5, [pc, #164]	@ (80020c0 <HAL_DAC_MspInit+0xc8>)
 800201c:	6c2b      	ldr	r3, [r5, #64]	@ 0x40
 800201e:	f043 5300 	orr.w	r3, r3, #536870912	@ 0x20000000
 8002022:	642b      	str	r3, [r5, #64]	@ 0x40
 8002024:	6c2b      	ldr	r3, [r5, #64]	@ 0x40
 8002026:	f003 5300 	and.w	r3, r3, #536870912	@ 0x20000000
 800202a:	9300      	str	r3, [sp, #0]
 800202c:	9b00      	ldr	r3, [sp, #0]
        __HAL_RCC_GPIOA_CLK_ENABLE();
 800202e:	9601      	str	r6, [sp, #4]
 8002030:	6b2b      	ldr	r3, [r5, #48]	@ 0x30
 8002032:	f043 0301 	orr.w	r3, r3, #1
 8002036:	632b      	str	r3, [r5, #48]	@ 0x30
 8002038:	6b2b      	ldr	r3, [r5, #48]	@ 0x30
 800203a:	f003 0301 	and.w	r3, r3, #1
 800203e:	9301      	str	r3, [sp, #4]
 8002040:	9b01      	ldr	r3, [sp, #4]
            GPIO_InitStruct.Pin  = GPIO_PIN_5;
 8002042:	2320      	movs	r3, #32
 8002044:	9303      	str	r3, [sp, #12]
        GPIO_InitStruct.Mode = GPIO_MODE_ANALOG;
 8002046:	2303      	movs	r3, #3
 8002048:	9304      	str	r3, [sp, #16]
        HAL_GPIO_Init(GPIOA, &GPIO_InitStruct);
 800204a:	a903      	add	r1, sp, #12
 800204c:	481d      	ldr	r0, [pc, #116]	@ (80020c4 <HAL_DAC_MspInit+0xcc>)
 800204e:	f7ff fe47 	bl	8001ce0 <HAL_GPIO_Init>
        __HAL_RCC_DMA1_CLK_ENABLE();
 8002052:	9602      	str	r6, [sp, #8]
 8002054:	6b2b      	ldr	r3, [r5, #48]	@ 0x30
 8002056:	f443 1300 	orr.w	r3, r3, #2097152	@ 0x200000
 800205a:	632b      	str	r3, [r5, #48]	@ 0x30
 800205c:	6b2b      	ldr	r3, [r5, #48]	@ 0x30
 800205e:	f403 1300 	and.w	r3, r3, #2097152	@ 0x200000
 8002062:	9302      	str	r3, [sp, #8]
 8002064:	9b02      	ldr	r3, [sp, #8]
            hdma_dac.Instance = DMA1_Stream6;
 8002066:	4818      	ldr	r0, [pc, #96]	@ (80020c8 <HAL_DAC_MspInit+0xd0>)
 8002068:	4b18      	ldr	r3, [pc, #96]	@ (80020cc <HAL_DAC_MspInit+0xd4>)
 800206a:	6003      	str	r3, [r0, #0]
        hdma_dac.Init.Channel             = DMA_CHANNEL_7;
 800206c:	f04f 6360 	mov.w	r3, #234881024	@ 0xe000000
 8002070:	6043      	str	r3, [r0, #4]
        hdma_dac.Init.Direction           = DMA_MEMORY_TO_PERIPH;
 8002072:	2340      	movs	r3, #64	@ 0x40
 8002074:	6083      	str	r3, [r0, #8]
        hdma_dac.Init.PeriphInc           = DMA_PINC_DISABLE;
 8002076:	60c6      	str	r6, [r0, #12]
        hdma_dac.Init.MemInc              = DMA_MINC_ENABLE;
 8002078:	f44f 6380 	mov.w	r3, #1024	@ 0x400
 800207c:	6103      	str	r3, [r0, #16]
        hdma_dac.Init.PeriphDataAlignment = DMA_PDATAALIGN_HALFWORD;
 800207e:	f44f 6300 	mov.w	r3, #2048	@ 0x800
 8002082:	6143      	str	r3, [r0, #20]
        hdma_dac.Init.MemDataAlignment    = DMA_MDATAALIGN_HALFWORD;
 8002084:	f44f 5300 	mov.w	r3, #8192	@ 0x2000
 8002088:	6183      	str	r3, [r0, #24]
        hdma_dac.Init.Mode                = DMA_CIRCULAR;
 800208a:	f44f 7380 	mov.w	r3, #256	@ 0x100
 800208e:	61c3      	str	r3, [r0, #28]
        hdma_dac.Init.Priority            = DMA_PRIORITY_HIGH;
 8002090:	f44f 3300 	mov.w	r3, #131072	@ 0x20000
 8002094:	6203      	str	r3, [r0, #32]
        hdma_dac.Init.FIFOMode            = DMA_FIFOMODE_DISABLE;
 8002096:	6246      	str	r6, [r0, #36]	@ 0x24
        if (HAL_DMA_Init(&hdma_dac) != HAL_OK) {
 8002098:	f7ff fc3e 	bl	8001918 <HAL_DMA_Init>
 800209c:	b958      	cbnz	r0, 80020b6 <HAL_DAC_MspInit+0xbe>
            __HAL_LINKDMA(hdac, DMA_Handle2, hdma_dac);
 800209e:	4b0a      	ldr	r3, [pc, #40]	@ (80020c8 <HAL_DAC_MspInit+0xd0>)
 80020a0:	60e3      	str	r3, [r4, #12]
 80020a2:	639c      	str	r4, [r3, #56]	@ 0x38
        HAL_NVIC_SetPriority(TIM6_DAC_IRQn, 0, 0);
 80020a4:	2200      	movs	r2, #0
 80020a6:	4611      	mov	r1, r2
 80020a8:	2036      	movs	r0, #54	@ 0x36
 80020aa:	f7ff fa2f 	bl	800150c <HAL_NVIC_SetPriority>
        HAL_NVIC_EnableIRQ(TIM6_DAC_IRQn);
 80020ae:	2036      	movs	r0, #54	@ 0x36
 80020b0:	f7ff fa3c 	bl	800152c <HAL_NVIC_EnableIRQ>
}
 80020b4:	e7ac      	b.n	8002010 <HAL_DAC_MspInit+0x18>
            Error_Handler();
 80020b6:	f7fe f9ad 	bl	8000414 <Error_Handler>
 80020ba:	e7f0      	b.n	800209e <HAL_DAC_MspInit+0xa6>
 80020bc:	40007400 	.word	0x40007400
 80020c0:	40023800 	.word	0x40023800
 80020c4:	40020000 	.word	0x40020000
 80020c8:	20012174 	.word	0x20012174
 80020cc:	400260a0 	.word	0x400260a0

080020d0 <HAL_TIM_Base_MspInit>:
* @brief TIM_Base MSP Initialization
* @param htim_base: TIM_Base handle pointer
* @retval None
*/
void
HAL_TIM_Base_MspInit(TIM_HandleTypeDef* htim_base) {
 80020d0:	b510      	push	{r4, lr}
 80020d2:	b082      	sub	sp, #8
 80020d4:	4604      	mov	r4, r0

  if(htim_base->Instance==TIM2) {
 80020d6:	6803      	ldr	r3, [r0, #0]
 80020d8:	f1b3 4f80 	cmp.w	r3, #1073741824	@ 0x40000000
 80020dc:	d005      	beq.n	80020ea <HAL_TIM_Base_MspInit+0x1a>
    HAL_NVIC_EnableIRQ(TIM2_IRQn);
    /* USER CODE BEGIN TIM2_MspInit 1 */
    /* USER CODE END TIM2_MspInit 1 */
  }

  if(htim_base->Instance==TIM3) {
 80020de:	6822      	ldr	r2, [r4, #0]
 80020e0:	4b17      	ldr	r3, [pc, #92]	@ (8002140 <HAL_TIM_Base_MspInit+0x70>)
 80020e2:	429a      	cmp	r2, r3
 80020e4:	d016      	beq.n	8002114 <HAL_TIM_Base_MspInit+0x44>
    HAL_NVIC_EnableIRQ(TIM3_IRQn);
    /* USER CODE BEGIN TIM3_MspInit 1 */
    /* USER CODE END TIM3_MspInit 1 */
  }

}
 80020e6:	b002      	add	sp, #8
 80020e8:	bd10      	pop	{r4, pc}
    __HAL_RCC_TIM2_CLK_ENABLE();
 80020ea:	2100      	movs	r1, #0
 80020ec:	9100      	str	r1, [sp, #0]
 80020ee:	f503 330e 	add.w	r3, r3, #145408	@ 0x23800
 80020f2:	6c1a      	ldr	r2, [r3, #64]	@ 0x40
 80020f4:	f042 0201 	orr.w	r2, r2, #1
 80020f8:	641a      	str	r2, [r3, #64]	@ 0x40
 80020fa:	6c1b      	ldr	r3, [r3, #64]	@ 0x40
 80020fc:	f003 0301 	and.w	r3, r3, #1
 8002100:	9300      	str	r3, [sp, #0]
 8002102:	9b00      	ldr	r3, [sp, #0]
    HAL_NVIC_SetPriority(TIM2_IRQn, 0, 0);
 8002104:	460a      	mov	r2, r1
 8002106:	201c      	movs	r0, #28
 8002108:	f7ff fa00 	bl	800150c <HAL_NVIC_SetPriority>
    HAL_NVIC_EnableIRQ(TIM2_IRQn);
 800210c:	201c      	movs	r0, #28
 800210e:	f7ff fa0d 	bl	800152c <HAL_NVIC_EnableIRQ>
 8002112:	e7e4      	b.n	80020de <HAL_TIM_Base_MspInit+0xe>
    __HAL_RCC_TIM3_CLK_ENABLE();
 8002114:	2100      	movs	r1, #0
 8002116:	9101      	str	r1, [sp, #4]
 8002118:	f503 330d 	add.w	r3, r3, #144384	@ 0x23400
 800211c:	6c1a      	ldr	r2, [r3, #64]	@ 0x40
 800211e:	f042 0202 	orr.w	r2, r2, #2
 8002122:	641a      	str	r2, [r3, #64]	@ 0x40
 8002124:	6c1b      	ldr	r3, [r3, #64]	@ 0x40
 8002126:	f003 0302 	and.w	r3, r3, #2
 800212a:	9301      	str	r3, [sp, #4]
 800212c:	9b01      	ldr	r3, [sp, #4]
    HAL_NVIC_SetPriority(TIM3_IRQn, 0, 0);
 800212e:	460a      	mov	r2, r1
 8002130:	201d      	movs	r0, #29
 8002132:	f7ff f9eb 	bl	800150c <HAL_NVIC_SetPriority>
    HAL_NVIC_EnableIRQ(TIM3_IRQn);
 8002136:	201d      	movs	r0, #29
 8002138:	f7ff f9f8 	bl	800152c <HAL_NVIC_EnableIRQ>
}
 800213c:	e7d3      	b.n	80020e6 <HAL_TIM_Base_MspInit+0x16>
 800213e:	bf00      	nop
 8002140:	40000400 	.word	0x40000400

08002144 <HAL_UART_MspInit>:
* This function configures the hardware resources used in this example
* @param huart: UART handle pointer
* @retval None
*/
void 
HAL_UART_MspInit(UART_HandleTypeDef* huart) {
 8002144:	b530      	push	{r4, r5, lr}
 8002146:	b089      	sub	sp, #36	@ 0x24
    GPIO_InitTypeDef GPIO_InitStruct = {0};
 8002148:	2300      	movs	r3, #0
 800214a:	9303      	str	r3, [sp, #12]
 800214c:	9304      	str	r3, [sp, #16]
 800214e:	9305      	str	r3, [sp, #20]
 8002150:	9306      	str	r3, [sp, #24]
 8002152:	9307      	str	r3, [sp, #28]
    if(huart->Instance==USART2) {
 8002154:	6802      	ldr	r2, [r0, #0]
 8002156:	4b1d      	ldr	r3, [pc, #116]	@ (80021cc <HAL_UART_MspInit+0x88>)
 8002158:	429a      	cmp	r2, r3
 800215a:	d001      	beq.n	8002160 <HAL_UART_MspInit+0x1c>
        HAL_DMA_Init(&hdma_usart2_tx);

        __HAL_LINKDMA(&huart2, hdmatx, hdma_usart2_tx);
*/
    }
}
 800215c:	b009      	add	sp, #36	@ 0x24
 800215e:	bd30      	pop	{r4, r5, pc}
        __HAL_RCC_USART2_CLK_ENABLE();
 8002160:	2500      	movs	r5, #0
 8002162:	9500      	str	r5, [sp, #0]
 8002164:	4c1a      	ldr	r4, [pc, #104]	@ (80021d0 <HAL_UART_MspInit+0x8c>)
 8002166:	6c23      	ldr	r3, [r4, #64]	@ 0x40
 8002168:	f443 3300 	orr.w	r3, r3, #131072	@ 0x20000
 800216c:	6423      	str	r3, [r4, #64]	@ 0x40
 800216e:	6c23      	ldr	r3, [r4, #64]	@ 0x40
 8002170:	f403 3300 	and.w	r3, r3, #131072	@ 0x20000
 8002174:	9300      	str	r3, [sp, #0]
 8002176:	9b00      	ldr	r3, [sp, #0]
        __HAL_RCC_GPIOA_CLK_ENABLE();
 8002178:	9501      	str	r5, [sp, #4]
 800217a:	6b23      	ldr	r3, [r4, #48]	@ 0x30
 800217c:	f043 0301 	orr.w	r3, r3, #1
 8002180:	6323      	str	r3, [r4, #48]	@ 0x30
 8002182:	6b23      	ldr	r3, [r4, #48]	@ 0x30
 8002184:	f003 0301 	and.w	r3, r3, #1
 8002188:	9301      	str	r3, [sp, #4]
 800218a:	9b01      	ldr	r3, [sp, #4]
        GPIO_InitStruct.Pin       = USART_TX_Pin|USART_RX_Pin;
 800218c:	230c      	movs	r3, #12
 800218e:	9303      	str	r3, [sp, #12]
        GPIO_InitStruct.Mode      = GPIO_MODE_AF_PP;
 8002190:	2302      	movs	r3, #2
 8002192:	9304      	str	r3, [sp, #16]
        GPIO_InitStruct.Speed     = GPIO_SPEED_FREQ_VERY_HIGH;
 8002194:	2303      	movs	r3, #3
 8002196:	9306      	str	r3, [sp, #24]
        GPIO_InitStruct.Alternate = GPIO_AF7_USART2;
 8002198:	2307      	movs	r3, #7
 800219a:	9307      	str	r3, [sp, #28]
        HAL_GPIO_Init(GPIOA, &GPIO_InitStruct);
 800219c:	a903      	add	r1, sp, #12
 800219e:	480d      	ldr	r0, [pc, #52]	@ (80021d4 <HAL_UART_MspInit+0x90>)
 80021a0:	f7ff fd9e 	bl	8001ce0 <HAL_GPIO_Init>
        HAL_NVIC_SetPriority(USART2_IRQn, 0, 0);
 80021a4:	462a      	mov	r2, r5
 80021a6:	4629      	mov	r1, r5
 80021a8:	2026      	movs	r0, #38	@ 0x26
 80021aa:	f7ff f9af 	bl	800150c <HAL_NVIC_SetPriority>
        HAL_NVIC_EnableIRQ(USART2_IRQn);
 80021ae:	2026      	movs	r0, #38	@ 0x26
 80021b0:	f7ff f9bc 	bl	800152c <HAL_NVIC_EnableIRQ>
        __DMA1_CLK_ENABLE();
 80021b4:	9502      	str	r5, [sp, #8]
 80021b6:	6b23      	ldr	r3, [r4, #48]	@ 0x30
 80021b8:	f443 1300 	orr.w	r3, r3, #2097152	@ 0x200000
 80021bc:	6323      	str	r3, [r4, #48]	@ 0x30
 80021be:	6b23      	ldr	r3, [r4, #48]	@ 0x30
 80021c0:	f403 1300 	and.w	r3, r3, #2097152	@ 0x200000
 80021c4:	9302      	str	r3, [sp, #8]
 80021c6:	9b02      	ldr	r3, [sp, #8]
}
 80021c8:	e7c8      	b.n	800215c <HAL_UART_MspInit+0x18>
 80021ca:	bf00      	nop
 80021cc:	40004400 	.word	0x40004400
 80021d0:	40023800 	.word	0x40023800
 80021d4:	40020000 	.word	0x40020000

080021d8 <HAL_PWREx_EnableOverDrive>:
  *         During the Over-drive switch activation, no peripheral clocks should be enabled.   
  *         The peripheral clocks must be enabled once the Over-drive mode is activated.   
  * @retval HAL status
  */
HAL_StatusTypeDef HAL_PWREx_EnableOverDrive(void)
{
 80021d8:	b510      	push	{r4, lr}
 80021da:	b082      	sub	sp, #8
  uint32_t tickstart = 0U;

  __HAL_RCC_PWR_CLK_ENABLE();
 80021dc:	2300      	movs	r3, #0
 80021de:	9301      	str	r3, [sp, #4]
 80021e0:	4b19      	ldr	r3, [pc, #100]	@ (8002248 <HAL_PWREx_EnableOverDrive+0x70>)
 80021e2:	6c1a      	ldr	r2, [r3, #64]	@ 0x40
 80021e4:	f042 5280 	orr.w	r2, r2, #268435456	@ 0x10000000
 80021e8:	641a      	str	r2, [r3, #64]	@ 0x40
 80021ea:	6c1b      	ldr	r3, [r3, #64]	@ 0x40
 80021ec:	f003 5380 	and.w	r3, r3, #268435456	@ 0x10000000
 80021f0:	9301      	str	r3, [sp, #4]
 80021f2:	9b01      	ldr	r3, [sp, #4]
  
  /* Enable the Over-drive to extend the clock frequency to 180 Mhz */
  __HAL_PWR_OVERDRIVE_ENABLE();
 80021f4:	4b15      	ldr	r3, [pc, #84]	@ (800224c <HAL_PWREx_EnableOverDrive+0x74>)
 80021f6:	2201      	movs	r2, #1
 80021f8:	641a      	str	r2, [r3, #64]	@ 0x40

  /* Get tick */
  tickstart = HAL_GetTick();
 80021fa:	f7fe fd93 	bl	8000d24 <HAL_GetTick>
 80021fe:	4604      	mov	r4, r0

  while(!__HAL_PWR_GET_FLAG(PWR_FLAG_ODRDY))
 8002200:	4b13      	ldr	r3, [pc, #76]	@ (8002250 <HAL_PWREx_EnableOverDrive+0x78>)
 8002202:	685b      	ldr	r3, [r3, #4]
 8002204:	f413 3f80 	tst.w	r3, #65536	@ 0x10000
 8002208:	d108      	bne.n	800221c <HAL_PWREx_EnableOverDrive+0x44>
  {
    if((HAL_GetTick() - tickstart) > PWR_OVERDRIVE_TIMEOUT_VALUE)
 800220a:	f7fe fd8b 	bl	8000d24 <HAL_GetTick>
 800220e:	1b00      	subs	r0, r0, r4
 8002210:	f5b0 7f7a 	cmp.w	r0, #1000	@ 0x3e8
 8002214:	d9f4      	bls.n	8002200 <HAL_PWREx_EnableOverDrive+0x28>
    {
      return HAL_TIMEOUT;
 8002216:	2003      	movs	r0, #3
    {
      return HAL_TIMEOUT;
    }
  } 
  return HAL_OK;
}
 8002218:	b002      	add	sp, #8
 800221a:	bd10      	pop	{r4, pc}
  __HAL_PWR_OVERDRIVESWITCHING_ENABLE();
 800221c:	4b0b      	ldr	r3, [pc, #44]	@ (800224c <HAL_PWREx_EnableOverDrive+0x74>)
 800221e:	2201      	movs	r2, #1
 8002220:	645a      	str	r2, [r3, #68]	@ 0x44
  tickstart = HAL_GetTick();
 8002222:	f7fe fd7f 	bl	8000d24 <HAL_GetTick>
 8002226:	4604      	mov	r4, r0
  while(!__HAL_PWR_GET_FLAG(PWR_FLAG_ODSWRDY))
 8002228:	4b09      	ldr	r3, [pc, #36]	@ (8002250 <HAL_PWREx_EnableOverDrive+0x78>)
 800222a:	685b      	ldr	r3, [r3, #4]
 800222c:	f413 3f00 	tst.w	r3, #131072	@ 0x20000
 8002230:	d107      	bne.n	8002242 <HAL_PWREx_EnableOverDrive+0x6a>
    if((HAL_GetTick() - tickstart ) > PWR_OVERDRIVE_TIMEOUT_VALUE)
 8002232:	f7fe fd77 	bl	8000d24 <HAL_GetTick>
 8002236:	1b00      	subs	r0, r0, r4
 8002238:	f5b0 7f7a 	cmp.w	r0, #1000	@ 0x3e8
 800223c:	d9f4      	bls.n	8002228 <HAL_PWREx_EnableOverDrive+0x50>
      return HAL_TIMEOUT;
 800223e:	2003      	movs	r0, #3
 8002240:	e7ea      	b.n	8002218 <HAL_PWREx_EnableOverDrive+0x40>
  return HAL_OK;
 8002242:	2000      	movs	r0, #0
 8002244:	e7e8      	b.n	8002218 <HAL_PWREx_EnableOverDrive+0x40>
 8002246:	bf00      	nop
 8002248:	40023800 	.word	0x40023800
 800224c:	420e0000 	.word	0x420e0000
 8002250:	40007000 	.word	0x40007000

08002254 <HAL_RCC_ClockConfig>:
HAL_StatusTypeDef HAL_RCC_ClockConfig(RCC_ClkInitTypeDef  *RCC_ClkInitStruct, uint32_t FLatency)
{
  uint32_t tickstart;

  /* Check Null pointer */
  if(RCC_ClkInitStruct == NULL)
 8002254:	2800      	cmp	r0, #0
 8002256:	f000 809b 	beq.w	8002390 <HAL_RCC_ClockConfig+0x13c>
{
 800225a:	b570      	push	{r4, r5, r6, lr}
 800225c:	460d      	mov	r5, r1
 800225e:	4604      	mov	r4, r0
  /* To correctly read data from FLASH memory, the number of wait states (LATENCY)
    must be correctly programmed according to the frequency of the CPU clock
    (HCLK) and the supply voltage of the device. */

  /* Increasing the number of wait states because of higher CPU frequency */
  if(FLatency > __HAL_FLASH_GET_LATENCY())
 8002260:	4b4f      	ldr	r3, [pc, #316]	@ (80023a0 <HAL_RCC_ClockConfig+0x14c>)
 8002262:	681b      	ldr	r3, [r3, #0]
 8002264:	f003 030f 	and.w	r3, r3, #15
 8002268:	428b      	cmp	r3, r1
 800226a:	d208      	bcs.n	800227e <HAL_RCC_ClockConfig+0x2a>
  {
    /* Program the new number of wait states to the LATENCY bits in the FLASH_ACR register */
    __HAL_FLASH_SET_LATENCY(FLatency);
 800226c:	b2cb      	uxtb	r3, r1
 800226e:	4a4c      	ldr	r2, [pc, #304]	@ (80023a0 <HAL_RCC_ClockConfig+0x14c>)
 8002270:	7013      	strb	r3, [r2, #0]

    /* Check that the new number of wait states is taken into account to access the Flash
    memory by reading the FLASH_ACR register */
    if(__HAL_FLASH_GET_LATENCY() != FLatency)
 8002272:	6813      	ldr	r3, [r2, #0]
 8002274:	f003 030f 	and.w	r3, r3, #15
 8002278:	428b      	cmp	r3, r1
 800227a:	f040 808b 	bne.w	8002394 <HAL_RCC_ClockConfig+0x140>
      return HAL_ERROR;
    }
  }

  /*-------------------------- HCLK Configuration --------------------------*/
  if(((RCC_ClkInitStruct->ClockType) & RCC_CLOCKTYPE_HCLK) == RCC_CLOCKTYPE_HCLK)
 800227e:	6823      	ldr	r3, [r4, #0]
 8002280:	f013 0f02 	tst.w	r3, #2
 8002284:	d017      	beq.n	80022b6 <HAL_RCC_ClockConfig+0x62>
  {
    /* Set the highest APBx dividers in order to ensure that we do not go through
       a non-spec phase whatever we decrease or increase HCLK. */
    if(((RCC_ClkInitStruct->ClockType) & RCC_CLOCKTYPE_PCLK1) == RCC_CLOCKTYPE_PCLK1)
 8002286:	f013 0f04 	tst.w	r3, #4
 800228a:	d004      	beq.n	8002296 <HAL_RCC_ClockConfig+0x42>
    {
      MODIFY_REG(RCC->CFGR, RCC_CFGR_PPRE1, RCC_HCLK_DIV16);
 800228c:	4a45      	ldr	r2, [pc, #276]	@ (80023a4 <HAL_RCC_ClockConfig+0x150>)
 800228e:	6893      	ldr	r3, [r2, #8]
 8002290:	f443 53e0 	orr.w	r3, r3, #7168	@ 0x1c00
 8002294:	6093      	str	r3, [r2, #8]
    }

    if(((RCC_ClkInitStruct->ClockType) & RCC_CLOCKTYPE_PCLK2) == RCC_CLOCKTYPE_PCLK2)
 8002296:	6823      	ldr	r3, [r4, #0]
 8002298:	f013 0f08 	tst.w	r3, #8
 800229c:	d004      	beq.n	80022a8 <HAL_RCC_ClockConfig+0x54>
    {
      MODIFY_REG(RCC->CFGR, RCC_CFGR_PPRE2, (RCC_HCLK_DIV16 << 3));
 800229e:	4a41      	ldr	r2, [pc, #260]	@ (80023a4 <HAL_RCC_ClockConfig+0x150>)
 80022a0:	6893      	ldr	r3, [r2, #8]
 80022a2:	f443 4360 	orr.w	r3, r3, #57344	@ 0xe000
 80022a6:	6093      	str	r3, [r2, #8]
    }

    assert_param(IS_RCC_HCLK(RCC_ClkInitStruct->AHBCLKDivider));
    MODIFY_REG(RCC->CFGR, RCC_CFGR_HPRE, RCC_ClkInitStruct->AHBCLKDivider);
 80022a8:	4a3e      	ldr	r2, [pc, #248]	@ (80023a4 <HAL_RCC_ClockConfig+0x150>)
 80022aa:	6893      	ldr	r3, [r2, #8]
 80022ac:	f023 03f0 	bic.w	r3, r3, #240	@ 0xf0
 80022b0:	68a1      	ldr	r1, [r4, #8]
 80022b2:	430b      	orrs	r3, r1
 80022b4:	6093      	str	r3, [r2, #8]
  }

  /*------------------------- SYSCLK Configuration ---------------------------*/
  if(((RCC_ClkInitStruct->ClockType) & RCC_CLOCKTYPE_SYSCLK) == RCC_CLOCKTYPE_SYSCLK)
 80022b6:	6823      	ldr	r3, [r4, #0]
 80022b8:	f013 0f01 	tst.w	r3, #1
 80022bc:	d032      	beq.n	8002324 <HAL_RCC_ClockConfig+0xd0>
  {
    assert_param(IS_RCC_SYSCLKSOURCE(RCC_ClkInitStruct->SYSCLKSource));

    /* HSE is selected as System Clock Source */
    if(RCC_ClkInitStruct->SYSCLKSource == RCC_SYSCLKSOURCE_HSE)
 80022be:	6863      	ldr	r3, [r4, #4]
 80022c0:	2b01      	cmp	r3, #1
 80022c2:	d021      	beq.n	8002308 <HAL_RCC_ClockConfig+0xb4>
      {
        return HAL_ERROR;
      }
    }
    /* PLL is selected as System Clock Source */
    else if((RCC_ClkInitStruct->SYSCLKSource == RCC_SYSCLKSOURCE_PLLCLK)   ||
 80022c4:	1e9a      	subs	r2, r3, #2
 80022c6:	2a01      	cmp	r2, #1
 80022c8:	d925      	bls.n	8002316 <HAL_RCC_ClockConfig+0xc2>
    }
    /* HSI is selected as System Clock Source */
    else
    {
      /* Check the HSI ready flag */
      if(__HAL_RCC_GET_FLAG(RCC_FLAG_HSIRDY) == RESET)
 80022ca:	4a36      	ldr	r2, [pc, #216]	@ (80023a4 <HAL_RCC_ClockConfig+0x150>)
 80022cc:	6812      	ldr	r2, [r2, #0]
 80022ce:	f012 0f02 	tst.w	r2, #2
 80022d2:	d061      	beq.n	8002398 <HAL_RCC_ClockConfig+0x144>
      {
        return HAL_ERROR;
      }
    }

    __HAL_RCC_SYSCLK_CONFIG(RCC_ClkInitStruct->SYSCLKSource);
 80022d4:	4933      	ldr	r1, [pc, #204]	@ (80023a4 <HAL_RCC_ClockConfig+0x150>)
 80022d6:	688a      	ldr	r2, [r1, #8]
 80022d8:	f022 0203 	bic.w	r2, r2, #3
 80022dc:	4313      	orrs	r3, r2
 80022de:	608b      	str	r3, [r1, #8]

    /* Get Start Tick */
    tickstart = HAL_GetTick();
 80022e0:	f7fe fd20 	bl	8000d24 <HAL_GetTick>
 80022e4:	4606      	mov	r6, r0

    while (__HAL_RCC_GET_SYSCLK_SOURCE() != (RCC_ClkInitStruct->SYSCLKSource << RCC_CFGR_SWS_Pos))
 80022e6:	4b2f      	ldr	r3, [pc, #188]	@ (80023a4 <HAL_RCC_ClockConfig+0x150>)
 80022e8:	689b      	ldr	r3, [r3, #8]
 80022ea:	f003 030c 	and.w	r3, r3, #12
 80022ee:	6862      	ldr	r2, [r4, #4]
 80022f0:	ebb3 0f82 	cmp.w	r3, r2, lsl #2
 80022f4:	d016      	beq.n	8002324 <HAL_RCC_ClockConfig+0xd0>
    {
      if ((HAL_GetTick() - tickstart) > CLOCKSWITCH_TIMEOUT_VALUE)
 80022f6:	f7fe fd15 	bl	8000d24 <HAL_GetTick>
 80022fa:	1b80      	subs	r0, r0, r6
 80022fc:	f241 3388 	movw	r3, #5000	@ 0x1388
 8002300:	4298      	cmp	r0, r3
 8002302:	d9f0      	bls.n	80022e6 <HAL_RCC_ClockConfig+0x92>
      {
        return HAL_TIMEOUT;
 8002304:	2003      	movs	r0, #3
 8002306:	e042      	b.n	800238e <HAL_RCC_ClockConfig+0x13a>
      if(__HAL_RCC_GET_FLAG(RCC_FLAG_HSERDY) == RESET)
 8002308:	4a26      	ldr	r2, [pc, #152]	@ (80023a4 <HAL_RCC_ClockConfig+0x150>)
 800230a:	6812      	ldr	r2, [r2, #0]
 800230c:	f412 3f00 	tst.w	r2, #131072	@ 0x20000
 8002310:	d1e0      	bne.n	80022d4 <HAL_RCC_ClockConfig+0x80>
        return HAL_ERROR;
 8002312:	2001      	movs	r0, #1
 8002314:	e03b      	b.n	800238e <HAL_RCC_ClockConfig+0x13a>
      if(__HAL_RCC_GET_FLAG(RCC_FLAG_PLLRDY) == RESET)
 8002316:	4a23      	ldr	r2, [pc, #140]	@ (80023a4 <HAL_RCC_ClockConfig+0x150>)
 8002318:	6812      	ldr	r2, [r2, #0]
 800231a:	f012 7f00 	tst.w	r2, #33554432	@ 0x2000000
 800231e:	d1d9      	bne.n	80022d4 <HAL_RCC_ClockConfig+0x80>
        return HAL_ERROR;
 8002320:	2001      	movs	r0, #1
 8002322:	e034      	b.n	800238e <HAL_RCC_ClockConfig+0x13a>
      }
    }
  }

  /* Decreasing the number of wait states because of lower CPU frequency */
  if(FLatency < __HAL_FLASH_GET_LATENCY())
 8002324:	4b1e      	ldr	r3, [pc, #120]	@ (80023a0 <HAL_RCC_ClockConfig+0x14c>)
 8002326:	681b      	ldr	r3, [r3, #0]
 8002328:	f003 030f 	and.w	r3, r3, #15
 800232c:	42ab      	cmp	r3, r5
 800232e:	d907      	bls.n	8002340 <HAL_RCC_ClockConfig+0xec>
  {
     /* Program the new number of wait states to the LATENCY bits in the FLASH_ACR register */
    __HAL_FLASH_SET_LATENCY(FLatency);
 8002330:	b2ea      	uxtb	r2, r5
 8002332:	4b1b      	ldr	r3, [pc, #108]	@ (80023a0 <HAL_RCC_ClockConfig+0x14c>)
 8002334:	701a      	strb	r2, [r3, #0]

    /* Check that the new number of wait states is taken into account to access the Flash
    memory by reading the FLASH_ACR register */
    if(__HAL_FLASH_GET_LATENCY() != FLatency)
 8002336:	681b      	ldr	r3, [r3, #0]
 8002338:	f003 030f 	and.w	r3, r3, #15
 800233c:	42ab      	cmp	r3, r5
 800233e:	d12d      	bne.n	800239c <HAL_RCC_ClockConfig+0x148>
      return HAL_ERROR;
    }
  }

  /*-------------------------- PCLK1 Configuration ---------------------------*/
  if(((RCC_ClkInitStruct->ClockType) & RCC_CLOCKTYPE_PCLK1) == RCC_CLOCKTYPE_PCLK1)
 8002340:	6823      	ldr	r3, [r4, #0]
 8002342:	f013 0f04 	tst.w	r3, #4
 8002346:	d006      	beq.n	8002356 <HAL_RCC_ClockConfig+0x102>
  {
    assert_param(IS_RCC_PCLK(RCC_ClkInitStruct->APB1CLKDivider));
    MODIFY_REG(RCC->CFGR, RCC_CFGR_PPRE1, RCC_ClkInitStruct->APB1CLKDivider);
 8002348:	4a16      	ldr	r2, [pc, #88]	@ (80023a4 <HAL_RCC_ClockConfig+0x150>)
 800234a:	6893      	ldr	r3, [r2, #8]
 800234c:	f423 53e0 	bic.w	r3, r3, #7168	@ 0x1c00
 8002350:	68e1      	ldr	r1, [r4, #12]
 8002352:	430b      	orrs	r3, r1
 8002354:	6093      	str	r3, [r2, #8]
  }

  /*-------------------------- PCLK2 Configuration ---------------------------*/
  if(((RCC_ClkInitStruct->ClockType) & RCC_CLOCKTYPE_PCLK2) == RCC_CLOCKTYPE_PCLK2)
 8002356:	6823      	ldr	r3, [r4, #0]
 8002358:	f013 0f08 	tst.w	r3, #8
 800235c:	d007      	beq.n	800236e <HAL_RCC_ClockConfig+0x11a>
  {
    assert_param(IS_RCC_PCLK(RCC_ClkInitStruct->APB2CLKDivider));
    MODIFY_REG(RCC->CFGR, RCC_CFGR_PPRE2, ((RCC_ClkInitStruct->APB2CLKDivider) << 3U));
 800235e:	4a11      	ldr	r2, [pc, #68]	@ (80023a4 <HAL_RCC_ClockConfig+0x150>)
 8002360:	6893      	ldr	r3, [r2, #8]
 8002362:	f423 4360 	bic.w	r3, r3, #57344	@ 0xe000
 8002366:	6921      	ldr	r1, [r4, #16]
 8002368:	ea43 03c1 	orr.w	r3, r3, r1, lsl #3
 800236c:	6093      	str	r3, [r2, #8]
  }

  /* Update the SystemCoreClock global variable */
  SystemCoreClock = HAL_RCC_GetSysClockFreq() >> AHBPrescTable[(RCC->CFGR & RCC_CFGR_HPRE)>> RCC_CFGR_HPRE_Pos];
 800236e:	f000 f847 	bl	8002400 <HAL_RCC_GetSysClockFreq>
 8002372:	4b0c      	ldr	r3, [pc, #48]	@ (80023a4 <HAL_RCC_ClockConfig+0x150>)
 8002374:	689b      	ldr	r3, [r3, #8]
 8002376:	f3c3 1303 	ubfx	r3, r3, #4, #4
 800237a:	4a0b      	ldr	r2, [pc, #44]	@ (80023a8 <HAL_RCC_ClockConfig+0x154>)
 800237c:	5cd3      	ldrb	r3, [r2, r3]
 800237e:	40d8      	lsrs	r0, r3
 8002380:	4b0a      	ldr	r3, [pc, #40]	@ (80023ac <HAL_RCC_ClockConfig+0x158>)
 8002382:	6018      	str	r0, [r3, #0]

  /* Configure the source of time base considering new system clocks settings */
  HAL_InitTick (uwTickPrio);
 8002384:	4b0a      	ldr	r3, [pc, #40]	@ (80023b0 <HAL_RCC_ClockConfig+0x15c>)
 8002386:	6818      	ldr	r0, [r3, #0]
 8002388:	f7fe fc80 	bl	8000c8c <HAL_InitTick>

  return HAL_OK;
 800238c:	2000      	movs	r0, #0
}
 800238e:	bd70      	pop	{r4, r5, r6, pc}
    return HAL_ERROR;
 8002390:	2001      	movs	r0, #1
}
 8002392:	4770      	bx	lr
      return HAL_ERROR;
 8002394:	2001      	movs	r0, #1
 8002396:	e7fa      	b.n	800238e <HAL_RCC_ClockConfig+0x13a>
        return HAL_ERROR;
 8002398:	2001      	movs	r0, #1
 800239a:	e7f8      	b.n	800238e <HAL_RCC_ClockConfig+0x13a>
      return HAL_ERROR;
 800239c:	2001      	movs	r0, #1
 800239e:	e7f6      	b.n	800238e <HAL_RCC_ClockConfig+0x13a>
 80023a0:	40023c00 	.word	0x40023c00
 80023a4:	40023800 	.word	0x40023800
 80023a8:	08003b70 	.word	0x08003b70
 80023ac:	2000000c 	.word	0x2000000c
 80023b0:	20000008 	.word	0x20000008

080023b4 <HAL_RCC_GetHCLKFreq>:
  * @retval HCLK frequency
  */
uint32_t HAL_RCC_GetHCLKFreq(void)
{
  return SystemCoreClock;
}
 80023b4:	4b01      	ldr	r3, [pc, #4]	@ (80023bc <HAL_RCC_GetHCLKFreq+0x8>)
 80023b6:	6818      	ldr	r0, [r3, #0]
 80023b8:	4770      	bx	lr
 80023ba:	bf00      	nop
 80023bc:	2000000c 	.word	0x2000000c

080023c0 <HAL_RCC_GetPCLK1Freq>:
  * @note   Each time PCLK1 changes, this function must be called to update the
  *         right PCLK1 value. Otherwise, any configuration based on this function will be incorrect.
  * @retval PCLK1 frequency
  */
uint32_t HAL_RCC_GetPCLK1Freq(void)
{
 80023c0:	b508      	push	{r3, lr}
  /* Get HCLK source and Compute PCLK1 frequency ---------------------------*/
  return (HAL_RCC_GetHCLKFreq() >> APBPrescTable[(RCC->CFGR & RCC_CFGR_PPRE1)>> RCC_CFGR_PPRE1_Pos]);
 80023c2:	f7ff fff7 	bl	80023b4 <HAL_RCC_GetHCLKFreq>
 80023c6:	4b04      	ldr	r3, [pc, #16]	@ (80023d8 <HAL_RCC_GetPCLK1Freq+0x18>)
 80023c8:	689b      	ldr	r3, [r3, #8]
 80023ca:	f3c3 2382 	ubfx	r3, r3, #10, #3
 80023ce:	4a03      	ldr	r2, [pc, #12]	@ (80023dc <HAL_RCC_GetPCLK1Freq+0x1c>)
 80023d0:	5cd3      	ldrb	r3, [r2, r3]
}
 80023d2:	40d8      	lsrs	r0, r3
 80023d4:	bd08      	pop	{r3, pc}
 80023d6:	bf00      	nop
 80023d8:	40023800 	.word	0x40023800
 80023dc:	08003b68 	.word	0x08003b68

080023e0 <HAL_RCC_GetPCLK2Freq>:
  * @note   Each time PCLK2 changes, this function must be called to update the
  *         right PCLK2 value. Otherwise, any configuration based on this function will be incorrect.
  * @retval PCLK2 frequency
  */
uint32_t HAL_RCC_GetPCLK2Freq(void)
{
 80023e0:	b508      	push	{r3, lr}
  /* Get HCLK source and Compute PCLK2 frequency ---------------------------*/
  return (HAL_RCC_GetHCLKFreq()>> APBPrescTable[(RCC->CFGR & RCC_CFGR_PPRE2)>> RCC_CFGR_PPRE2_Pos]);
 80023e2:	f7ff ffe7 	bl	80023b4 <HAL_RCC_GetHCLKFreq>
 80023e6:	4b04      	ldr	r3, [pc, #16]	@ (80023f8 <HAL_RCC_GetPCLK2Freq+0x18>)
 80023e8:	689b      	ldr	r3, [r3, #8]
 80023ea:	f3c3 3342 	ubfx	r3, r3, #13, #3
 80023ee:	4a03      	ldr	r2, [pc, #12]	@ (80023fc <HAL_RCC_GetPCLK2Freq+0x1c>)
 80023f0:	5cd3      	ldrb	r3, [r2, r3]
}
 80023f2:	40d8      	lsrs	r0, r3
 80023f4:	bd08      	pop	{r3, pc}
 80023f6:	bf00      	nop
 80023f8:	40023800 	.word	0x40023800
 80023fc:	08003b68 	.word	0x08003b68

08002400 <HAL_RCC_GetSysClockFreq>:
  *
  *
  * @retval SYSCLK frequency
  */
uint32_t HAL_RCC_GetSysClockFreq(void)
{
 8002400:	b508      	push	{r3, lr}
  uint32_t pllp = 0U;
  uint32_t pllr = 0U;
  uint32_t sysclockfreq = 0U;

  /* Get SYSCLK source -------------------------------------------------------*/
  switch (RCC->CFGR & RCC_CFGR_SWS)
 8002402:	4b60      	ldr	r3, [pc, #384]	@ (8002584 <HAL_RCC_GetSysClockFreq+0x184>)
 8002404:	689b      	ldr	r3, [r3, #8]
 8002406:	f003 030c 	and.w	r3, r3, #12
 800240a:	2b08      	cmp	r3, #8
 800240c:	d006      	beq.n	800241c <HAL_RCC_GetSysClockFreq+0x1c>
 800240e:	2b0c      	cmp	r3, #12
 8002410:	d05e      	beq.n	80024d0 <HAL_RCC_GetSysClockFreq+0xd0>
 8002412:	2b04      	cmp	r3, #4
 8002414:	f040 80b4 	bne.w	8002580 <HAL_RCC_GetSysClockFreq+0x180>
      sysclockfreq = HSI_VALUE;
       break;
    }
    case RCC_CFGR_SWS_HSE:  /* HSE used as system clock  source */
    {
      sysclockfreq = HSE_VALUE;
 8002418:	485b      	ldr	r0, [pc, #364]	@ (8002588 <HAL_RCC_GetSysClockFreq+0x188>)
 800241a:	e033      	b.n	8002484 <HAL_RCC_GetSysClockFreq+0x84>
    }
    case RCC_CFGR_SWS_PLL:  /* PLL/PLLP used as system clock  source */
    {
      /* PLL_VCO = (HSE_VALUE or HSI_VALUE / PLLM) * PLLN
      SYSCLK = PLL_VCO / PLLP */
      pllm = RCC->PLLCFGR & RCC_PLLCFGR_PLLM;
 800241c:	4b59      	ldr	r3, [pc, #356]	@ (8002584 <HAL_RCC_GetSysClockFreq+0x184>)
 800241e:	685a      	ldr	r2, [r3, #4]
 8002420:	f002 023f 	and.w	r2, r2, #63	@ 0x3f
      if(__HAL_RCC_GET_PLL_OSCSOURCE() != RCC_PLLSOURCE_HSI)
 8002424:	685b      	ldr	r3, [r3, #4]
 8002426:	f413 0f80 	tst.w	r3, #4194304	@ 0x400000
 800242a:	d02c      	beq.n	8002486 <HAL_RCC_GetSysClockFreq+0x86>
      {
        /* HSE used as PLL clock source */
        pllvco = (uint32_t) ((((uint64_t) HSE_VALUE * ((uint64_t) ((RCC->PLLCFGR & RCC_PLLCFGR_PLLN) >> RCC_PLLCFGR_PLLN_Pos)))) / (uint64_t)pllm);
 800242c:	4b55      	ldr	r3, [pc, #340]	@ (8002584 <HAL_RCC_GetSysClockFreq+0x184>)
 800242e:	6858      	ldr	r0, [r3, #4]
 8002430:	f3c0 1088 	ubfx	r0, r0, #6, #9
 8002434:	ea4f 1c40 	mov.w	ip, r0, lsl #5
 8002438:	ebbc 0c00 	subs.w	ip, ip, r0
 800243c:	eb6e 0e0e 	sbc.w	lr, lr, lr
 8002440:	ea4f 138e 	mov.w	r3, lr, lsl #6
 8002444:	ea43 639c 	orr.w	r3, r3, ip, lsr #26
 8002448:	ea4f 118c 	mov.w	r1, ip, lsl #6
 800244c:	ebb1 010c 	subs.w	r1, r1, ip
 8002450:	eb63 030e 	sbc.w	r3, r3, lr
 8002454:	00db      	lsls	r3, r3, #3
 8002456:	ea43 7351 	orr.w	r3, r3, r1, lsr #29
 800245a:	00c9      	lsls	r1, r1, #3
 800245c:	eb11 0c00 	adds.w	ip, r1, r0
 8002460:	f143 0300 	adc.w	r3, r3, #0
 8002464:	0259      	lsls	r1, r3, #9
 8002466:	2300      	movs	r3, #0
 8002468:	ea4f 204c 	mov.w	r0, ip, lsl #9
 800246c:	ea41 51dc 	orr.w	r1, r1, ip, lsr #23
 8002470:	f7fd fea8 	bl	80001c4 <__aeabi_uldivmod>
      else
      {
        /* HSI used as PLL clock source */
        pllvco = (uint32_t) ((((uint64_t) HSI_VALUE * ((uint64_t) ((RCC->PLLCFGR & RCC_PLLCFGR_PLLN) >> RCC_PLLCFGR_PLLN_Pos)))) / (uint64_t)pllm);
      }
      pllp = ((((RCC->PLLCFGR & RCC_PLLCFGR_PLLP) >> RCC_PLLCFGR_PLLP_Pos) + 1U) *2U);
 8002474:	4b43      	ldr	r3, [pc, #268]	@ (8002584 <HAL_RCC_GetSysClockFreq+0x184>)
 8002476:	685b      	ldr	r3, [r3, #4]
 8002478:	f3c3 4301 	ubfx	r3, r3, #16, #2
 800247c:	3301      	adds	r3, #1
 800247e:	005b      	lsls	r3, r3, #1

      sysclockfreq = pllvco/pllp;
 8002480:	fbb0 f0f3 	udiv	r0, r0, r3
      sysclockfreq = HSI_VALUE;
      break;
    }
  }
  return sysclockfreq;
}
 8002484:	bd08      	pop	{r3, pc}
        pllvco = (uint32_t) ((((uint64_t) HSI_VALUE * ((uint64_t) ((RCC->PLLCFGR & RCC_PLLCFGR_PLLN) >> RCC_PLLCFGR_PLLN_Pos)))) / (uint64_t)pllm);
 8002486:	4b3f      	ldr	r3, [pc, #252]	@ (8002584 <HAL_RCC_GetSysClockFreq+0x184>)
 8002488:	6858      	ldr	r0, [r3, #4]
 800248a:	f3c0 1088 	ubfx	r0, r0, #6, #9
 800248e:	ea4f 1c40 	mov.w	ip, r0, lsl #5
 8002492:	ebbc 0c00 	subs.w	ip, ip, r0
 8002496:	eb6e 0e0e 	sbc.w	lr, lr, lr
 800249a:	ea4f 138e 	mov.w	r3, lr, lsl #6
 800249e:	ea43 639c 	orr.w	r3, r3, ip, lsr #26
 80024a2:	ea4f 118c 	mov.w	r1, ip, lsl #6
 80024a6:	ebb1 010c 	subs.w	r1, r1, ip
 80024aa:	eb63 030e 	sbc.w	r3, r3, lr
 80024ae:	00db      	lsls	r3, r3, #3
 80024b0:	ea43 7351 	orr.w	r3, r3, r1, lsr #29
 80024b4:	00c9      	lsls	r1, r1, #3
 80024b6:	eb11 0c00 	adds.w	ip, r1, r0
 80024ba:	f143 0300 	adc.w	r3, r3, #0
 80024be:	0299      	lsls	r1, r3, #10
 80024c0:	2300      	movs	r3, #0
 80024c2:	ea4f 208c 	mov.w	r0, ip, lsl #10
 80024c6:	ea41 519c 	orr.w	r1, r1, ip, lsr #22
 80024ca:	f7fd fe7b 	bl	80001c4 <__aeabi_uldivmod>
 80024ce:	e7d1      	b.n	8002474 <HAL_RCC_GetSysClockFreq+0x74>
      pllm = RCC->PLLCFGR & RCC_PLLCFGR_PLLM;
 80024d0:	4b2c      	ldr	r3, [pc, #176]	@ (8002584 <HAL_RCC_GetSysClockFreq+0x184>)
 80024d2:	685a      	ldr	r2, [r3, #4]
 80024d4:	f002 023f 	and.w	r2, r2, #63	@ 0x3f
      if(__HAL_RCC_GET_PLL_OSCSOURCE() != RCC_PLLSOURCE_HSI)
 80024d8:	685b      	ldr	r3, [r3, #4]
 80024da:	f413 0f80 	tst.w	r3, #4194304	@ 0x400000
 80024de:	d02a      	beq.n	8002536 <HAL_RCC_GetSysClockFreq+0x136>
        pllvco = (uint32_t) ((((uint64_t) HSE_VALUE * ((uint64_t) ((RCC->PLLCFGR & RCC_PLLCFGR_PLLN) >> RCC_PLLCFGR_PLLN_Pos)))) / (uint64_t)pllm);
 80024e0:	4b28      	ldr	r3, [pc, #160]	@ (8002584 <HAL_RCC_GetSysClockFreq+0x184>)
 80024e2:	6858      	ldr	r0, [r3, #4]
 80024e4:	f3c0 1088 	ubfx	r0, r0, #6, #9
 80024e8:	ea4f 1c40 	mov.w	ip, r0, lsl #5
 80024ec:	ebbc 0c00 	subs.w	ip, ip, r0
 80024f0:	eb6e 0e0e 	sbc.w	lr, lr, lr
 80024f4:	ea4f 138e 	mov.w	r3, lr, lsl #6
 80024f8:	ea43 639c 	orr.w	r3, r3, ip, lsr #26
 80024fc:	ea4f 118c 	mov.w	r1, ip, lsl #6
 8002500:	ebb1 010c 	subs.w	r1, r1, ip
 8002504:	eb63 030e 	sbc.w	r3, r3, lr
 8002508:	00db      	lsls	r3, r3, #3
 800250a:	ea43 7351 	orr.w	r3, r3, r1, lsr #29
 800250e:	00c9      	lsls	r1, r1, #3
 8002510:	eb11 0c00 	adds.w	ip, r1, r0
 8002514:	f143 0300 	adc.w	r3, r3, #0
 8002518:	0259      	lsls	r1, r3, #9
 800251a:	2300      	movs	r3, #0
 800251c:	ea4f 204c 	mov.w	r0, ip, lsl #9
 8002520:	ea41 51dc 	orr.w	r1, r1, ip, lsr #23
 8002524:	f7fd fe4e 	bl	80001c4 <__aeabi_uldivmod>
      pllr = ((RCC->PLLCFGR & RCC_PLLCFGR_PLLR) >> RCC_PLLCFGR_PLLR_Pos);
 8002528:	4b16      	ldr	r3, [pc, #88]	@ (8002584 <HAL_RCC_GetSysClockFreq+0x184>)
 800252a:	685b      	ldr	r3, [r3, #4]
 800252c:	f3c3 7302 	ubfx	r3, r3, #28, #3
      sysclockfreq = pllvco/pllr;
 8002530:	fbb0 f0f3 	udiv	r0, r0, r3
      break;
 8002534:	e7a6      	b.n	8002484 <HAL_RCC_GetSysClockFreq+0x84>
        pllvco = (uint32_t) ((((uint64_t) HSI_VALUE * ((uint64_t) ((RCC->PLLCFGR & RCC_PLLCFGR_PLLN) >> RCC_PLLCFGR_PLLN_Pos)))) / (uint64_t)pllm);
 8002536:	4b13      	ldr	r3, [pc, #76]	@ (8002584 <HAL_RCC_GetSysClockFreq+0x184>)
 8002538:	6858      	ldr	r0, [r3, #4]
 800253a:	f3c0 1088 	ubfx	r0, r0, #6, #9
 800253e:	ea4f 1c40 	mov.w	ip, r0, lsl #5
 8002542:	ebbc 0c00 	subs.w	ip, ip, r0
 8002546:	eb6e 0e0e 	sbc.w	lr, lr, lr
 800254a:	ea4f 138e 	mov.w	r3, lr, lsl #6
 800254e:	ea43 639c 	orr.w	r3, r3, ip, lsr #26
 8002552:	ea4f 118c 	mov.w	r1, ip, lsl #6
 8002556:	ebb1 010c 	subs.w	r1, r1, ip
 800255a:	eb63 030e 	sbc.w	r3, r3, lr
 800255e:	00db      	lsls	r3, r3, #3
 8002560:	ea43 7351 	orr.w	r3, r3, r1, lsr #29
 8002564:	00c9      	lsls	r1, r1, #3
 8002566:	eb11 0c00 	adds.w	ip, r1, r0
 800256a:	f143 0300 	adc.w	r3, r3, #0
 800256e:	0299      	lsls	r1, r3, #10
 8002570:	2300      	movs	r3, #0
 8002572:	ea4f 208c 	mov.w	r0, ip, lsl #10
 8002576:	ea41 519c 	orr.w	r1, r1, ip, lsr #22
 800257a:	f7fd fe23 	bl	80001c4 <__aeabi_uldivmod>
 800257e:	e7d3      	b.n	8002528 <HAL_RCC_GetSysClockFreq+0x128>
  switch (RCC->CFGR & RCC_CFGR_SWS)
 8002580:	4802      	ldr	r0, [pc, #8]	@ (800258c <HAL_RCC_GetSysClockFreq+0x18c>)
  return sysclockfreq;
 8002582:	e77f      	b.n	8002484 <HAL_RCC_GetSysClockFreq+0x84>
 8002584:	40023800 	.word	0x40023800
 8002588:	007a1200 	.word	0x007a1200
 800258c:	00f42400 	.word	0x00f42400

08002590 <HAL_RCC_OscConfig>:
HAL_StatusTypeDef HAL_RCC_OscConfig(RCC_OscInitTypeDef  *RCC_OscInitStruct)
{
  uint32_t tickstart, pll_config;

  /* Check Null pointer */
  if(RCC_OscInitStruct == NULL)
 8002590:	2800      	cmp	r0, #0
 8002592:	f000 8201 	beq.w	8002998 <HAL_RCC_OscConfig+0x408>
{
 8002596:	b570      	push	{r4, r5, r6, lr}
 8002598:	b082      	sub	sp, #8
 800259a:	4604      	mov	r4, r0
  }

  /* Check the parameters */
  assert_param(IS_RCC_OSCILLATORTYPE(RCC_OscInitStruct->OscillatorType));
  /*------------------------------- HSE Configuration ------------------------*/
  if(((RCC_OscInitStruct->OscillatorType) & RCC_OSCILLATORTYPE_HSE) == RCC_OSCILLATORTYPE_HSE)
 800259c:	6803      	ldr	r3, [r0, #0]
 800259e:	f013 0f01 	tst.w	r3, #1
 80025a2:	d041      	beq.n	8002628 <HAL_RCC_OscConfig+0x98>
  {
    /* Check the parameters */
    assert_param(IS_RCC_HSE(RCC_OscInitStruct->HSEState));
    /* When the HSE is used as system clock or clock source for PLL in these cases HSE will not disabled */
#if defined(STM32F446xx)
    if((__HAL_RCC_GET_SYSCLK_SOURCE() == RCC_CFGR_SWS_HSE)                                                                     ||\
 80025a4:	4b99      	ldr	r3, [pc, #612]	@ (800280c <HAL_RCC_OscConfig+0x27c>)
 80025a6:	689b      	ldr	r3, [r3, #8]
 80025a8:	f003 030c 	and.w	r3, r3, #12
 80025ac:	2b04      	cmp	r3, #4
 80025ae:	d032      	beq.n	8002616 <HAL_RCC_OscConfig+0x86>
      ((__HAL_RCC_GET_SYSCLK_SOURCE() == RCC_CFGR_SWS_PLL) && ((RCC->PLLCFGR & RCC_PLLCFGR_PLLSRC) == RCC_PLLCFGR_PLLSRC_HSE)) ||\
 80025b0:	4b96      	ldr	r3, [pc, #600]	@ (800280c <HAL_RCC_OscConfig+0x27c>)
 80025b2:	689b      	ldr	r3, [r3, #8]
 80025b4:	f003 030c 	and.w	r3, r3, #12
    if((__HAL_RCC_GET_SYSCLK_SOURCE() == RCC_CFGR_SWS_HSE)                                                                     ||\
 80025b8:	2b08      	cmp	r3, #8
 80025ba:	d027      	beq.n	800260c <HAL_RCC_OscConfig+0x7c>
      ((__HAL_RCC_GET_SYSCLK_SOURCE() == RCC_CFGR_SWS_PLLR) && ((RCC->PLLCFGR & RCC_PLLCFGR_PLLSRC) == RCC_PLLCFGR_PLLSRC_HSE)))
 80025bc:	4b93      	ldr	r3, [pc, #588]	@ (800280c <HAL_RCC_OscConfig+0x27c>)
 80025be:	689b      	ldr	r3, [r3, #8]
 80025c0:	f003 030c 	and.w	r3, r3, #12
      ((__HAL_RCC_GET_SYSCLK_SOURCE() == RCC_CFGR_SWS_PLL) && ((RCC->PLLCFGR & RCC_PLLCFGR_PLLSRC) == RCC_PLLCFGR_PLLSRC_HSE)) ||\
 80025c4:	2b0c      	cmp	r3, #12
 80025c6:	d059      	beq.n	800267c <HAL_RCC_OscConfig+0xec>
      }
    }
    else
    {
      /* Set the new HSE configuration ---------------------------------------*/
      __HAL_RCC_HSE_CONFIG(RCC_OscInitStruct->HSEState);
 80025c8:	6863      	ldr	r3, [r4, #4]
 80025ca:	f5b3 3f80 	cmp.w	r3, #65536	@ 0x10000
 80025ce:	d05b      	beq.n	8002688 <HAL_RCC_OscConfig+0xf8>
 80025d0:	f5b3 2fa0 	cmp.w	r3, #327680	@ 0x50000
 80025d4:	d05e      	beq.n	8002694 <HAL_RCC_OscConfig+0x104>
 80025d6:	4b8d      	ldr	r3, [pc, #564]	@ (800280c <HAL_RCC_OscConfig+0x27c>)
 80025d8:	681a      	ldr	r2, [r3, #0]
 80025da:	f422 3280 	bic.w	r2, r2, #65536	@ 0x10000
 80025de:	601a      	str	r2, [r3, #0]
 80025e0:	681a      	ldr	r2, [r3, #0]
 80025e2:	f422 2280 	bic.w	r2, r2, #262144	@ 0x40000
 80025e6:	601a      	str	r2, [r3, #0]

      /* Check the HSE State */
      if((RCC_OscInitStruct->HSEState) != RCC_HSE_OFF)
 80025e8:	6863      	ldr	r3, [r4, #4]
 80025ea:	2b00      	cmp	r3, #0
 80025ec:	d05c      	beq.n	80026a8 <HAL_RCC_OscConfig+0x118>
      {
        /* Get Start Tick*/
        tickstart = HAL_GetTick();
 80025ee:	f7fe fb99 	bl	8000d24 <HAL_GetTick>
 80025f2:	4605      	mov	r5, r0

        /* Wait till HSE is ready */
        while(__HAL_RCC_GET_FLAG(RCC_FLAG_HSERDY) == RESET)
 80025f4:	4b85      	ldr	r3, [pc, #532]	@ (800280c <HAL_RCC_OscConfig+0x27c>)
 80025f6:	681b      	ldr	r3, [r3, #0]
 80025f8:	f413 3f00 	tst.w	r3, #131072	@ 0x20000
 80025fc:	d114      	bne.n	8002628 <HAL_RCC_OscConfig+0x98>
        {
          if((HAL_GetTick() - tickstart ) > HSE_TIMEOUT_VALUE)
 80025fe:	f7fe fb91 	bl	8000d24 <HAL_GetTick>
 8002602:	1b40      	subs	r0, r0, r5
 8002604:	2864      	cmp	r0, #100	@ 0x64
 8002606:	d9f5      	bls.n	80025f4 <HAL_RCC_OscConfig+0x64>
          {
            return HAL_TIMEOUT;
 8002608:	2003      	movs	r0, #3
 800260a:	e1cc      	b.n	80029a6 <HAL_RCC_OscConfig+0x416>
      ((__HAL_RCC_GET_SYSCLK_SOURCE() == RCC_CFGR_SWS_PLL) && ((RCC->PLLCFGR & RCC_PLLCFGR_PLLSRC) == RCC_PLLCFGR_PLLSRC_HSE)) ||\
 800260c:	4b7f      	ldr	r3, [pc, #508]	@ (800280c <HAL_RCC_OscConfig+0x27c>)
 800260e:	685b      	ldr	r3, [r3, #4]
 8002610:	f413 0f80 	tst.w	r3, #4194304	@ 0x400000
 8002614:	d0d2      	beq.n	80025bc <HAL_RCC_OscConfig+0x2c>
      if((__HAL_RCC_GET_FLAG(RCC_FLAG_HSERDY) != RESET) && (RCC_OscInitStruct->HSEState == RCC_HSE_OFF))
 8002616:	4b7d      	ldr	r3, [pc, #500]	@ (800280c <HAL_RCC_OscConfig+0x27c>)
 8002618:	681b      	ldr	r3, [r3, #0]
 800261a:	f413 3f00 	tst.w	r3, #131072	@ 0x20000
 800261e:	d003      	beq.n	8002628 <HAL_RCC_OscConfig+0x98>
 8002620:	6863      	ldr	r3, [r4, #4]
 8002622:	2b00      	cmp	r3, #0
 8002624:	f000 81ba 	beq.w	800299c <HAL_RCC_OscConfig+0x40c>
        }
      }
    }
  }
  /*----------------------------- HSI Configuration --------------------------*/
  if(((RCC_OscInitStruct->OscillatorType) & RCC_OSCILLATORTYPE_HSI) == RCC_OSCILLATORTYPE_HSI)
 8002628:	6823      	ldr	r3, [r4, #0]
 800262a:	f013 0f02 	tst.w	r3, #2
 800262e:	d060      	beq.n	80026f2 <HAL_RCC_OscConfig+0x162>
    assert_param(IS_RCC_HSI(RCC_OscInitStruct->HSIState));
    assert_param(IS_RCC_CALIBRATION_VALUE(RCC_OscInitStruct->HSICalibrationValue));

    /* Check if HSI is used as system clock or as PLL source when PLL is selected as system clock */
#if defined(STM32F446xx)
    if((__HAL_RCC_GET_SYSCLK_SOURCE() == RCC_CFGR_SWS_HSI)                                                                     ||\
 8002630:	4b76      	ldr	r3, [pc, #472]	@ (800280c <HAL_RCC_OscConfig+0x27c>)
 8002632:	689b      	ldr	r3, [r3, #8]
 8002634:	f013 0f0c 	tst.w	r3, #12
 8002638:	d04a      	beq.n	80026d0 <HAL_RCC_OscConfig+0x140>
      ((__HAL_RCC_GET_SYSCLK_SOURCE() == RCC_CFGR_SWS_PLL) && ((RCC->PLLCFGR & RCC_PLLCFGR_PLLSRC) == RCC_PLLCFGR_PLLSRC_HSI)) ||\
 800263a:	4b74      	ldr	r3, [pc, #464]	@ (800280c <HAL_RCC_OscConfig+0x27c>)
 800263c:	689b      	ldr	r3, [r3, #8]
 800263e:	f003 030c 	and.w	r3, r3, #12
    if((__HAL_RCC_GET_SYSCLK_SOURCE() == RCC_CFGR_SWS_HSI)                                                                     ||\
 8002642:	2b08      	cmp	r3, #8
 8002644:	d03f      	beq.n	80026c6 <HAL_RCC_OscConfig+0x136>
      ((__HAL_RCC_GET_SYSCLK_SOURCE() == RCC_CFGR_SWS_PLLR) && ((RCC->PLLCFGR & RCC_PLLCFGR_PLLSRC) == RCC_PLLCFGR_PLLSRC_HSI)))
 8002646:	4b71      	ldr	r3, [pc, #452]	@ (800280c <HAL_RCC_OscConfig+0x27c>)
 8002648:	689b      	ldr	r3, [r3, #8]
 800264a:	f003 030c 	and.w	r3, r3, #12
      ((__HAL_RCC_GET_SYSCLK_SOURCE() == RCC_CFGR_SWS_PLL) && ((RCC->PLLCFGR & RCC_PLLCFGR_PLLSRC) == RCC_PLLCFGR_PLLSRC_HSI)) ||\
 800264e:	2b0c      	cmp	r3, #12
 8002650:	d069      	beq.n	8002726 <HAL_RCC_OscConfig+0x196>
      }
    }
    else
    {
      /* Check the HSI State */
      if((RCC_OscInitStruct->HSIState)!= RCC_HSI_OFF)
 8002652:	68e3      	ldr	r3, [r4, #12]
 8002654:	2b00      	cmp	r3, #0
 8002656:	d075      	beq.n	8002744 <HAL_RCC_OscConfig+0x1b4>
      {
        /* Enable the Internal High Speed oscillator (HSI). */
        __HAL_RCC_HSI_ENABLE();
 8002658:	4b6d      	ldr	r3, [pc, #436]	@ (8002810 <HAL_RCC_OscConfig+0x280>)
 800265a:	2201      	movs	r2, #1
 800265c:	601a      	str	r2, [r3, #0]

        /* Get Start Tick*/
        tickstart = HAL_GetTick();
 800265e:	f7fe fb61 	bl	8000d24 <HAL_GetTick>
 8002662:	4605      	mov	r5, r0

        /* Wait till HSI is ready */
        while(__HAL_RCC_GET_FLAG(RCC_FLAG_HSIRDY) == RESET)
 8002664:	4b69      	ldr	r3, [pc, #420]	@ (800280c <HAL_RCC_OscConfig+0x27c>)
 8002666:	681b      	ldr	r3, [r3, #0]
 8002668:	f013 0f02 	tst.w	r3, #2
 800266c:	d161      	bne.n	8002732 <HAL_RCC_OscConfig+0x1a2>
        {
          if((HAL_GetTick() - tickstart ) > HSI_TIMEOUT_VALUE)
 800266e:	f7fe fb59 	bl	8000d24 <HAL_GetTick>
 8002672:	1b40      	subs	r0, r0, r5
 8002674:	2802      	cmp	r0, #2
 8002676:	d9f5      	bls.n	8002664 <HAL_RCC_OscConfig+0xd4>
          {
            return HAL_TIMEOUT;
 8002678:	2003      	movs	r0, #3
 800267a:	e194      	b.n	80029a6 <HAL_RCC_OscConfig+0x416>
      ((__HAL_RCC_GET_SYSCLK_SOURCE() == RCC_CFGR_SWS_PLLR) && ((RCC->PLLCFGR & RCC_PLLCFGR_PLLSRC) == RCC_PLLCFGR_PLLSRC_HSE)))
 800267c:	4b63      	ldr	r3, [pc, #396]	@ (800280c <HAL_RCC_OscConfig+0x27c>)
 800267e:	685b      	ldr	r3, [r3, #4]
 8002680:	f413 0f80 	tst.w	r3, #4194304	@ 0x400000
 8002684:	d0a0      	beq.n	80025c8 <HAL_RCC_OscConfig+0x38>
 8002686:	e7c6      	b.n	8002616 <HAL_RCC_OscConfig+0x86>
      __HAL_RCC_HSE_CONFIG(RCC_OscInitStruct->HSEState);
 8002688:	4a60      	ldr	r2, [pc, #384]	@ (800280c <HAL_RCC_OscConfig+0x27c>)
 800268a:	6813      	ldr	r3, [r2, #0]
 800268c:	f443 3380 	orr.w	r3, r3, #65536	@ 0x10000
 8002690:	6013      	str	r3, [r2, #0]
 8002692:	e7a9      	b.n	80025e8 <HAL_RCC_OscConfig+0x58>
 8002694:	4b5d      	ldr	r3, [pc, #372]	@ (800280c <HAL_RCC_OscConfig+0x27c>)
 8002696:	681a      	ldr	r2, [r3, #0]
 8002698:	f442 2280 	orr.w	r2, r2, #262144	@ 0x40000
 800269c:	601a      	str	r2, [r3, #0]
 800269e:	681a      	ldr	r2, [r3, #0]
 80026a0:	f442 3280 	orr.w	r2, r2, #65536	@ 0x10000
 80026a4:	601a      	str	r2, [r3, #0]
 80026a6:	e79f      	b.n	80025e8 <HAL_RCC_OscConfig+0x58>
        tickstart = HAL_GetTick();
 80026a8:	f7fe fb3c 	bl	8000d24 <HAL_GetTick>
 80026ac:	4605      	mov	r5, r0
        while(__HAL_RCC_GET_FLAG(RCC_FLAG_HSERDY) != RESET)
 80026ae:	4b57      	ldr	r3, [pc, #348]	@ (800280c <HAL_RCC_OscConfig+0x27c>)
 80026b0:	681b      	ldr	r3, [r3, #0]
 80026b2:	f413 3f00 	tst.w	r3, #131072	@ 0x20000
 80026b6:	d0b7      	beq.n	8002628 <HAL_RCC_OscConfig+0x98>
          if((HAL_GetTick() - tickstart ) > HSE_TIMEOUT_VALUE)
 80026b8:	f7fe fb34 	bl	8000d24 <HAL_GetTick>
 80026bc:	1b40      	subs	r0, r0, r5
 80026be:	2864      	cmp	r0, #100	@ 0x64
 80026c0:	d9f5      	bls.n	80026ae <HAL_RCC_OscConfig+0x11e>
            return HAL_TIMEOUT;
 80026c2:	2003      	movs	r0, #3
 80026c4:	e16f      	b.n	80029a6 <HAL_RCC_OscConfig+0x416>
      ((__HAL_RCC_GET_SYSCLK_SOURCE() == RCC_CFGR_SWS_PLL) && ((RCC->PLLCFGR & RCC_PLLCFGR_PLLSRC) == RCC_PLLCFGR_PLLSRC_HSI)) ||\
 80026c6:	4b51      	ldr	r3, [pc, #324]	@ (800280c <HAL_RCC_OscConfig+0x27c>)
 80026c8:	685b      	ldr	r3, [r3, #4]
 80026ca:	f413 0f80 	tst.w	r3, #4194304	@ 0x400000
 80026ce:	d1ba      	bne.n	8002646 <HAL_RCC_OscConfig+0xb6>
      if((__HAL_RCC_GET_FLAG(RCC_FLAG_HSIRDY) != RESET) && (RCC_OscInitStruct->HSIState != RCC_HSI_ON))
 80026d0:	4b4e      	ldr	r3, [pc, #312]	@ (800280c <HAL_RCC_OscConfig+0x27c>)
 80026d2:	681b      	ldr	r3, [r3, #0]
 80026d4:	f013 0f02 	tst.w	r3, #2
 80026d8:	d003      	beq.n	80026e2 <HAL_RCC_OscConfig+0x152>
 80026da:	68e3      	ldr	r3, [r4, #12]
 80026dc:	2b01      	cmp	r3, #1
 80026de:	f040 815f 	bne.w	80029a0 <HAL_RCC_OscConfig+0x410>
        __HAL_RCC_HSI_CALIBRATIONVALUE_ADJUST(RCC_OscInitStruct->HSICalibrationValue);
 80026e2:	4a4a      	ldr	r2, [pc, #296]	@ (800280c <HAL_RCC_OscConfig+0x27c>)
 80026e4:	6813      	ldr	r3, [r2, #0]
 80026e6:	f023 03f8 	bic.w	r3, r3, #248	@ 0xf8
 80026ea:	6921      	ldr	r1, [r4, #16]
 80026ec:	ea43 03c1 	orr.w	r3, r3, r1, lsl #3
 80026f0:	6013      	str	r3, [r2, #0]
        }
      }
    }
  }
  /*------------------------------ LSI Configuration -------------------------*/
  if(((RCC_OscInitStruct->OscillatorType) & RCC_OSCILLATORTYPE_LSI) == RCC_OSCILLATORTYPE_LSI)
 80026f2:	6823      	ldr	r3, [r4, #0]
 80026f4:	f013 0f08 	tst.w	r3, #8
 80026f8:	d049      	beq.n	800278e <HAL_RCC_OscConfig+0x1fe>
  {
    /* Check the parameters */
    assert_param(IS_RCC_LSI(RCC_OscInitStruct->LSIState));

    /* Check the LSI State */
    if((RCC_OscInitStruct->LSIState)!= RCC_LSI_OFF)
 80026fa:	6963      	ldr	r3, [r4, #20]
 80026fc:	2b00      	cmp	r3, #0
 80026fe:	d033      	beq.n	8002768 <HAL_RCC_OscConfig+0x1d8>
    {
      /* Enable the Internal Low Speed oscillator (LSI). */
      __HAL_RCC_LSI_ENABLE();
 8002700:	4b43      	ldr	r3, [pc, #268]	@ (8002810 <HAL_RCC_OscConfig+0x280>)
 8002702:	2201      	movs	r2, #1
 8002704:	f8c3 2e80 	str.w	r2, [r3, #3712]	@ 0xe80

      /* Get Start Tick*/
      tickstart = HAL_GetTick();
 8002708:	f7fe fb0c 	bl	8000d24 <HAL_GetTick>
 800270c:	4605      	mov	r5, r0

      /* Wait till LSI is ready */
      while(__HAL_RCC_GET_FLAG(RCC_FLAG_LSIRDY) == RESET)
 800270e:	4b3f      	ldr	r3, [pc, #252]	@ (800280c <HAL_RCC_OscConfig+0x27c>)
 8002710:	6f5b      	ldr	r3, [r3, #116]	@ 0x74
 8002712:	f013 0f02 	tst.w	r3, #2
 8002716:	d13a      	bne.n	800278e <HAL_RCC_OscConfig+0x1fe>
      {
        if((HAL_GetTick() - tickstart ) > LSI_TIMEOUT_VALUE)
 8002718:	f7fe fb04 	bl	8000d24 <HAL_GetTick>
 800271c:	1b40      	subs	r0, r0, r5
 800271e:	2802      	cmp	r0, #2
 8002720:	d9f5      	bls.n	800270e <HAL_RCC_OscConfig+0x17e>
        {
          return HAL_TIMEOUT;
 8002722:	2003      	movs	r0, #3
 8002724:	e13f      	b.n	80029a6 <HAL_RCC_OscConfig+0x416>
      ((__HAL_RCC_GET_SYSCLK_SOURCE() == RCC_CFGR_SWS_PLLR) && ((RCC->PLLCFGR & RCC_PLLCFGR_PLLSRC) == RCC_PLLCFGR_PLLSRC_HSI)))
 8002726:	4b39      	ldr	r3, [pc, #228]	@ (800280c <HAL_RCC_OscConfig+0x27c>)
 8002728:	685b      	ldr	r3, [r3, #4]
 800272a:	f413 0f80 	tst.w	r3, #4194304	@ 0x400000
 800272e:	d190      	bne.n	8002652 <HAL_RCC_OscConfig+0xc2>
 8002730:	e7ce      	b.n	80026d0 <HAL_RCC_OscConfig+0x140>
        __HAL_RCC_HSI_CALIBRATIONVALUE_ADJUST(RCC_OscInitStruct->HSICalibrationValue);
 8002732:	4a36      	ldr	r2, [pc, #216]	@ (800280c <HAL_RCC_OscConfig+0x27c>)
 8002734:	6813      	ldr	r3, [r2, #0]
 8002736:	f023 03f8 	bic.w	r3, r3, #248	@ 0xf8
 800273a:	6921      	ldr	r1, [r4, #16]
 800273c:	ea43 03c1 	orr.w	r3, r3, r1, lsl #3
 8002740:	6013      	str	r3, [r2, #0]
 8002742:	e7d6      	b.n	80026f2 <HAL_RCC_OscConfig+0x162>
        __HAL_RCC_HSI_DISABLE();
 8002744:	4b32      	ldr	r3, [pc, #200]	@ (8002810 <HAL_RCC_OscConfig+0x280>)
 8002746:	2200      	movs	r2, #0
 8002748:	601a      	str	r2, [r3, #0]
        tickstart = HAL_GetTick();
 800274a:	f7fe faeb 	bl	8000d24 <HAL_GetTick>
 800274e:	4605      	mov	r5, r0
        while(__HAL_RCC_GET_FLAG(RCC_FLAG_HSIRDY) != RESET)
 8002750:	4b2e      	ldr	r3, [pc, #184]	@ (800280c <HAL_RCC_OscConfig+0x27c>)
 8002752:	681b      	ldr	r3, [r3, #0]
 8002754:	f013 0f02 	tst.w	r3, #2
 8002758:	d0cb      	beq.n	80026f2 <HAL_RCC_OscConfig+0x162>
          if((HAL_GetTick() - tickstart ) > HSI_TIMEOUT_VALUE)
 800275a:	f7fe fae3 	bl	8000d24 <HAL_GetTick>
 800275e:	1b40      	subs	r0, r0, r5
 8002760:	2802      	cmp	r0, #2
 8002762:	d9f5      	bls.n	8002750 <HAL_RCC_OscConfig+0x1c0>
            return HAL_TIMEOUT;
 8002764:	2003      	movs	r0, #3
 8002766:	e11e      	b.n	80029a6 <HAL_RCC_OscConfig+0x416>
      }
    }
    else
    {
      /* Disable the Internal Low Speed oscillator (LSI). */
      __HAL_RCC_LSI_DISABLE();
 8002768:	4b29      	ldr	r3, [pc, #164]	@ (8002810 <HAL_RCC_OscConfig+0x280>)
 800276a:	2200      	movs	r2, #0
 800276c:	f8c3 2e80 	str.w	r2, [r3, #3712]	@ 0xe80

      /* Get Start Tick*/
      tickstart = HAL_GetTick();
 8002770:	f7fe fad8 	bl	8000d24 <HAL_GetTick>
 8002774:	4605      	mov	r5, r0

      /* Wait till LSI is ready */
      while(__HAL_RCC_GET_FLAG(RCC_FLAG_LSIRDY) != RESET)
 8002776:	4b25      	ldr	r3, [pc, #148]	@ (800280c <HAL_RCC_OscConfig+0x27c>)
 8002778:	6f5b      	ldr	r3, [r3, #116]	@ 0x74
 800277a:	f013 0f02 	tst.w	r3, #2
 800277e:	d006      	beq.n	800278e <HAL_RCC_OscConfig+0x1fe>
      {
        if((HAL_GetTick() - tickstart ) > LSI_TIMEOUT_VALUE)
 8002780:	f7fe fad0 	bl	8000d24 <HAL_GetTick>
 8002784:	1b40      	subs	r0, r0, r5
 8002786:	2802      	cmp	r0, #2
 8002788:	d9f5      	bls.n	8002776 <HAL_RCC_OscConfig+0x1e6>
        {
          return HAL_TIMEOUT;
 800278a:	2003      	movs	r0, #3
 800278c:	e10b      	b.n	80029a6 <HAL_RCC_OscConfig+0x416>
        }
      }
    }
  }
  /*------------------------------ LSE Configuration -------------------------*/
  if(((RCC_OscInitStruct->OscillatorType) & RCC_OSCILLATORTYPE_LSE) == RCC_OSCILLATORTYPE_LSE)
 800278e:	6823      	ldr	r3, [r4, #0]
 8002790:	f013 0f04 	tst.w	r3, #4
 8002794:	d076      	beq.n	8002884 <HAL_RCC_OscConfig+0x2f4>
    /* Check the parameters */
    assert_param(IS_RCC_LSE(RCC_OscInitStruct->LSEState));

    /* Update LSE configuration in Backup Domain control register    */
    /* Requires to enable write access to Backup Domain of necessary */
    if(__HAL_RCC_PWR_IS_CLK_DISABLED())
 8002796:	4b1d      	ldr	r3, [pc, #116]	@ (800280c <HAL_RCC_OscConfig+0x27c>)
 8002798:	6c1b      	ldr	r3, [r3, #64]	@ 0x40
 800279a:	f013 5f80 	tst.w	r3, #268435456	@ 0x10000000
 800279e:	d133      	bne.n	8002808 <HAL_RCC_OscConfig+0x278>
    {
      __HAL_RCC_PWR_CLK_ENABLE();
 80027a0:	2300      	movs	r3, #0
 80027a2:	9301      	str	r3, [sp, #4]
 80027a4:	4b19      	ldr	r3, [pc, #100]	@ (800280c <HAL_RCC_OscConfig+0x27c>)
 80027a6:	6c1a      	ldr	r2, [r3, #64]	@ 0x40
 80027a8:	f042 5280 	orr.w	r2, r2, #268435456	@ 0x10000000
 80027ac:	641a      	str	r2, [r3, #64]	@ 0x40
 80027ae:	6c1b      	ldr	r3, [r3, #64]	@ 0x40
 80027b0:	f003 5380 	and.w	r3, r3, #268435456	@ 0x10000000
 80027b4:	9301      	str	r3, [sp, #4]
 80027b6:	9b01      	ldr	r3, [sp, #4]
      pwrclkchanged = SET;
 80027b8:	2501      	movs	r5, #1
    }

    if(HAL_IS_BIT_CLR(PWR->CR, PWR_CR_DBP))
 80027ba:	4b16      	ldr	r3, [pc, #88]	@ (8002814 <HAL_RCC_OscConfig+0x284>)
 80027bc:	681b      	ldr	r3, [r3, #0]
 80027be:	f413 7f80 	tst.w	r3, #256	@ 0x100
 80027c2:	d029      	beq.n	8002818 <HAL_RCC_OscConfig+0x288>
        }
      }
    }

    /* Set the new LSE configuration -----------------------------------------*/
    __HAL_RCC_LSE_CONFIG(RCC_OscInitStruct->LSEState);
 80027c4:	68a3      	ldr	r3, [r4, #8]
 80027c6:	2b01      	cmp	r3, #1
 80027c8:	d03a      	beq.n	8002840 <HAL_RCC_OscConfig+0x2b0>
 80027ca:	2b05      	cmp	r3, #5
 80027cc:	d03e      	beq.n	800284c <HAL_RCC_OscConfig+0x2bc>
 80027ce:	4b0f      	ldr	r3, [pc, #60]	@ (800280c <HAL_RCC_OscConfig+0x27c>)
 80027d0:	6f1a      	ldr	r2, [r3, #112]	@ 0x70
 80027d2:	f022 0201 	bic.w	r2, r2, #1
 80027d6:	671a      	str	r2, [r3, #112]	@ 0x70
 80027d8:	6f1a      	ldr	r2, [r3, #112]	@ 0x70
 80027da:	f022 0204 	bic.w	r2, r2, #4
 80027de:	671a      	str	r2, [r3, #112]	@ 0x70
    /* Check the LSE State */
    if((RCC_OscInitStruct->LSEState) != RCC_LSE_OFF)
 80027e0:	68a3      	ldr	r3, [r4, #8]
 80027e2:	2b00      	cmp	r3, #0
 80027e4:	d03c      	beq.n	8002860 <HAL_RCC_OscConfig+0x2d0>
    {
      /* Get Start Tick*/
      tickstart = HAL_GetTick();
 80027e6:	f7fe fa9d 	bl	8000d24 <HAL_GetTick>
 80027ea:	4606      	mov	r6, r0

      /* Wait till LSE is ready */
      while(__HAL_RCC_GET_FLAG(RCC_FLAG_LSERDY) == RESET)
 80027ec:	4b07      	ldr	r3, [pc, #28]	@ (800280c <HAL_RCC_OscConfig+0x27c>)
 80027ee:	6f1b      	ldr	r3, [r3, #112]	@ 0x70
 80027f0:	f013 0f02 	tst.w	r3, #2
 80027f4:	d145      	bne.n	8002882 <HAL_RCC_OscConfig+0x2f2>
      {
        if((HAL_GetTick() - tickstart ) > RCC_LSE_TIMEOUT_VALUE)
 80027f6:	f7fe fa95 	bl	8000d24 <HAL_GetTick>
 80027fa:	1b80      	subs	r0, r0, r6
 80027fc:	f241 3388 	movw	r3, #5000	@ 0x1388
 8002800:	4298      	cmp	r0, r3
 8002802:	d9f3      	bls.n	80027ec <HAL_RCC_OscConfig+0x25c>
        {
          return HAL_TIMEOUT;
 8002804:	2003      	movs	r0, #3
 8002806:	e0ce      	b.n	80029a6 <HAL_RCC_OscConfig+0x416>
    FlagStatus       pwrclkchanged = RESET;
 8002808:	2500      	movs	r5, #0
 800280a:	e7d6      	b.n	80027ba <HAL_RCC_OscConfig+0x22a>
 800280c:	40023800 	.word	0x40023800
 8002810:	42470000 	.word	0x42470000
 8002814:	40007000 	.word	0x40007000
      SET_BIT(PWR->CR, PWR_CR_DBP);
 8002818:	4a6b      	ldr	r2, [pc, #428]	@ (80029c8 <HAL_RCC_OscConfig+0x438>)
 800281a:	6813      	ldr	r3, [r2, #0]
 800281c:	f443 7380 	orr.w	r3, r3, #256	@ 0x100
 8002820:	6013      	str	r3, [r2, #0]
      tickstart = HAL_GetTick();
 8002822:	f7fe fa7f 	bl	8000d24 <HAL_GetTick>
 8002826:	4606      	mov	r6, r0
      while(HAL_IS_BIT_CLR(PWR->CR, PWR_CR_DBP))
 8002828:	4b67      	ldr	r3, [pc, #412]	@ (80029c8 <HAL_RCC_OscConfig+0x438>)
 800282a:	681b      	ldr	r3, [r3, #0]
 800282c:	f413 7f80 	tst.w	r3, #256	@ 0x100
 8002830:	d1c8      	bne.n	80027c4 <HAL_RCC_OscConfig+0x234>
        if((HAL_GetTick() - tickstart) > RCC_DBP_TIMEOUT_VALUE)
 8002832:	f7fe fa77 	bl	8000d24 <HAL_GetTick>
 8002836:	1b80      	subs	r0, r0, r6
 8002838:	2802      	cmp	r0, #2
 800283a:	d9f5      	bls.n	8002828 <HAL_RCC_OscConfig+0x298>
          return HAL_TIMEOUT;
 800283c:	2003      	movs	r0, #3
 800283e:	e0b2      	b.n	80029a6 <HAL_RCC_OscConfig+0x416>
    __HAL_RCC_LSE_CONFIG(RCC_OscInitStruct->LSEState);
 8002840:	4a62      	ldr	r2, [pc, #392]	@ (80029cc <HAL_RCC_OscConfig+0x43c>)
 8002842:	6f13      	ldr	r3, [r2, #112]	@ 0x70
 8002844:	f043 0301 	orr.w	r3, r3, #1
 8002848:	6713      	str	r3, [r2, #112]	@ 0x70
 800284a:	e7c9      	b.n	80027e0 <HAL_RCC_OscConfig+0x250>
 800284c:	4b5f      	ldr	r3, [pc, #380]	@ (80029cc <HAL_RCC_OscConfig+0x43c>)
 800284e:	6f1a      	ldr	r2, [r3, #112]	@ 0x70
 8002850:	f042 0204 	orr.w	r2, r2, #4
 8002854:	671a      	str	r2, [r3, #112]	@ 0x70
 8002856:	6f1a      	ldr	r2, [r3, #112]	@ 0x70
 8002858:	f042 0201 	orr.w	r2, r2, #1
 800285c:	671a      	str	r2, [r3, #112]	@ 0x70
 800285e:	e7bf      	b.n	80027e0 <HAL_RCC_OscConfig+0x250>
      }
    }
    else
    {
      /* Get Start Tick*/
      tickstart = HAL_GetTick();
 8002860:	f7fe fa60 	bl	8000d24 <HAL_GetTick>
 8002864:	4606      	mov	r6, r0

      /* Wait till LSE is ready */
      while(__HAL_RCC_GET_FLAG(RCC_FLAG_LSERDY) != RESET)
 8002866:	4b59      	ldr	r3, [pc, #356]	@ (80029cc <HAL_RCC_OscConfig+0x43c>)
 8002868:	6f1b      	ldr	r3, [r3, #112]	@ 0x70
 800286a:	f013 0f02 	tst.w	r3, #2
 800286e:	d008      	beq.n	8002882 <HAL_RCC_OscConfig+0x2f2>
      {
        if((HAL_GetTick() - tickstart ) > RCC_LSE_TIMEOUT_VALUE)
 8002870:	f7fe fa58 	bl	8000d24 <HAL_GetTick>
 8002874:	1b80      	subs	r0, r0, r6
 8002876:	f241 3388 	movw	r3, #5000	@ 0x1388
 800287a:	4298      	cmp	r0, r3
 800287c:	d9f3      	bls.n	8002866 <HAL_RCC_OscConfig+0x2d6>
        {
          return HAL_TIMEOUT;
 800287e:	2003      	movs	r0, #3
 8002880:	e091      	b.n	80029a6 <HAL_RCC_OscConfig+0x416>
        }
      }
    }

    /* Restore clock configuration if changed */
    if(pwrclkchanged == SET)
 8002882:	b9ed      	cbnz	r5, 80028c0 <HAL_RCC_OscConfig+0x330>
    }
  }
  /*-------------------------------- PLL Configuration -----------------------*/
  /* Check the parameters */
  assert_param(IS_RCC_PLL(RCC_OscInitStruct->PLL.PLLState));
  if ((RCC_OscInitStruct->PLL.PLLState) != RCC_PLL_NONE)
 8002884:	69a3      	ldr	r3, [r4, #24]
 8002886:	2b00      	cmp	r3, #0
 8002888:	f000 808c 	beq.w	80029a4 <HAL_RCC_OscConfig+0x414>
  {
    /* Check if the PLL is used as system clock or not */
    if(__HAL_RCC_GET_SYSCLK_SOURCE() != RCC_CFGR_SWS_PLL)
 800288c:	4a4f      	ldr	r2, [pc, #316]	@ (80029cc <HAL_RCC_OscConfig+0x43c>)
 800288e:	6892      	ldr	r2, [r2, #8]
 8002890:	f002 020c 	and.w	r2, r2, #12
 8002894:	2a08      	cmp	r2, #8
 8002896:	d054      	beq.n	8002942 <HAL_RCC_OscConfig+0x3b2>
    {
      if((RCC_OscInitStruct->PLL.PLLState) == RCC_PLL_ON)
 8002898:	2b02      	cmp	r3, #2
 800289a:	d017      	beq.n	80028cc <HAL_RCC_OscConfig+0x33c>
        }
      }
      else
      {
        /* Disable the main PLL. */
        __HAL_RCC_PLL_DISABLE();
 800289c:	4b4c      	ldr	r3, [pc, #304]	@ (80029d0 <HAL_RCC_OscConfig+0x440>)
 800289e:	2200      	movs	r2, #0
 80028a0:	661a      	str	r2, [r3, #96]	@ 0x60

        /* Get Start Tick*/
        tickstart = HAL_GetTick();
 80028a2:	f7fe fa3f 	bl	8000d24 <HAL_GetTick>
 80028a6:	4604      	mov	r4, r0

        /* Wait till PLL is ready */
        while(__HAL_RCC_GET_FLAG(RCC_FLAG_PLLRDY) != RESET)
 80028a8:	4b48      	ldr	r3, [pc, #288]	@ (80029cc <HAL_RCC_OscConfig+0x43c>)
 80028aa:	681b      	ldr	r3, [r3, #0]
 80028ac:	f013 7f00 	tst.w	r3, #33554432	@ 0x2000000
 80028b0:	d045      	beq.n	800293e <HAL_RCC_OscConfig+0x3ae>
        {
          if((HAL_GetTick() - tickstart ) > PLL_TIMEOUT_VALUE)
 80028b2:	f7fe fa37 	bl	8000d24 <HAL_GetTick>
 80028b6:	1b00      	subs	r0, r0, r4
 80028b8:	2802      	cmp	r0, #2
 80028ba:	d9f5      	bls.n	80028a8 <HAL_RCC_OscConfig+0x318>
          {
            return HAL_TIMEOUT;
 80028bc:	2003      	movs	r0, #3
 80028be:	e072      	b.n	80029a6 <HAL_RCC_OscConfig+0x416>
      __HAL_RCC_PWR_CLK_DISABLE();
 80028c0:	4a42      	ldr	r2, [pc, #264]	@ (80029cc <HAL_RCC_OscConfig+0x43c>)
 80028c2:	6c13      	ldr	r3, [r2, #64]	@ 0x40
 80028c4:	f023 5380 	bic.w	r3, r3, #268435456	@ 0x10000000
 80028c8:	6413      	str	r3, [r2, #64]	@ 0x40
 80028ca:	e7db      	b.n	8002884 <HAL_RCC_OscConfig+0x2f4>
        __HAL_RCC_PLL_DISABLE();
 80028cc:	4b40      	ldr	r3, [pc, #256]	@ (80029d0 <HAL_RCC_OscConfig+0x440>)
 80028ce:	2200      	movs	r2, #0
 80028d0:	661a      	str	r2, [r3, #96]	@ 0x60
        tickstart = HAL_GetTick();
 80028d2:	f7fe fa27 	bl	8000d24 <HAL_GetTick>
 80028d6:	4605      	mov	r5, r0
        while(__HAL_RCC_GET_FLAG(RCC_FLAG_PLLRDY) != RESET)
 80028d8:	4b3c      	ldr	r3, [pc, #240]	@ (80029cc <HAL_RCC_OscConfig+0x43c>)
 80028da:	681b      	ldr	r3, [r3, #0]
 80028dc:	f013 7f00 	tst.w	r3, #33554432	@ 0x2000000
 80028e0:	d006      	beq.n	80028f0 <HAL_RCC_OscConfig+0x360>
          if((HAL_GetTick() - tickstart ) > PLL_TIMEOUT_VALUE)
 80028e2:	f7fe fa1f 	bl	8000d24 <HAL_GetTick>
 80028e6:	1b40      	subs	r0, r0, r5
 80028e8:	2802      	cmp	r0, #2
 80028ea:	d9f5      	bls.n	80028d8 <HAL_RCC_OscConfig+0x348>
            return HAL_TIMEOUT;
 80028ec:	2003      	movs	r0, #3
 80028ee:	e05a      	b.n	80029a6 <HAL_RCC_OscConfig+0x416>
        WRITE_REG(RCC->PLLCFGR, (RCC_OscInitStruct->PLL.PLLSource                                            | \
 80028f0:	69e3      	ldr	r3, [r4, #28]
 80028f2:	6a22      	ldr	r2, [r4, #32]
 80028f4:	4313      	orrs	r3, r2
 80028f6:	6a62      	ldr	r2, [r4, #36]	@ 0x24
 80028f8:	ea43 1382 	orr.w	r3, r3, r2, lsl #6
 80028fc:	6aa2      	ldr	r2, [r4, #40]	@ 0x28
 80028fe:	0852      	lsrs	r2, r2, #1
 8002900:	3a01      	subs	r2, #1
 8002902:	ea43 4302 	orr.w	r3, r3, r2, lsl #16
 8002906:	6ae2      	ldr	r2, [r4, #44]	@ 0x2c
 8002908:	ea43 6302 	orr.w	r3, r3, r2, lsl #24
 800290c:	6b22      	ldr	r2, [r4, #48]	@ 0x30
 800290e:	ea43 7302 	orr.w	r3, r3, r2, lsl #28
 8002912:	4a2e      	ldr	r2, [pc, #184]	@ (80029cc <HAL_RCC_OscConfig+0x43c>)
 8002914:	6053      	str	r3, [r2, #4]
        __HAL_RCC_PLL_ENABLE();
 8002916:	4b2e      	ldr	r3, [pc, #184]	@ (80029d0 <HAL_RCC_OscConfig+0x440>)
 8002918:	2201      	movs	r2, #1
 800291a:	661a      	str	r2, [r3, #96]	@ 0x60
        tickstart = HAL_GetTick();
 800291c:	f7fe fa02 	bl	8000d24 <HAL_GetTick>
 8002920:	4604      	mov	r4, r0
        while(__HAL_RCC_GET_FLAG(RCC_FLAG_PLLRDY) == RESET)
 8002922:	4b2a      	ldr	r3, [pc, #168]	@ (80029cc <HAL_RCC_OscConfig+0x43c>)
 8002924:	681b      	ldr	r3, [r3, #0]
 8002926:	f013 7f00 	tst.w	r3, #33554432	@ 0x2000000
 800292a:	d106      	bne.n	800293a <HAL_RCC_OscConfig+0x3aa>
          if((HAL_GetTick() - tickstart ) > PLL_TIMEOUT_VALUE)
 800292c:	f7fe f9fa 	bl	8000d24 <HAL_GetTick>
 8002930:	1b00      	subs	r0, r0, r4
 8002932:	2802      	cmp	r0, #2
 8002934:	d9f5      	bls.n	8002922 <HAL_RCC_OscConfig+0x392>
            return HAL_TIMEOUT;
 8002936:	2003      	movs	r0, #3
 8002938:	e035      	b.n	80029a6 <HAL_RCC_OscConfig+0x416>
          return HAL_ERROR;
        }
      }
    }
  }
  return HAL_OK;
 800293a:	2000      	movs	r0, #0
 800293c:	e033      	b.n	80029a6 <HAL_RCC_OscConfig+0x416>
 800293e:	2000      	movs	r0, #0
 8002940:	e031      	b.n	80029a6 <HAL_RCC_OscConfig+0x416>
      if((RCC_OscInitStruct->PLL.PLLState) == RCC_PLL_OFF)
 8002942:	2b01      	cmp	r3, #1
 8002944:	d031      	beq.n	80029aa <HAL_RCC_OscConfig+0x41a>
        pll_config = RCC->PLLCFGR;
 8002946:	4b21      	ldr	r3, [pc, #132]	@ (80029cc <HAL_RCC_OscConfig+0x43c>)
 8002948:	685b      	ldr	r3, [r3, #4]
            (READ_BIT(pll_config, RCC_PLLCFGR_PLLSRC) != RCC_OscInitStruct->PLL.PLLSource) ||
 800294a:	f403 0180 	and.w	r1, r3, #4194304	@ 0x400000
 800294e:	69e2      	ldr	r2, [r4, #28]
        if (((RCC_OscInitStruct->PLL.PLLState) == RCC_PLL_OFF) ||
 8002950:	4291      	cmp	r1, r2
 8002952:	d12c      	bne.n	80029ae <HAL_RCC_OscConfig+0x41e>
            (READ_BIT(pll_config, RCC_PLLCFGR_PLLM) != (RCC_OscInitStruct->PLL.PLLM) << RCC_PLLCFGR_PLLM_Pos) ||
 8002954:	f003 023f 	and.w	r2, r3, #63	@ 0x3f
 8002958:	6a21      	ldr	r1, [r4, #32]
            (READ_BIT(pll_config, RCC_PLLCFGR_PLLSRC) != RCC_OscInitStruct->PLL.PLLSource) ||
 800295a:	428a      	cmp	r2, r1
 800295c:	d129      	bne.n	80029b2 <HAL_RCC_OscConfig+0x422>
            (READ_BIT(pll_config, RCC_PLLCFGR_PLLN) != (RCC_OscInitStruct->PLL.PLLN) << RCC_PLLCFGR_PLLN_Pos) ||
 800295e:	6a61      	ldr	r1, [r4, #36]	@ 0x24
            (READ_BIT(pll_config, RCC_PLLCFGR_PLLM) != (RCC_OscInitStruct->PLL.PLLM) << RCC_PLLCFGR_PLLM_Pos) ||
 8002960:	f647 72c0 	movw	r2, #32704	@ 0x7fc0
 8002964:	401a      	ands	r2, r3
 8002966:	ebb2 1f81 	cmp.w	r2, r1, lsl #6
 800296a:	d124      	bne.n	80029b6 <HAL_RCC_OscConfig+0x426>
            (READ_BIT(pll_config, RCC_PLLCFGR_PLLP) != (((RCC_OscInitStruct->PLL.PLLP >> 1U) - 1U)) << RCC_PLLCFGR_PLLP_Pos) ||
 800296c:	f403 3140 	and.w	r1, r3, #196608	@ 0x30000
 8002970:	6aa2      	ldr	r2, [r4, #40]	@ 0x28
 8002972:	0852      	lsrs	r2, r2, #1
 8002974:	3a01      	subs	r2, #1
            (READ_BIT(pll_config, RCC_PLLCFGR_PLLN) != (RCC_OscInitStruct->PLL.PLLN) << RCC_PLLCFGR_PLLN_Pos) ||
 8002976:	ebb1 4f02 	cmp.w	r1, r2, lsl #16
 800297a:	d11e      	bne.n	80029ba <HAL_RCC_OscConfig+0x42a>
            (READ_BIT(pll_config, RCC_PLLCFGR_PLLQ) != (RCC_OscInitStruct->PLL.PLLQ << RCC_PLLCFGR_PLLQ_Pos)) ||
 800297c:	f003 6270 	and.w	r2, r3, #251658240	@ 0xf000000
 8002980:	6ae1      	ldr	r1, [r4, #44]	@ 0x2c
            (READ_BIT(pll_config, RCC_PLLCFGR_PLLP) != (((RCC_OscInitStruct->PLL.PLLP >> 1U) - 1U)) << RCC_PLLCFGR_PLLP_Pos) ||
 8002982:	ebb2 6f01 	cmp.w	r2, r1, lsl #24
 8002986:	d11a      	bne.n	80029be <HAL_RCC_OscConfig+0x42e>
            (READ_BIT(pll_config, RCC_PLLCFGR_PLLR) != (RCC_OscInitStruct->PLL.PLLR << RCC_PLLCFGR_PLLR_Pos)))
 8002988:	f003 43e0 	and.w	r3, r3, #1879048192	@ 0x70000000
 800298c:	6b22      	ldr	r2, [r4, #48]	@ 0x30
            (READ_BIT(pll_config, RCC_PLLCFGR_PLLQ) != (RCC_OscInitStruct->PLL.PLLQ << RCC_PLLCFGR_PLLQ_Pos)) ||
 800298e:	ebb3 7f02 	cmp.w	r3, r2, lsl #28
 8002992:	d116      	bne.n	80029c2 <HAL_RCC_OscConfig+0x432>
  return HAL_OK;
 8002994:	2000      	movs	r0, #0
 8002996:	e006      	b.n	80029a6 <HAL_RCC_OscConfig+0x416>
    return HAL_ERROR;
 8002998:	2001      	movs	r0, #1
}
 800299a:	4770      	bx	lr
        return HAL_ERROR;
 800299c:	2001      	movs	r0, #1
 800299e:	e002      	b.n	80029a6 <HAL_RCC_OscConfig+0x416>
        return HAL_ERROR;
 80029a0:	2001      	movs	r0, #1
 80029a2:	e000      	b.n	80029a6 <HAL_RCC_OscConfig+0x416>
  return HAL_OK;
 80029a4:	2000      	movs	r0, #0
}
 80029a6:	b002      	add	sp, #8
 80029a8:	bd70      	pop	{r4, r5, r6, pc}
        return HAL_ERROR;
 80029aa:	2001      	movs	r0, #1
 80029ac:	e7fb      	b.n	80029a6 <HAL_RCC_OscConfig+0x416>
          return HAL_ERROR;
 80029ae:	2001      	movs	r0, #1
 80029b0:	e7f9      	b.n	80029a6 <HAL_RCC_OscConfig+0x416>
 80029b2:	2001      	movs	r0, #1
 80029b4:	e7f7      	b.n	80029a6 <HAL_RCC_OscConfig+0x416>
 80029b6:	2001      	movs	r0, #1
 80029b8:	e7f5      	b.n	80029a6 <HAL_RCC_OscConfig+0x416>
 80029ba:	2001      	movs	r0, #1
 80029bc:	e7f3      	b.n	80029a6 <HAL_RCC_OscConfig+0x416>
 80029be:	2001      	movs	r0, #1
 80029c0:	e7f1      	b.n	80029a6 <HAL_RCC_OscConfig+0x416>
 80029c2:	2001      	movs	r0, #1
 80029c4:	e7ef      	b.n	80029a6 <HAL_RCC_OscConfig+0x416>
 80029c6:	bf00      	nop
 80029c8:	40007000 	.word	0x40007000
 80029cc:	40023800 	.word	0x40023800
 80029d0:	42470000 	.word	0x42470000

080029d4 <TIM_TI1_ConfigInputStage>:
  * @param  TIM_ICFilter Specifies the Input Capture Filter.
  *          This parameter must be a value between 0x00 and 0x0F.
  * @retval None
  */
static void TIM_TI1_ConfigInputStage(TIM_TypeDef *TIMx, uint32_t TIM_ICPolarity, uint32_t TIM_ICFilter)
{
 80029d4:	b410      	push	{r4}
  uint32_t tmpccmr1;
  uint32_t tmpccer;

  /* Disable the Channel 1: Reset the CC1E Bit */
  tmpccer = TIMx->CCER;
 80029d6:	6a03      	ldr	r3, [r0, #32]
  TIMx->CCER &= ~TIM_CCER_CC1E;
 80029d8:	6a04      	ldr	r4, [r0, #32]
 80029da:	f024 0401 	bic.w	r4, r4, #1
 80029de:	6204      	str	r4, [r0, #32]
  tmpccmr1 = TIMx->CCMR1;
 80029e0:	6984      	ldr	r4, [r0, #24]

  /* Set the filter */
  tmpccmr1 &= ~TIM_CCMR1_IC1F;
 80029e2:	f024 0cf0 	bic.w	ip, r4, #240	@ 0xf0
  tmpccmr1 |= (TIM_ICFilter << 4U);
 80029e6:	ea4c 1202 	orr.w	r2, ip, r2, lsl #4

  /* Select the Polarity and set the CC1E Bit */
  tmpccer &= ~(TIM_CCER_CC1P | TIM_CCER_CC1NP);
 80029ea:	f023 030a 	bic.w	r3, r3, #10
  tmpccer |= TIM_ICPolarity;
 80029ee:	430b      	orrs	r3, r1

  /* Write to TIMx CCMR1 and CCER registers */
  TIMx->CCMR1 = tmpccmr1;
 80029f0:	6182      	str	r2, [r0, #24]
  TIMx->CCER = tmpccer;
 80029f2:	6203      	str	r3, [r0, #32]
}
 80029f4:	f85d 4b04 	ldr.w	r4, [sp], #4
 80029f8:	4770      	bx	lr

080029fa <TIM_TI2_ConfigInputStage>:
  * @param  TIM_ICFilter Specifies the Input Capture Filter.
  *          This parameter must be a value between 0x00 and 0x0F.
  * @retval None
  */
static void TIM_TI2_ConfigInputStage(TIM_TypeDef *TIMx, uint32_t TIM_ICPolarity, uint32_t TIM_ICFilter)
{
 80029fa:	b410      	push	{r4}
  uint32_t tmpccmr1;
  uint32_t tmpccer;

  /* Disable the Channel 2: Reset the CC2E Bit */
  TIMx->CCER &= ~TIM_CCER_CC2E;
 80029fc:	6a03      	ldr	r3, [r0, #32]
 80029fe:	f023 0310 	bic.w	r3, r3, #16
 8002a02:	6203      	str	r3, [r0, #32]
  tmpccmr1 = TIMx->CCMR1;
 8002a04:	6984      	ldr	r4, [r0, #24]
  tmpccer = TIMx->CCER;
 8002a06:	6a03      	ldr	r3, [r0, #32]

  /* Set the filter */
  tmpccmr1 &= ~TIM_CCMR1_IC2F;
 8002a08:	f424 4c70 	bic.w	ip, r4, #61440	@ 0xf000
  tmpccmr1 |= (TIM_ICFilter << 12U);
 8002a0c:	ea4c 3202 	orr.w	r2, ip, r2, lsl #12

  /* Select the Polarity and set the CC2E Bit */
  tmpccer &= ~(TIM_CCER_CC2P | TIM_CCER_CC2NP);
 8002a10:	f023 03a0 	bic.w	r3, r3, #160	@ 0xa0
  tmpccer |= (TIM_ICPolarity << 4U);
 8002a14:	ea43 1301 	orr.w	r3, r3, r1, lsl #4

  /* Write to TIMx CCMR1 and CCER registers */
  TIMx->CCMR1 = tmpccmr1 ;
 8002a18:	6182      	str	r2, [r0, #24]
  TIMx->CCER = tmpccer;
 8002a1a:	6203      	str	r3, [r0, #32]
}
 8002a1c:	f85d 4b04 	ldr.w	r4, [sp], #4
 8002a20:	4770      	bx	lr

08002a22 <TIM_ITRx_SetConfig>:
static void TIM_ITRx_SetConfig(TIM_TypeDef *TIMx, uint32_t InputTriggerSource)
{
  uint32_t tmpsmcr;

  /* Get the TIMx SMCR register value */
  tmpsmcr = TIMx->SMCR;
 8002a22:	6883      	ldr	r3, [r0, #8]
  /* Reset the TS Bits */
  tmpsmcr &= ~TIM_SMCR_TS;
 8002a24:	f023 0370 	bic.w	r3, r3, #112	@ 0x70
  /* Set the Input Trigger source and the slave mode*/
  tmpsmcr |= (InputTriggerSource | TIM_SLAVEMODE_EXTERNAL1);
 8002a28:	430b      	orrs	r3, r1
 8002a2a:	f043 0307 	orr.w	r3, r3, #7
  /* Write to TIMx SMCR */
  TIMx->SMCR = tmpsmcr;
 8002a2e:	6083      	str	r3, [r0, #8]
}
 8002a30:	4770      	bx	lr
	...

08002a34 <HAL_TIM_Base_Start>:
  if (htim->State != HAL_TIM_STATE_READY) {
 8002a34:	f890 303d 	ldrb.w	r3, [r0, #61]	@ 0x3d
 8002a38:	2b01      	cmp	r3, #1
 8002a3a:	d132      	bne.n	8002aa2 <HAL_TIM_Base_Start+0x6e>
  htim->State = HAL_TIM_STATE_BUSY;
 8002a3c:	2302      	movs	r3, #2
 8002a3e:	f880 303d 	strb.w	r3, [r0, #61]	@ 0x3d
  if (IS_TIM_SLAVE_INSTANCE(htim->Instance)) {
 8002a42:	6803      	ldr	r3, [r0, #0]
 8002a44:	4a19      	ldr	r2, [pc, #100]	@ (8002aac <HAL_TIM_Base_Start+0x78>)
 8002a46:	4293      	cmp	r3, r2
 8002a48:	d020      	beq.n	8002a8c <HAL_TIM_Base_Start+0x58>
 8002a4a:	f1b3 4f80 	cmp.w	r3, #1073741824	@ 0x40000000
 8002a4e:	d01d      	beq.n	8002a8c <HAL_TIM_Base_Start+0x58>
 8002a50:	f5a2 427c 	sub.w	r2, r2, #64512	@ 0xfc00
 8002a54:	4293      	cmp	r3, r2
 8002a56:	d019      	beq.n	8002a8c <HAL_TIM_Base_Start+0x58>
 8002a58:	f502 6280 	add.w	r2, r2, #1024	@ 0x400
 8002a5c:	4293      	cmp	r3, r2
 8002a5e:	d015      	beq.n	8002a8c <HAL_TIM_Base_Start+0x58>
 8002a60:	f502 6280 	add.w	r2, r2, #1024	@ 0x400
 8002a64:	4293      	cmp	r3, r2
 8002a66:	d011      	beq.n	8002a8c <HAL_TIM_Base_Start+0x58>
 8002a68:	f502 4278 	add.w	r2, r2, #63488	@ 0xf800
 8002a6c:	4293      	cmp	r3, r2
 8002a6e:	d00d      	beq.n	8002a8c <HAL_TIM_Base_Start+0x58>
 8002a70:	f502 5270 	add.w	r2, r2, #15360	@ 0x3c00
 8002a74:	4293      	cmp	r3, r2
 8002a76:	d009      	beq.n	8002a8c <HAL_TIM_Base_Start+0x58>
 8002a78:	f5a2 3294 	sub.w	r2, r2, #75776	@ 0x12800
 8002a7c:	4293      	cmp	r3, r2
 8002a7e:	d005      	beq.n	8002a8c <HAL_TIM_Base_Start+0x58>
    __HAL_TIM_ENABLE(htim);
 8002a80:	681a      	ldr	r2, [r3, #0]
 8002a82:	f042 0201 	orr.w	r2, r2, #1
 8002a86:	601a      	str	r2, [r3, #0]
  return HAL_OK;
 8002a88:	2000      	movs	r0, #0
 8002a8a:	4770      	bx	lr
    tmpsmcr = htim->Instance->SMCR & TIM_SMCR_SMS;
 8002a8c:	689a      	ldr	r2, [r3, #8]
 8002a8e:	f002 0207 	and.w	r2, r2, #7
    if (!IS_TIM_SLAVEMODE_TRIGGER_ENABLED(tmpsmcr)) {
 8002a92:	2a06      	cmp	r2, #6
 8002a94:	d007      	beq.n	8002aa6 <HAL_TIM_Base_Start+0x72>
      __HAL_TIM_ENABLE(htim);
 8002a96:	681a      	ldr	r2, [r3, #0]
 8002a98:	f042 0201 	orr.w	r2, r2, #1
 8002a9c:	601a      	str	r2, [r3, #0]
  return HAL_OK;
 8002a9e:	2000      	movs	r0, #0
 8002aa0:	4770      	bx	lr
    return HAL_ERROR;
 8002aa2:	2001      	movs	r0, #1
 8002aa4:	4770      	bx	lr
  return HAL_OK;
 8002aa6:	2000      	movs	r0, #0
}
 8002aa8:	4770      	bx	lr
 8002aaa:	bf00      	nop
 8002aac:	40010000 	.word	0x40010000

08002ab0 <HAL_TIM_Base_Stop>:
  __HAL_TIM_DISABLE(htim);
 8002ab0:	6803      	ldr	r3, [r0, #0]
 8002ab2:	6a19      	ldr	r1, [r3, #32]
 8002ab4:	f241 1211 	movw	r2, #4369	@ 0x1111
 8002ab8:	4211      	tst	r1, r2
 8002aba:	d108      	bne.n	8002ace <HAL_TIM_Base_Stop+0x1e>
 8002abc:	6a19      	ldr	r1, [r3, #32]
 8002abe:	f240 4244 	movw	r2, #1092	@ 0x444
 8002ac2:	4211      	tst	r1, r2
 8002ac4:	d103      	bne.n	8002ace <HAL_TIM_Base_Stop+0x1e>
 8002ac6:	681a      	ldr	r2, [r3, #0]
 8002ac8:	f022 0201 	bic.w	r2, r2, #1
 8002acc:	601a      	str	r2, [r3, #0]
  htim->State = HAL_TIM_STATE_READY;
 8002ace:	2301      	movs	r3, #1
 8002ad0:	f880 303d 	strb.w	r3, [r0, #61]	@ 0x3d
}
 8002ad4:	2000      	movs	r0, #0
 8002ad6:	4770      	bx	lr

08002ad8 <HAL_TIM_PeriodElapsedCallback>:
}
 8002ad8:	4770      	bx	lr

08002ada <HAL_TIM_OC_DelayElapsedCallback>:
}
 8002ada:	4770      	bx	lr

08002adc <HAL_TIM_IC_CaptureCallback>:
}
 8002adc:	4770      	bx	lr

08002ade <HAL_TIM_PWM_PulseFinishedCallback>:
}
 8002ade:	4770      	bx	lr

08002ae0 <HAL_TIM_TriggerCallback>:
}
 8002ae0:	4770      	bx	lr

08002ae2 <HAL_TIM_IRQHandler>:
{
 8002ae2:	b510      	push	{r4, lr}
 8002ae4:	4604      	mov	r4, r0
  if (__HAL_TIM_GET_FLAG(htim, TIM_FLAG_CC1) != RESET)
 8002ae6:	6803      	ldr	r3, [r0, #0]
 8002ae8:	691a      	ldr	r2, [r3, #16]
 8002aea:	f012 0f02 	tst.w	r2, #2
 8002aee:	d011      	beq.n	8002b14 <HAL_TIM_IRQHandler+0x32>
    if (__HAL_TIM_GET_IT_SOURCE(htim, TIM_IT_CC1) != RESET)
 8002af0:	68da      	ldr	r2, [r3, #12]
 8002af2:	f012 0f02 	tst.w	r2, #2
 8002af6:	d00d      	beq.n	8002b14 <HAL_TIM_IRQHandler+0x32>
        __HAL_TIM_CLEAR_IT(htim, TIM_IT_CC1);
 8002af8:	f06f 0202 	mvn.w	r2, #2
 8002afc:	611a      	str	r2, [r3, #16]
        htim->Channel = HAL_TIM_ACTIVE_CHANNEL_1;
 8002afe:	2301      	movs	r3, #1
 8002b00:	7703      	strb	r3, [r0, #28]
        if ((htim->Instance->CCMR1 & TIM_CCMR1_CC1S) != 0x00U)
 8002b02:	6803      	ldr	r3, [r0, #0]
 8002b04:	699b      	ldr	r3, [r3, #24]
 8002b06:	f013 0f03 	tst.w	r3, #3
 8002b0a:	d070      	beq.n	8002bee <HAL_TIM_IRQHandler+0x10c>
          HAL_TIM_IC_CaptureCallback(htim);
 8002b0c:	f7ff ffe6 	bl	8002adc <HAL_TIM_IC_CaptureCallback>
        htim->Channel = HAL_TIM_ACTIVE_CHANNEL_CLEARED;
 8002b10:	2300      	movs	r3, #0
 8002b12:	7723      	strb	r3, [r4, #28]
  if (__HAL_TIM_GET_FLAG(htim, TIM_FLAG_CC2) != RESET)
 8002b14:	6823      	ldr	r3, [r4, #0]
 8002b16:	691a      	ldr	r2, [r3, #16]
 8002b18:	f012 0f04 	tst.w	r2, #4
 8002b1c:	d012      	beq.n	8002b44 <HAL_TIM_IRQHandler+0x62>
    if (__HAL_TIM_GET_IT_SOURCE(htim, TIM_IT_CC2) != RESET)
 8002b1e:	68da      	ldr	r2, [r3, #12]
 8002b20:	f012 0f04 	tst.w	r2, #4
 8002b24:	d00e      	beq.n	8002b44 <HAL_TIM_IRQHandler+0x62>
      __HAL_TIM_CLEAR_IT(htim, TIM_IT_CC2);
 8002b26:	f06f 0204 	mvn.w	r2, #4
 8002b2a:	611a      	str	r2, [r3, #16]
      htim->Channel = HAL_TIM_ACTIVE_CHANNEL_2;
 8002b2c:	2302      	movs	r3, #2
 8002b2e:	7723      	strb	r3, [r4, #28]
      if ((htim->Instance->CCMR1 & TIM_CCMR1_CC2S) != 0x00U)
 8002b30:	6823      	ldr	r3, [r4, #0]
 8002b32:	699b      	ldr	r3, [r3, #24]
 8002b34:	f413 7f40 	tst.w	r3, #768	@ 0x300
 8002b38:	d05f      	beq.n	8002bfa <HAL_TIM_IRQHandler+0x118>
        HAL_TIM_IC_CaptureCallback(htim);
 8002b3a:	4620      	mov	r0, r4
 8002b3c:	f7ff ffce 	bl	8002adc <HAL_TIM_IC_CaptureCallback>
      htim->Channel = HAL_TIM_ACTIVE_CHANNEL_CLEARED;
 8002b40:	2300      	movs	r3, #0
 8002b42:	7723      	strb	r3, [r4, #28]
  if (__HAL_TIM_GET_FLAG(htim, TIM_FLAG_CC3) != RESET)
 8002b44:	6823      	ldr	r3, [r4, #0]
 8002b46:	691a      	ldr	r2, [r3, #16]
 8002b48:	f012 0f08 	tst.w	r2, #8
 8002b4c:	d012      	beq.n	8002b74 <HAL_TIM_IRQHandler+0x92>
    if (__HAL_TIM_GET_IT_SOURCE(htim, TIM_IT_CC3) != RESET)
 8002b4e:	68da      	ldr	r2, [r3, #12]
 8002b50:	f012 0f08 	tst.w	r2, #8
 8002b54:	d00e      	beq.n	8002b74 <HAL_TIM_IRQHandler+0x92>
      __HAL_TIM_CLEAR_IT(htim, TIM_IT_CC3);
 8002b56:	f06f 0208 	mvn.w	r2, #8
 8002b5a:	611a      	str	r2, [r3, #16]
      htim->Channel = HAL_TIM_ACTIVE_CHANNEL_3;
 8002b5c:	2304      	movs	r3, #4
 8002b5e:	7723      	strb	r3, [r4, #28]
      if ((htim->Instance->CCMR2 & TIM_CCMR2_CC3S) != 0x00U)
 8002b60:	6823      	ldr	r3, [r4, #0]
 8002b62:	69db      	ldr	r3, [r3, #28]
 8002b64:	f013 0f03 	tst.w	r3, #3
 8002b68:	d04e      	beq.n	8002c08 <HAL_TIM_IRQHandler+0x126>
        HAL_TIM_IC_CaptureCallback(htim);
 8002b6a:	4620      	mov	r0, r4
 8002b6c:	f7ff ffb6 	bl	8002adc <HAL_TIM_IC_CaptureCallback>
      htim->Channel = HAL_TIM_ACTIVE_CHANNEL_CLEARED;
 8002b70:	2300      	movs	r3, #0
 8002b72:	7723      	strb	r3, [r4, #28]
  if (__HAL_TIM_GET_FLAG(htim, TIM_FLAG_CC4) != RESET)
 8002b74:	6823      	ldr	r3, [r4, #0]
 8002b76:	691a      	ldr	r2, [r3, #16]
 8002b78:	f012 0f10 	tst.w	r2, #16
 8002b7c:	d012      	beq.n	8002ba4 <HAL_TIM_IRQHandler+0xc2>
    if (__HAL_TIM_GET_IT_SOURCE(htim, TIM_IT_CC4) != RESET)
 8002b7e:	68da      	ldr	r2, [r3, #12]
 8002b80:	f012 0f10 	tst.w	r2, #16
 8002b84:	d00e      	beq.n	8002ba4 <HAL_TIM_IRQHandler+0xc2>
      __HAL_TIM_CLEAR_IT(htim, TIM_IT_CC4);
 8002b86:	f06f 0210 	mvn.w	r2, #16
 8002b8a:	611a      	str	r2, [r3, #16]
      htim->Channel = HAL_TIM_ACTIVE_CHANNEL_4;
 8002b8c:	2308      	movs	r3, #8
 8002b8e:	7723      	strb	r3, [r4, #28]
      if ((htim->Instance->CCMR2 & TIM_CCMR2_CC4S) != 0x00U)
 8002b90:	6823      	ldr	r3, [r4, #0]
 8002b92:	69db      	ldr	r3, [r3, #28]
 8002b94:	f413 7f40 	tst.w	r3, #768	@ 0x300
 8002b98:	d03d      	beq.n	8002c16 <HAL_TIM_IRQHandler+0x134>
        HAL_TIM_IC_CaptureCallback(htim);
 8002b9a:	4620      	mov	r0, r4
 8002b9c:	f7ff ff9e 	bl	8002adc <HAL_TIM_IC_CaptureCallback>
      htim->Channel = HAL_TIM_ACTIVE_CHANNEL_CLEARED;
 8002ba0:	2300      	movs	r3, #0
 8002ba2:	7723      	strb	r3, [r4, #28]
  if (__HAL_TIM_GET_FLAG(htim, TIM_FLAG_UPDATE) != RESET)
 8002ba4:	6823      	ldr	r3, [r4, #0]
 8002ba6:	691a      	ldr	r2, [r3, #16]
 8002ba8:	f012 0f01 	tst.w	r2, #1
 8002bac:	d003      	beq.n	8002bb6 <HAL_TIM_IRQHandler+0xd4>
    if (__HAL_TIM_GET_IT_SOURCE(htim, TIM_IT_UPDATE) != RESET)
 8002bae:	68da      	ldr	r2, [r3, #12]
 8002bb0:	f012 0f01 	tst.w	r2, #1
 8002bb4:	d136      	bne.n	8002c24 <HAL_TIM_IRQHandler+0x142>
  if (__HAL_TIM_GET_FLAG(htim, TIM_FLAG_BREAK) != RESET)
 8002bb6:	6823      	ldr	r3, [r4, #0]
 8002bb8:	691a      	ldr	r2, [r3, #16]
 8002bba:	f012 0f80 	tst.w	r2, #128	@ 0x80
 8002bbe:	d003      	beq.n	8002bc8 <HAL_TIM_IRQHandler+0xe6>
    if (__HAL_TIM_GET_IT_SOURCE(htim, TIM_IT_BREAK) != RESET)
 8002bc0:	68da      	ldr	r2, [r3, #12]
 8002bc2:	f012 0f80 	tst.w	r2, #128	@ 0x80
 8002bc6:	d134      	bne.n	8002c32 <HAL_TIM_IRQHandler+0x150>
  if (__HAL_TIM_GET_FLAG(htim, TIM_FLAG_TRIGGER) != RESET)
 8002bc8:	6823      	ldr	r3, [r4, #0]
 8002bca:	691a      	ldr	r2, [r3, #16]
 8002bcc:	f012 0f40 	tst.w	r2, #64	@ 0x40
 8002bd0:	d003      	beq.n	8002bda <HAL_TIM_IRQHandler+0xf8>
    if (__HAL_TIM_GET_IT_SOURCE(htim, TIM_IT_TRIGGER) != RESET)
 8002bd2:	68da      	ldr	r2, [r3, #12]
 8002bd4:	f012 0f40 	tst.w	r2, #64	@ 0x40
 8002bd8:	d132      	bne.n	8002c40 <HAL_TIM_IRQHandler+0x15e>
  if (__HAL_TIM_GET_FLAG(htim, TIM_FLAG_COM) != RESET)
 8002bda:	6823      	ldr	r3, [r4, #0]
 8002bdc:	691a      	ldr	r2, [r3, #16]
 8002bde:	f012 0f20 	tst.w	r2, #32
 8002be2:	d003      	beq.n	8002bec <HAL_TIM_IRQHandler+0x10a>
    if (__HAL_TIM_GET_IT_SOURCE(htim, TIM_IT_COM) != RESET)
 8002be4:	68da      	ldr	r2, [r3, #12]
 8002be6:	f012 0f20 	tst.w	r2, #32
 8002bea:	d130      	bne.n	8002c4e <HAL_TIM_IRQHandler+0x16c>
}
 8002bec:	bd10      	pop	{r4, pc}
          HAL_TIM_OC_DelayElapsedCallback(htim);
 8002bee:	f7ff ff74 	bl	8002ada <HAL_TIM_OC_DelayElapsedCallback>
          HAL_TIM_PWM_PulseFinishedCallback(htim);
 8002bf2:	4620      	mov	r0, r4
 8002bf4:	f7ff ff73 	bl	8002ade <HAL_TIM_PWM_PulseFinishedCallback>
 8002bf8:	e78a      	b.n	8002b10 <HAL_TIM_IRQHandler+0x2e>
        HAL_TIM_OC_DelayElapsedCallback(htim);
 8002bfa:	4620      	mov	r0, r4
 8002bfc:	f7ff ff6d 	bl	8002ada <HAL_TIM_OC_DelayElapsedCallback>
        HAL_TIM_PWM_PulseFinishedCallback(htim);
 8002c00:	4620      	mov	r0, r4
 8002c02:	f7ff ff6c 	bl	8002ade <HAL_TIM_PWM_PulseFinishedCallback>
 8002c06:	e79b      	b.n	8002b40 <HAL_TIM_IRQHandler+0x5e>
        HAL_TIM_OC_DelayElapsedCallback(htim);
 8002c08:	4620      	mov	r0, r4
 8002c0a:	f7ff ff66 	bl	8002ada <HAL_TIM_OC_DelayElapsedCallback>
        HAL_TIM_PWM_PulseFinishedCallback(htim);
 8002c0e:	4620      	mov	r0, r4
 8002c10:	f7ff ff65 	bl	8002ade <HAL_TIM_PWM_PulseFinishedCallback>
 8002c14:	e7ac      	b.n	8002b70 <HAL_TIM_IRQHandler+0x8e>
        HAL_TIM_OC_DelayElapsedCallback(htim);
 8002c16:	4620      	mov	r0, r4
 8002c18:	f7ff ff5f 	bl	8002ada <HAL_TIM_OC_DelayElapsedCallback>
        HAL_TIM_PWM_PulseFinishedCallback(htim);
 8002c1c:	4620      	mov	r0, r4
 8002c1e:	f7ff ff5e 	bl	8002ade <HAL_TIM_PWM_PulseFinishedCallback>
 8002c22:	e7bd      	b.n	8002ba0 <HAL_TIM_IRQHandler+0xbe>
      __HAL_TIM_CLEAR_IT(htim, TIM_IT_UPDATE);
 8002c24:	f06f 0201 	mvn.w	r2, #1
 8002c28:	611a      	str	r2, [r3, #16]
      HAL_TIM_PeriodElapsedCallback(htim);
 8002c2a:	4620      	mov	r0, r4
 8002c2c:	f7ff ff54 	bl	8002ad8 <HAL_TIM_PeriodElapsedCallback>
 8002c30:	e7c1      	b.n	8002bb6 <HAL_TIM_IRQHandler+0xd4>
      __HAL_TIM_CLEAR_IT(htim, TIM_IT_BREAK);
 8002c32:	f06f 0280 	mvn.w	r2, #128	@ 0x80
 8002c36:	611a      	str	r2, [r3, #16]
      HAL_TIMEx_BreakCallback(htim);
 8002c38:	4620      	mov	r0, r4
 8002c3a:	f000 f972 	bl	8002f22 <HAL_TIMEx_BreakCallback>
 8002c3e:	e7c3      	b.n	8002bc8 <HAL_TIM_IRQHandler+0xe6>
      __HAL_TIM_CLEAR_IT(htim, TIM_IT_TRIGGER);
 8002c40:	f06f 0240 	mvn.w	r2, #64	@ 0x40
 8002c44:	611a      	str	r2, [r3, #16]
      HAL_TIM_TriggerCallback(htim);
 8002c46:	4620      	mov	r0, r4
 8002c48:	f7ff ff4a 	bl	8002ae0 <HAL_TIM_TriggerCallback>
 8002c4c:	e7c5      	b.n	8002bda <HAL_TIM_IRQHandler+0xf8>
      __HAL_TIM_CLEAR_IT(htim, TIM_FLAG_COM);
 8002c4e:	f06f 0220 	mvn.w	r2, #32
 8002c52:	611a      	str	r2, [r3, #16]
      HAL_TIMEx_CommutCallback(htim);
 8002c54:	4620      	mov	r0, r4
 8002c56:	f000 f963 	bl	8002f20 <HAL_TIMEx_CommutCallback>
}
 8002c5a:	e7c7      	b.n	8002bec <HAL_TIM_IRQHandler+0x10a>

08002c5c <TIM_Base_SetConfig>:
  tmpcr1 = TIMx->CR1;
 8002c5c:	6803      	ldr	r3, [r0, #0]
  if (IS_TIM_COUNTER_MODE_SELECT_INSTANCE(TIMx))
 8002c5e:	4a30      	ldr	r2, [pc, #192]	@ (8002d20 <TIM_Base_SetConfig+0xc4>)
 8002c60:	4290      	cmp	r0, r2
 8002c62:	d012      	beq.n	8002c8a <TIM_Base_SetConfig+0x2e>
 8002c64:	f1b0 4f80 	cmp.w	r0, #1073741824	@ 0x40000000
 8002c68:	d00f      	beq.n	8002c8a <TIM_Base_SetConfig+0x2e>
 8002c6a:	f5a2 427c 	sub.w	r2, r2, #64512	@ 0xfc00
 8002c6e:	4290      	cmp	r0, r2
 8002c70:	d00b      	beq.n	8002c8a <TIM_Base_SetConfig+0x2e>
 8002c72:	f502 6280 	add.w	r2, r2, #1024	@ 0x400
 8002c76:	4290      	cmp	r0, r2
 8002c78:	d007      	beq.n	8002c8a <TIM_Base_SetConfig+0x2e>
 8002c7a:	f502 6280 	add.w	r2, r2, #1024	@ 0x400
 8002c7e:	4290      	cmp	r0, r2
 8002c80:	d003      	beq.n	8002c8a <TIM_Base_SetConfig+0x2e>
 8002c82:	f502 4278 	add.w	r2, r2, #63488	@ 0xf800
 8002c86:	4290      	cmp	r0, r2
 8002c88:	d103      	bne.n	8002c92 <TIM_Base_SetConfig+0x36>
    tmpcr1 &= ~(TIM_CR1_DIR | TIM_CR1_CMS);
 8002c8a:	f023 0370 	bic.w	r3, r3, #112	@ 0x70
    tmpcr1 |= Structure->CounterMode;
 8002c8e:	684a      	ldr	r2, [r1, #4]
 8002c90:	4313      	orrs	r3, r2
  if (IS_TIM_CLOCK_DIVISION_INSTANCE(TIMx))
 8002c92:	4a23      	ldr	r2, [pc, #140]	@ (8002d20 <TIM_Base_SetConfig+0xc4>)
 8002c94:	4290      	cmp	r0, r2
 8002c96:	d02a      	beq.n	8002cee <TIM_Base_SetConfig+0x92>
 8002c98:	f1b0 4f80 	cmp.w	r0, #1073741824	@ 0x40000000
 8002c9c:	d027      	beq.n	8002cee <TIM_Base_SetConfig+0x92>
 8002c9e:	f5a2 427c 	sub.w	r2, r2, #64512	@ 0xfc00
 8002ca2:	4290      	cmp	r0, r2
 8002ca4:	d023      	beq.n	8002cee <TIM_Base_SetConfig+0x92>
 8002ca6:	f502 6280 	add.w	r2, r2, #1024	@ 0x400
 8002caa:	4290      	cmp	r0, r2
 8002cac:	d01f      	beq.n	8002cee <TIM_Base_SetConfig+0x92>
 8002cae:	f502 6280 	add.w	r2, r2, #1024	@ 0x400
 8002cb2:	4290      	cmp	r0, r2
 8002cb4:	d01b      	beq.n	8002cee <TIM_Base_SetConfig+0x92>
 8002cb6:	f502 4278 	add.w	r2, r2, #63488	@ 0xf800
 8002cba:	4290      	cmp	r0, r2
 8002cbc:	d017      	beq.n	8002cee <TIM_Base_SetConfig+0x92>
 8002cbe:	f502 5270 	add.w	r2, r2, #15360	@ 0x3c00
 8002cc2:	4290      	cmp	r0, r2
 8002cc4:	d013      	beq.n	8002cee <TIM_Base_SetConfig+0x92>
 8002cc6:	f502 6280 	add.w	r2, r2, #1024	@ 0x400
 8002cca:	4290      	cmp	r0, r2
 8002ccc:	d00f      	beq.n	8002cee <TIM_Base_SetConfig+0x92>
 8002cce:	f502 6280 	add.w	r2, r2, #1024	@ 0x400
 8002cd2:	4290      	cmp	r0, r2
 8002cd4:	d00b      	beq.n	8002cee <TIM_Base_SetConfig+0x92>
 8002cd6:	f5a2 3298 	sub.w	r2, r2, #77824	@ 0x13000
 8002cda:	4290      	cmp	r0, r2
 8002cdc:	d007      	beq.n	8002cee <TIM_Base_SetConfig+0x92>
 8002cde:	f502 6280 	add.w	r2, r2, #1024	@ 0x400
 8002ce2:	4290      	cmp	r0, r2
 8002ce4:	d003      	beq.n	8002cee <TIM_Base_SetConfig+0x92>
 8002ce6:	f502 6280 	add.w	r2, r2, #1024	@ 0x400
 8002cea:	4290      	cmp	r0, r2
 8002cec:	d103      	bne.n	8002cf6 <TIM_Base_SetConfig+0x9a>
    tmpcr1 &= ~TIM_CR1_CKD;
 8002cee:	f423 7340 	bic.w	r3, r3, #768	@ 0x300
    tmpcr1 |= (uint32_t)Structure->ClockDivision;
 8002cf2:	68ca      	ldr	r2, [r1, #12]
 8002cf4:	4313      	orrs	r3, r2
  MODIFY_REG(tmpcr1, TIM_CR1_ARPE, Structure->AutoReloadPreload);
 8002cf6:	f023 0380 	bic.w	r3, r3, #128	@ 0x80
 8002cfa:	694a      	ldr	r2, [r1, #20]
 8002cfc:	4313      	orrs	r3, r2
  TIMx->CR1 = tmpcr1;
 8002cfe:	6003      	str	r3, [r0, #0]
  TIMx->ARR = (uint32_t)Structure->Period ;
 8002d00:	688b      	ldr	r3, [r1, #8]
 8002d02:	62c3      	str	r3, [r0, #44]	@ 0x2c
  TIMx->PSC = Structure->Prescaler;
 8002d04:	680b      	ldr	r3, [r1, #0]
 8002d06:	6283      	str	r3, [r0, #40]	@ 0x28
  if (IS_TIM_REPETITION_COUNTER_INSTANCE(TIMx))
 8002d08:	4b05      	ldr	r3, [pc, #20]	@ (8002d20 <TIM_Base_SetConfig+0xc4>)
 8002d0a:	4298      	cmp	r0, r3
 8002d0c:	d003      	beq.n	8002d16 <TIM_Base_SetConfig+0xba>
 8002d0e:	f503 6380 	add.w	r3, r3, #1024	@ 0x400
 8002d12:	4298      	cmp	r0, r3
 8002d14:	d101      	bne.n	8002d1a <TIM_Base_SetConfig+0xbe>
    TIMx->RCR = Structure->RepetitionCounter;
 8002d16:	690b      	ldr	r3, [r1, #16]
 8002d18:	6303      	str	r3, [r0, #48]	@ 0x30
  TIMx->EGR = TIM_EGR_UG;
 8002d1a:	2301      	movs	r3, #1
 8002d1c:	6143      	str	r3, [r0, #20]
}
 8002d1e:	4770      	bx	lr
 8002d20:	40010000 	.word	0x40010000

08002d24 <HAL_TIM_Base_Init>:
  if (htim == NULL)
 8002d24:	b340      	cbz	r0, 8002d78 <HAL_TIM_Base_Init+0x54>
{
 8002d26:	b510      	push	{r4, lr}
 8002d28:	4604      	mov	r4, r0
  if (htim->State == HAL_TIM_STATE_RESET)
 8002d2a:	f890 303d 	ldrb.w	r3, [r0, #61]	@ 0x3d
 8002d2e:	b1f3      	cbz	r3, 8002d6e <HAL_TIM_Base_Init+0x4a>
  htim->State = HAL_TIM_STATE_BUSY;
 8002d30:	2302      	movs	r3, #2
 8002d32:	f884 303d 	strb.w	r3, [r4, #61]	@ 0x3d
  TIM_Base_SetConfig(htim->Instance, &htim->Init);
 8002d36:	4621      	mov	r1, r4
 8002d38:	f851 0b04 	ldr.w	r0, [r1], #4
 8002d3c:	f7ff ff8e 	bl	8002c5c <TIM_Base_SetConfig>
  htim->DMABurstState = HAL_DMA_BURST_STATE_READY;
 8002d40:	2301      	movs	r3, #1
 8002d42:	f884 3046 	strb.w	r3, [r4, #70]	@ 0x46
  TIM_CHANNEL_STATE_SET_ALL(htim, HAL_TIM_CHANNEL_STATE_READY);
 8002d46:	f884 303e 	strb.w	r3, [r4, #62]	@ 0x3e
 8002d4a:	f884 303f 	strb.w	r3, [r4, #63]	@ 0x3f
 8002d4e:	f884 3040 	strb.w	r3, [r4, #64]	@ 0x40
 8002d52:	f884 3041 	strb.w	r3, [r4, #65]	@ 0x41
  TIM_CHANNEL_N_STATE_SET_ALL(htim, HAL_TIM_CHANNEL_STATE_READY);
 8002d56:	f884 3042 	strb.w	r3, [r4, #66]	@ 0x42
 8002d5a:	f884 3043 	strb.w	r3, [r4, #67]	@ 0x43
 8002d5e:	f884 3044 	strb.w	r3, [r4, #68]	@ 0x44
 8002d62:	f884 3045 	strb.w	r3, [r4, #69]	@ 0x45
  htim->State = HAL_TIM_STATE_READY;
 8002d66:	f884 303d 	strb.w	r3, [r4, #61]	@ 0x3d
  return HAL_OK;
 8002d6a:	2000      	movs	r0, #0
}
 8002d6c:	bd10      	pop	{r4, pc}
    htim->Lock = HAL_UNLOCKED;
 8002d6e:	f880 303c 	strb.w	r3, [r0, #60]	@ 0x3c
    HAL_TIM_Base_MspInit(htim);
 8002d72:	f7ff f9ad 	bl	80020d0 <HAL_TIM_Base_MspInit>
 8002d76:	e7db      	b.n	8002d30 <HAL_TIM_Base_Init+0xc>
    return HAL_ERROR;
 8002d78:	2001      	movs	r0, #1
}
 8002d7a:	4770      	bx	lr

08002d7c <TIM_ETR_SetConfig>:
  *          This parameter must be a value between 0x00 and 0x0F
  * @retval None
  */
void TIM_ETR_SetConfig(TIM_TypeDef *TIMx, uint32_t TIM_ExtTRGPrescaler,
                       uint32_t TIM_ExtTRGPolarity, uint32_t ExtTRGFilter)
{
 8002d7c:	b410      	push	{r4}
  uint32_t tmpsmcr;

  tmpsmcr = TIMx->SMCR;
 8002d7e:	6884      	ldr	r4, [r0, #8]

  /* Reset the ETR Bits */
  tmpsmcr &= ~(TIM_SMCR_ETF | TIM_SMCR_ETPS | TIM_SMCR_ECE | TIM_SMCR_ETP);
 8002d80:	f424 4c7f 	bic.w	ip, r4, #65280	@ 0xff00

  /* Set the Prescaler, the Filter value and the Polarity */
  tmpsmcr |= (uint32_t)(TIM_ExtTRGPrescaler | (TIM_ExtTRGPolarity | (ExtTRGFilter << 8U)));
 8002d84:	ea42 2203 	orr.w	r2, r2, r3, lsl #8
 8002d88:	430a      	orrs	r2, r1
 8002d8a:	ea42 020c 	orr.w	r2, r2, ip

  /* Write to TIMx SMCR */
  TIMx->SMCR = tmpsmcr;
 8002d8e:	6082      	str	r2, [r0, #8]
}
 8002d90:	f85d 4b04 	ldr.w	r4, [sp], #4
 8002d94:	4770      	bx	lr

08002d96 <HAL_TIM_ConfigClockSource>:
  __HAL_LOCK(htim);
 8002d96:	f890 303c 	ldrb.w	r3, [r0, #60]	@ 0x3c
 8002d9a:	2b01      	cmp	r3, #1
 8002d9c:	d078      	beq.n	8002e90 <HAL_TIM_ConfigClockSource+0xfa>
{
 8002d9e:	b510      	push	{r4, lr}
 8002da0:	4604      	mov	r4, r0
  __HAL_LOCK(htim);
 8002da2:	2301      	movs	r3, #1
 8002da4:	f880 303c 	strb.w	r3, [r0, #60]	@ 0x3c
  htim->State = HAL_TIM_STATE_BUSY;
 8002da8:	2302      	movs	r3, #2
 8002daa:	f880 303d 	strb.w	r3, [r0, #61]	@ 0x3d
  tmpsmcr = htim->Instance->SMCR;
 8002dae:	6802      	ldr	r2, [r0, #0]
 8002db0:	6893      	ldr	r3, [r2, #8]
  tmpsmcr &= ~(TIM_SMCR_ETF | TIM_SMCR_ETPS | TIM_SMCR_ECE | TIM_SMCR_ETP);
 8002db2:	f423 437f 	bic.w	r3, r3, #65280	@ 0xff00
 8002db6:	f023 0377 	bic.w	r3, r3, #119	@ 0x77
  htim->Instance->SMCR = tmpsmcr;
 8002dba:	6093      	str	r3, [r2, #8]
  switch (sClockSourceConfig->ClockSource)
 8002dbc:	680b      	ldr	r3, [r1, #0]
 8002dbe:	2b60      	cmp	r3, #96	@ 0x60
 8002dc0:	d04c      	beq.n	8002e5c <HAL_TIM_ConfigClockSource+0xc6>
 8002dc2:	d823      	bhi.n	8002e0c <HAL_TIM_ConfigClockSource+0x76>
 8002dc4:	2b40      	cmp	r3, #64	@ 0x40
 8002dc6:	d054      	beq.n	8002e72 <HAL_TIM_ConfigClockSource+0xdc>
 8002dc8:	d811      	bhi.n	8002dee <HAL_TIM_ConfigClockSource+0x58>
 8002dca:	2b20      	cmp	r3, #32
 8002dcc:	d003      	beq.n	8002dd6 <HAL_TIM_ConfigClockSource+0x40>
 8002dce:	d80a      	bhi.n	8002de6 <HAL_TIM_ConfigClockSource+0x50>
 8002dd0:	b10b      	cbz	r3, 8002dd6 <HAL_TIM_ConfigClockSource+0x40>
 8002dd2:	2b10      	cmp	r3, #16
 8002dd4:	d105      	bne.n	8002de2 <HAL_TIM_ConfigClockSource+0x4c>
      TIM_ITRx_SetConfig(htim->Instance, sClockSourceConfig->ClockSource);
 8002dd6:	4619      	mov	r1, r3
 8002dd8:	6820      	ldr	r0, [r4, #0]
 8002dda:	f7ff fe22 	bl	8002a22 <TIM_ITRx_SetConfig>
  HAL_StatusTypeDef status = HAL_OK;
 8002dde:	2000      	movs	r0, #0
      break;
 8002de0:	e028      	b.n	8002e34 <HAL_TIM_ConfigClockSource+0x9e>
      status = HAL_ERROR;
 8002de2:	2001      	movs	r0, #1
 8002de4:	e026      	b.n	8002e34 <HAL_TIM_ConfigClockSource+0x9e>
  switch (sClockSourceConfig->ClockSource)
 8002de6:	2b30      	cmp	r3, #48	@ 0x30
 8002de8:	d0f5      	beq.n	8002dd6 <HAL_TIM_ConfigClockSource+0x40>
      status = HAL_ERROR;
 8002dea:	2001      	movs	r0, #1
 8002dec:	e022      	b.n	8002e34 <HAL_TIM_ConfigClockSource+0x9e>
  switch (sClockSourceConfig->ClockSource)
 8002dee:	2b50      	cmp	r3, #80	@ 0x50
 8002df0:	d10a      	bne.n	8002e08 <HAL_TIM_ConfigClockSource+0x72>
      TIM_TI1_ConfigInputStage(htim->Instance,
 8002df2:	68ca      	ldr	r2, [r1, #12]
 8002df4:	6849      	ldr	r1, [r1, #4]
 8002df6:	6800      	ldr	r0, [r0, #0]
 8002df8:	f7ff fdec 	bl	80029d4 <TIM_TI1_ConfigInputStage>
      TIM_ITRx_SetConfig(htim->Instance, TIM_CLOCKSOURCE_TI1);
 8002dfc:	2150      	movs	r1, #80	@ 0x50
 8002dfe:	6820      	ldr	r0, [r4, #0]
 8002e00:	f7ff fe0f 	bl	8002a22 <TIM_ITRx_SetConfig>
  HAL_StatusTypeDef status = HAL_OK;
 8002e04:	2000      	movs	r0, #0
      break;
 8002e06:	e015      	b.n	8002e34 <HAL_TIM_ConfigClockSource+0x9e>
      status = HAL_ERROR;
 8002e08:	2001      	movs	r0, #1
 8002e0a:	e013      	b.n	8002e34 <HAL_TIM_ConfigClockSource+0x9e>
  switch (sClockSourceConfig->ClockSource)
 8002e0c:	f5b3 5f80 	cmp.w	r3, #4096	@ 0x1000
 8002e10:	d03a      	beq.n	8002e88 <HAL_TIM_ConfigClockSource+0xf2>
 8002e12:	f5b3 5f00 	cmp.w	r3, #8192	@ 0x2000
 8002e16:	d014      	beq.n	8002e42 <HAL_TIM_ConfigClockSource+0xac>
 8002e18:	2b70      	cmp	r3, #112	@ 0x70
 8002e1a:	d137      	bne.n	8002e8c <HAL_TIM_ConfigClockSource+0xf6>
      TIM_ETR_SetConfig(htim->Instance,
 8002e1c:	68cb      	ldr	r3, [r1, #12]
 8002e1e:	684a      	ldr	r2, [r1, #4]
 8002e20:	6889      	ldr	r1, [r1, #8]
 8002e22:	6800      	ldr	r0, [r0, #0]
 8002e24:	f7ff ffaa 	bl	8002d7c <TIM_ETR_SetConfig>
      tmpsmcr = htim->Instance->SMCR;
 8002e28:	6822      	ldr	r2, [r4, #0]
 8002e2a:	6893      	ldr	r3, [r2, #8]
      tmpsmcr |= (TIM_SLAVEMODE_EXTERNAL1 | TIM_CLOCKSOURCE_ETRMODE1);
 8002e2c:	f043 0377 	orr.w	r3, r3, #119	@ 0x77
      htim->Instance->SMCR = tmpsmcr;
 8002e30:	6093      	str	r3, [r2, #8]
  HAL_StatusTypeDef status = HAL_OK;
 8002e32:	2000      	movs	r0, #0
  htim->State = HAL_TIM_STATE_READY;
 8002e34:	2301      	movs	r3, #1
 8002e36:	f884 303d 	strb.w	r3, [r4, #61]	@ 0x3d
  __HAL_UNLOCK(htim);
 8002e3a:	2300      	movs	r3, #0
 8002e3c:	f884 303c 	strb.w	r3, [r4, #60]	@ 0x3c
}
 8002e40:	bd10      	pop	{r4, pc}
      TIM_ETR_SetConfig(htim->Instance,
 8002e42:	68cb      	ldr	r3, [r1, #12]
 8002e44:	684a      	ldr	r2, [r1, #4]
 8002e46:	6889      	ldr	r1, [r1, #8]
 8002e48:	6800      	ldr	r0, [r0, #0]
 8002e4a:	f7ff ff97 	bl	8002d7c <TIM_ETR_SetConfig>
      htim->Instance->SMCR |= TIM_SMCR_ECE;
 8002e4e:	6822      	ldr	r2, [r4, #0]
 8002e50:	6893      	ldr	r3, [r2, #8]
 8002e52:	f443 4380 	orr.w	r3, r3, #16384	@ 0x4000
 8002e56:	6093      	str	r3, [r2, #8]
  HAL_StatusTypeDef status = HAL_OK;
 8002e58:	2000      	movs	r0, #0
      break;
 8002e5a:	e7eb      	b.n	8002e34 <HAL_TIM_ConfigClockSource+0x9e>
      TIM_TI2_ConfigInputStage(htim->Instance,
 8002e5c:	68ca      	ldr	r2, [r1, #12]
 8002e5e:	6849      	ldr	r1, [r1, #4]
 8002e60:	6800      	ldr	r0, [r0, #0]
 8002e62:	f7ff fdca 	bl	80029fa <TIM_TI2_ConfigInputStage>
      TIM_ITRx_SetConfig(htim->Instance, TIM_CLOCKSOURCE_TI2);
 8002e66:	2160      	movs	r1, #96	@ 0x60
 8002e68:	6820      	ldr	r0, [r4, #0]
 8002e6a:	f7ff fdda 	bl	8002a22 <TIM_ITRx_SetConfig>
  HAL_StatusTypeDef status = HAL_OK;
 8002e6e:	2000      	movs	r0, #0
      break;
 8002e70:	e7e0      	b.n	8002e34 <HAL_TIM_ConfigClockSource+0x9e>
      TIM_TI1_ConfigInputStage(htim->Instance,
 8002e72:	68ca      	ldr	r2, [r1, #12]
 8002e74:	6849      	ldr	r1, [r1, #4]
 8002e76:	6800      	ldr	r0, [r0, #0]
 8002e78:	f7ff fdac 	bl	80029d4 <TIM_TI1_ConfigInputStage>
      TIM_ITRx_SetConfig(htim->Instance, TIM_CLOCKSOURCE_TI1ED);
 8002e7c:	2140      	movs	r1, #64	@ 0x40
 8002e7e:	6820      	ldr	r0, [r4, #0]
 8002e80:	f7ff fdcf 	bl	8002a22 <TIM_ITRx_SetConfig>
  HAL_StatusTypeDef status = HAL_OK;
 8002e84:	2000      	movs	r0, #0
      break;
 8002e86:	e7d5      	b.n	8002e34 <HAL_TIM_ConfigClockSource+0x9e>
  switch (sClockSourceConfig->ClockSource)
 8002e88:	2000      	movs	r0, #0
 8002e8a:	e7d3      	b.n	8002e34 <HAL_TIM_ConfigClockSource+0x9e>
      status = HAL_ERROR;
 8002e8c:	2001      	movs	r0, #1
 8002e8e:	e7d1      	b.n	8002e34 <HAL_TIM_ConfigClockSource+0x9e>
  __HAL_LOCK(htim);
 8002e90:	2002      	movs	r0, #2
}
 8002e92:	4770      	bx	lr

08002e94 <HAL_TIMEx_MasterConfigSynchronization>:
  assert_param(IS_TIM_MASTER_INSTANCE(htim->Instance));
  assert_param(IS_TIM_TRGO_SOURCE(sMasterConfig->MasterOutputTrigger));
  assert_param(IS_TIM_MSM_STATE(sMasterConfig->MasterSlaveMode));

  /* Check input state */
  __HAL_LOCK(htim);
 8002e94:	f890 203c 	ldrb.w	r2, [r0, #60]	@ 0x3c
 8002e98:	2a01      	cmp	r2, #1
 8002e9a:	d03d      	beq.n	8002f18 <HAL_TIMEx_MasterConfigSynchronization+0x84>
{
 8002e9c:	b410      	push	{r4}
 8002e9e:	4603      	mov	r3, r0
  __HAL_LOCK(htim);
 8002ea0:	2201      	movs	r2, #1
 8002ea2:	f880 203c 	strb.w	r2, [r0, #60]	@ 0x3c

  /* Change the handler state */
  htim->State = HAL_TIM_STATE_BUSY;
 8002ea6:	2202      	movs	r2, #2
 8002ea8:	f880 203d 	strb.w	r2, [r0, #61]	@ 0x3d

  /* Get the TIMx CR2 register value */
  tmpcr2 = htim->Instance->CR2;
 8002eac:	6802      	ldr	r2, [r0, #0]
 8002eae:	6850      	ldr	r0, [r2, #4]

  /* Get the TIMx SMCR register value */
  tmpsmcr = htim->Instance->SMCR;
 8002eb0:	6894      	ldr	r4, [r2, #8]

  /* Reset the MMS Bits */
  tmpcr2 &= ~TIM_CR2_MMS;
 8002eb2:	f020 0c70 	bic.w	ip, r0, #112	@ 0x70
  /* Select the TRGO source */
  tmpcr2 |=  sMasterConfig->MasterOutputTrigger;
 8002eb6:	6808      	ldr	r0, [r1, #0]
 8002eb8:	ea40 000c 	orr.w	r0, r0, ip

  /* Update TIMx CR2 */
  htim->Instance->CR2 = tmpcr2;
 8002ebc:	6050      	str	r0, [r2, #4]

  if (IS_TIM_SLAVE_INSTANCE(htim->Instance))
 8002ebe:	681a      	ldr	r2, [r3, #0]
 8002ec0:	4816      	ldr	r0, [pc, #88]	@ (8002f1c <HAL_TIMEx_MasterConfigSynchronization+0x88>)
 8002ec2:	4282      	cmp	r2, r0
 8002ec4:	d01a      	beq.n	8002efc <HAL_TIMEx_MasterConfigSynchronization+0x68>
 8002ec6:	f1b2 4f80 	cmp.w	r2, #1073741824	@ 0x40000000
 8002eca:	d017      	beq.n	8002efc <HAL_TIMEx_MasterConfigSynchronization+0x68>
 8002ecc:	f5a0 407c 	sub.w	r0, r0, #64512	@ 0xfc00
 8002ed0:	4282      	cmp	r2, r0
 8002ed2:	d013      	beq.n	8002efc <HAL_TIMEx_MasterConfigSynchronization+0x68>
 8002ed4:	f500 6080 	add.w	r0, r0, #1024	@ 0x400
 8002ed8:	4282      	cmp	r2, r0
 8002eda:	d00f      	beq.n	8002efc <HAL_TIMEx_MasterConfigSynchronization+0x68>
 8002edc:	f500 6080 	add.w	r0, r0, #1024	@ 0x400
 8002ee0:	4282      	cmp	r2, r0
 8002ee2:	d00b      	beq.n	8002efc <HAL_TIMEx_MasterConfigSynchronization+0x68>
 8002ee4:	f500 4078 	add.w	r0, r0, #63488	@ 0xf800
 8002ee8:	4282      	cmp	r2, r0
 8002eea:	d007      	beq.n	8002efc <HAL_TIMEx_MasterConfigSynchronization+0x68>
 8002eec:	f500 5070 	add.w	r0, r0, #15360	@ 0x3c00
 8002ef0:	4282      	cmp	r2, r0
 8002ef2:	d003      	beq.n	8002efc <HAL_TIMEx_MasterConfigSynchronization+0x68>
 8002ef4:	f5a0 3094 	sub.w	r0, r0, #75776	@ 0x12800
 8002ef8:	4282      	cmp	r2, r0
 8002efa:	d104      	bne.n	8002f06 <HAL_TIMEx_MasterConfigSynchronization+0x72>
  {
    /* Reset the MSM Bit */
    tmpsmcr &= ~TIM_SMCR_MSM;
 8002efc:	f024 0480 	bic.w	r4, r4, #128	@ 0x80
    /* Set master mode */
    tmpsmcr |= sMasterConfig->MasterSlaveMode;
 8002f00:	6849      	ldr	r1, [r1, #4]
 8002f02:	4321      	orrs	r1, r4

    /* Update TIMx SMCR */
    htim->Instance->SMCR = tmpsmcr;
 8002f04:	6091      	str	r1, [r2, #8]
  }

  /* Change the htim state */
  htim->State = HAL_TIM_STATE_READY;
 8002f06:	2201      	movs	r2, #1
 8002f08:	f883 203d 	strb.w	r2, [r3, #61]	@ 0x3d

  __HAL_UNLOCK(htim);
 8002f0c:	2000      	movs	r0, #0
 8002f0e:	f883 003c 	strb.w	r0, [r3, #60]	@ 0x3c

  return HAL_OK;
}
 8002f12:	f85d 4b04 	ldr.w	r4, [sp], #4
 8002f16:	4770      	bx	lr
  __HAL_LOCK(htim);
 8002f18:	2002      	movs	r0, #2
}
 8002f1a:	4770      	bx	lr
 8002f1c:	40010000 	.word	0x40010000

08002f20 <HAL_TIMEx_CommutCallback>:
  UNUSED(htim);

  /* NOTE : This function should not be modified, when the callback is needed,
            the HAL_TIMEx_CommutCallback could be implemented in the user file
   */
}
 8002f20:	4770      	bx	lr

08002f22 <HAL_TIMEx_BreakCallback>:
  UNUSED(htim);

  /* NOTE : This function should not be modified, when the callback is needed,
            the HAL_TIMEx_BreakCallback could be implemented in the user file
   */
}
 8002f22:	4770      	bx	lr

08002f24 <UART_EndTxTransfer>:
  * @retval None
  */
static void UART_EndTxTransfer(UART_HandleTypeDef *huart)
{
  /* Disable TXEIE and TCIE interrupts */
  ATOMIC_CLEAR_BIT(huart->Instance->CR1, (USART_CR1_TXEIE | USART_CR1_TCIE));
 8002f24:	6802      	ldr	r2, [r0, #0]
 */
__STATIC_FORCEINLINE uint32_t __LDREXW(volatile uint32_t *addr)
{
    uint32_t result;

   __ASM volatile ("ldrex %0, %1" : "=r" (result) : "Q" (*addr) );
 8002f26:	f102 030c 	add.w	r3, r2, #12
 8002f2a:	e853 3f00 	ldrex	r3, [r3]
 8002f2e:	f023 03c0 	bic.w	r3, r3, #192	@ 0xc0
 */
__STATIC_FORCEINLINE uint32_t __STREXW(uint32_t value, volatile uint32_t *addr)
{
   uint32_t result;

   __ASM volatile ("strex %0, %2, %1" : "=&r" (result), "=Q" (*addr) : "r" (value) );
 8002f32:	320c      	adds	r2, #12
 8002f34:	e842 3100 	strex	r1, r3, [r2]
 8002f38:	2900      	cmp	r1, #0
 8002f3a:	d1f3      	bne.n	8002f24 <UART_EndTxTransfer>

  /* At end of Tx process, restore huart->gState to Ready */
  huart->gState = HAL_UART_STATE_READY;
 8002f3c:	2320      	movs	r3, #32
 8002f3e:	f880 303d 	strb.w	r3, [r0, #61]	@ 0x3d
}
 8002f42:	4770      	bx	lr

08002f44 <UART_EndRxTransfer>:
  * @retval None
  */
static void UART_EndRxTransfer(UART_HandleTypeDef *huart)
{
  /* Disable RXNE, PE and ERR (Frame error, noise error, overrun error) interrupts */
  ATOMIC_CLEAR_BIT(huart->Instance->CR1, (USART_CR1_RXNEIE | USART_CR1_PEIE));
 8002f44:	6802      	ldr	r2, [r0, #0]
   __ASM volatile ("ldrex %0, %1" : "=r" (result) : "Q" (*addr) );
 8002f46:	f102 030c 	add.w	r3, r2, #12
 8002f4a:	e853 3f00 	ldrex	r3, [r3]
 8002f4e:	f423 7390 	bic.w	r3, r3, #288	@ 0x120
   __ASM volatile ("strex %0, %2, %1" : "=&r" (result), "=Q" (*addr) : "r" (value) );
 8002f52:	320c      	adds	r2, #12
 8002f54:	e842 3100 	strex	r1, r3, [r2]
 8002f58:	2900      	cmp	r1, #0
 8002f5a:	d1f3      	bne.n	8002f44 <UART_EndRxTransfer>
  ATOMIC_CLEAR_BIT(huart->Instance->CR3, USART_CR3_EIE);
 8002f5c:	6802      	ldr	r2, [r0, #0]
   __ASM volatile ("ldrex %0, %1" : "=r" (result) : "Q" (*addr) );
 8002f5e:	f102 0314 	add.w	r3, r2, #20
 8002f62:	e853 3f00 	ldrex	r3, [r3]
 8002f66:	f023 0301 	bic.w	r3, r3, #1
   __ASM volatile ("strex %0, %2, %1" : "=&r" (result), "=Q" (*addr) : "r" (value) );
 8002f6a:	3214      	adds	r2, #20
 8002f6c:	e842 3100 	strex	r1, r3, [r2]
 8002f70:	2900      	cmp	r1, #0
 8002f72:	d1f3      	bne.n	8002f5c <UART_EndRxTransfer+0x18>

  /* In case of reception waiting for IDLE event, disable also the IDLE IE interrupt source */
  if (huart->ReceptionType == HAL_UART_RECEPTION_TOIDLE)
 8002f74:	6b03      	ldr	r3, [r0, #48]	@ 0x30
 8002f76:	2b01      	cmp	r3, #1
 8002f78:	d005      	beq.n	8002f86 <UART_EndRxTransfer+0x42>
  {
    ATOMIC_CLEAR_BIT(huart->Instance->CR1, USART_CR1_IDLEIE);
  }

  /* At end of Rx process, restore huart->RxState to Ready */
  huart->RxState = HAL_UART_STATE_READY;
 8002f7a:	2320      	movs	r3, #32
 8002f7c:	f880 303e 	strb.w	r3, [r0, #62]	@ 0x3e
  huart->ReceptionType = HAL_UART_RECEPTION_STANDARD;
 8002f80:	2300      	movs	r3, #0
 8002f82:	6303      	str	r3, [r0, #48]	@ 0x30
}
 8002f84:	4770      	bx	lr
    ATOMIC_CLEAR_BIT(huart->Instance->CR1, USART_CR1_IDLEIE);
 8002f86:	6802      	ldr	r2, [r0, #0]
   __ASM volatile ("ldrex %0, %1" : "=r" (result) : "Q" (*addr) );
 8002f88:	f102 030c 	add.w	r3, r2, #12
 8002f8c:	e853 3f00 	ldrex	r3, [r3]
 8002f90:	f023 0310 	bic.w	r3, r3, #16
   __ASM volatile ("strex %0, %2, %1" : "=&r" (result), "=Q" (*addr) : "r" (value) );
 8002f94:	320c      	adds	r2, #12
 8002f96:	e842 3100 	strex	r1, r3, [r2]
 8002f9a:	2900      	cmp	r1, #0
 8002f9c:	d1f3      	bne.n	8002f86 <UART_EndRxTransfer+0x42>
 8002f9e:	e7ec      	b.n	8002f7a <UART_EndRxTransfer+0x36>

08002fa0 <UART_Transmit_IT>:
static HAL_StatusTypeDef UART_Transmit_IT(UART_HandleTypeDef *huart)
{
  const uint16_t *tmp;

  /* Check that a Tx process is ongoing */
  if (huart->gState == HAL_UART_STATE_BUSY_TX)
 8002fa0:	f890 303d 	ldrb.w	r3, [r0, #61]	@ 0x3d
 8002fa4:	2b21      	cmp	r3, #33	@ 0x21
 8002fa6:	d001      	beq.n	8002fac <UART_Transmit_IT+0xc>
    }
    return HAL_OK;
  }
  else
  {
    return HAL_BUSY;
 8002fa8:	2002      	movs	r0, #2
  }
}
 8002faa:	4770      	bx	lr
    if ((huart->Init.WordLength == UART_WORDLENGTH_9B) && (huart->Init.Parity == UART_PARITY_NONE))
 8002fac:	6883      	ldr	r3, [r0, #8]
 8002fae:	f5b3 5f80 	cmp.w	r3, #4096	@ 0x1000
 8002fb2:	d017      	beq.n	8002fe4 <UART_Transmit_IT+0x44>
      huart->Instance->DR = (uint8_t)(*huart->pTxBuffPtr++ & (uint8_t)0x00FF);
 8002fb4:	6a03      	ldr	r3, [r0, #32]
 8002fb6:	1c5a      	adds	r2, r3, #1
 8002fb8:	6202      	str	r2, [r0, #32]
 8002fba:	781a      	ldrb	r2, [r3, #0]
 8002fbc:	6803      	ldr	r3, [r0, #0]
 8002fbe:	605a      	str	r2, [r3, #4]
    if (--huart->TxXferCount == 0U)
 8002fc0:	8cc3      	ldrh	r3, [r0, #38]	@ 0x26
 8002fc2:	b29b      	uxth	r3, r3
 8002fc4:	3b01      	subs	r3, #1
 8002fc6:	b29b      	uxth	r3, r3
 8002fc8:	84c3      	strh	r3, [r0, #38]	@ 0x26
 8002fca:	b94b      	cbnz	r3, 8002fe0 <UART_Transmit_IT+0x40>
      __HAL_UART_DISABLE_IT(huart, UART_IT_TXE);
 8002fcc:	6802      	ldr	r2, [r0, #0]
 8002fce:	68d3      	ldr	r3, [r2, #12]
 8002fd0:	f023 0380 	bic.w	r3, r3, #128	@ 0x80
 8002fd4:	60d3      	str	r3, [r2, #12]
      __HAL_UART_ENABLE_IT(huart, UART_IT_TC);
 8002fd6:	6802      	ldr	r2, [r0, #0]
 8002fd8:	68d3      	ldr	r3, [r2, #12]
 8002fda:	f043 0340 	orr.w	r3, r3, #64	@ 0x40
 8002fde:	60d3      	str	r3, [r2, #12]
    return HAL_OK;
 8002fe0:	2000      	movs	r0, #0
 8002fe2:	4770      	bx	lr
    if ((huart->Init.WordLength == UART_WORDLENGTH_9B) && (huart->Init.Parity == UART_PARITY_NONE))
 8002fe4:	6903      	ldr	r3, [r0, #16]
 8002fe6:	2b00      	cmp	r3, #0
 8002fe8:	d1e4      	bne.n	8002fb4 <UART_Transmit_IT+0x14>
      tmp = (const uint16_t *) huart->pTxBuffPtr;
 8002fea:	6a03      	ldr	r3, [r0, #32]
      huart->Instance->DR = (uint16_t)(*tmp & (uint16_t)0x01FF);
 8002fec:	881b      	ldrh	r3, [r3, #0]
 8002fee:	6802      	ldr	r2, [r0, #0]
 8002ff0:	f3c3 0308 	ubfx	r3, r3, #0, #9
 8002ff4:	6053      	str	r3, [r2, #4]
      huart->pTxBuffPtr += 2U;
 8002ff6:	6a03      	ldr	r3, [r0, #32]
 8002ff8:	3302      	adds	r3, #2
 8002ffa:	6203      	str	r3, [r0, #32]
 8002ffc:	e7e0      	b.n	8002fc0 <UART_Transmit_IT+0x20>
	...

08003000 <UART_SetConfig>:
  * @param  huart  Pointer to a UART_HandleTypeDef structure that contains
  *                the configuration information for the specified UART module.
  * @retval None
  */
static void UART_SetConfig(UART_HandleTypeDef *huart)
{
 8003000:	b510      	push	{r4, lr}
 8003002:	4604      	mov	r4, r0
  assert_param(IS_UART_MODE(huart->Init.Mode));

  /*-------------------------- USART CR2 Configuration -----------------------*/
  /* Configure the UART Stop Bits: Set STOP[13:12] bits
     according to huart->Init.StopBits value */
  MODIFY_REG(huart->Instance->CR2, USART_CR2_STOP, huart->Init.StopBits);
 8003004:	6802      	ldr	r2, [r0, #0]
 8003006:	6913      	ldr	r3, [r2, #16]
 8003008:	f423 5340 	bic.w	r3, r3, #12288	@ 0x3000
 800300c:	68c1      	ldr	r1, [r0, #12]
 800300e:	430b      	orrs	r3, r1
 8003010:	6113      	str	r3, [r2, #16]
     Set the M bits according to huart->Init.WordLength value
     Set PCE and PS bits according to huart->Init.Parity value
     Set TE and RE bits according to huart->Init.Mode value
     Set OVER8 bit according to huart->Init.OverSampling value */

  tmpreg = (uint32_t)huart->Init.WordLength | huart->Init.Parity | huart->Init.Mode | huart->Init.OverSampling;
 8003012:	6883      	ldr	r3, [r0, #8]
 8003014:	6902      	ldr	r2, [r0, #16]
 8003016:	431a      	orrs	r2, r3
 8003018:	6943      	ldr	r3, [r0, #20]
 800301a:	431a      	orrs	r2, r3
 800301c:	69c3      	ldr	r3, [r0, #28]
 800301e:	431a      	orrs	r2, r3
  MODIFY_REG(huart->Instance->CR1,
 8003020:	6801      	ldr	r1, [r0, #0]
 8003022:	68cb      	ldr	r3, [r1, #12]
 8003024:	f423 4316 	bic.w	r3, r3, #38400	@ 0x9600
 8003028:	f023 030c 	bic.w	r3, r3, #12
 800302c:	4313      	orrs	r3, r2
 800302e:	60cb      	str	r3, [r1, #12]
             (uint32_t)(USART_CR1_M | USART_CR1_PCE | USART_CR1_PS | USART_CR1_TE | USART_CR1_RE | USART_CR1_OVER8),
             tmpreg);

  /*-------------------------- USART CR3 Configuration -----------------------*/
  /* Configure the UART HFC: Set CTSE and RTSE bits according to huart->Init.HwFlowCtl value */
  MODIFY_REG(huart->Instance->CR3, (USART_CR3_RTSE | USART_CR3_CTSE), huart->Init.HwFlowCtl);
 8003030:	6802      	ldr	r2, [r0, #0]
 8003032:	6953      	ldr	r3, [r2, #20]
 8003034:	f423 7340 	bic.w	r3, r3, #768	@ 0x300
 8003038:	6981      	ldr	r1, [r0, #24]
 800303a:	430b      	orrs	r3, r1
 800303c:	6153      	str	r3, [r2, #20]
    if ((huart->Instance == USART1) || (huart->Instance == USART6) || (huart->Instance == UART9) || (huart->Instance == UART10))
    {
      pclk = HAL_RCC_GetPCLK2Freq();
    }
#elif defined(USART6)
    if ((huart->Instance == USART1) || (huart->Instance == USART6))
 800303e:	6803      	ldr	r3, [r0, #0]
 8003040:	4a31      	ldr	r2, [pc, #196]	@ (8003108 <UART_SetConfig+0x108>)
 8003042:	4293      	cmp	r3, r2
 8003044:	d006      	beq.n	8003054 <UART_SetConfig+0x54>
 8003046:	f502 6280 	add.w	r2, r2, #1024	@ 0x400
 800304a:	4293      	cmp	r3, r2
 800304c:	d002      	beq.n	8003054 <UART_SetConfig+0x54>
      pclk = HAL_RCC_GetPCLK2Freq();
    }
#endif /* USART6 */
    else
    {
      pclk = HAL_RCC_GetPCLK1Freq();
 800304e:	f7ff f9b7 	bl	80023c0 <HAL_RCC_GetPCLK1Freq>
 8003052:	e001      	b.n	8003058 <UART_SetConfig+0x58>
      pclk = HAL_RCC_GetPCLK2Freq();
 8003054:	f7ff f9c4 	bl	80023e0 <HAL_RCC_GetPCLK2Freq>
    }
  /*-------------------------- USART BRR Configuration ---------------------*/
  if (huart->Init.OverSampling == UART_OVERSAMPLING_8)
 8003058:	69e3      	ldr	r3, [r4, #28]
 800305a:	f5b3 4f00 	cmp.w	r3, #32768	@ 0x8000
 800305e:	d029      	beq.n	80030b4 <UART_SetConfig+0xb4>
  {
    huart->Instance->BRR = UART_BRR_SAMPLING8(pclk, huart->Init.BaudRate);
  }
  else
  {
    huart->Instance->BRR = UART_BRR_SAMPLING16(pclk, huart->Init.BaudRate);
 8003060:	2100      	movs	r1, #0
 8003062:	1803      	adds	r3, r0, r0
 8003064:	4149      	adcs	r1, r1
 8003066:	181b      	adds	r3, r3, r0
 8003068:	f141 0100 	adc.w	r1, r1, #0
 800306c:	00c9      	lsls	r1, r1, #3
 800306e:	ea41 7153 	orr.w	r1, r1, r3, lsr #29
 8003072:	00db      	lsls	r3, r3, #3
 8003074:	1818      	adds	r0, r3, r0
 8003076:	6863      	ldr	r3, [r4, #4]
 8003078:	ea4f 0283 	mov.w	r2, r3, lsl #2
 800307c:	ea4f 7393 	mov.w	r3, r3, lsr #30
 8003080:	f141 0100 	adc.w	r1, r1, #0
 8003084:	f7fd f89e 	bl	80001c4 <__aeabi_uldivmod>
 8003088:	4a20      	ldr	r2, [pc, #128]	@ (800310c <UART_SetConfig+0x10c>)
 800308a:	fba2 3100 	umull	r3, r1, r2, r0
 800308e:	0949      	lsrs	r1, r1, #5
 8003090:	2364      	movs	r3, #100	@ 0x64
 8003092:	fb03 0311 	mls	r3, r3, r1, r0
 8003096:	011b      	lsls	r3, r3, #4
 8003098:	3332      	adds	r3, #50	@ 0x32
 800309a:	fba2 2303 	umull	r2, r3, r2, r3
 800309e:	095b      	lsrs	r3, r3, #5
 80030a0:	f003 02f0 	and.w	r2, r3, #240	@ 0xf0
 80030a4:	eb02 1201 	add.w	r2, r2, r1, lsl #4
 80030a8:	f003 030f 	and.w	r3, r3, #15
 80030ac:	6821      	ldr	r1, [r4, #0]
 80030ae:	4413      	add	r3, r2
 80030b0:	608b      	str	r3, [r1, #8]
  }
}
 80030b2:	bd10      	pop	{r4, pc}
    huart->Instance->BRR = UART_BRR_SAMPLING8(pclk, huart->Init.BaudRate);
 80030b4:	2300      	movs	r3, #0
 80030b6:	1802      	adds	r2, r0, r0
 80030b8:	eb43 0103 	adc.w	r1, r3, r3
 80030bc:	1812      	adds	r2, r2, r0
 80030be:	f141 0100 	adc.w	r1, r1, #0
 80030c2:	00c9      	lsls	r1, r1, #3
 80030c4:	ea41 7152 	orr.w	r1, r1, r2, lsr #29
 80030c8:	00d2      	lsls	r2, r2, #3
 80030ca:	1810      	adds	r0, r2, r0
 80030cc:	f141 0100 	adc.w	r1, r1, #0
 80030d0:	6862      	ldr	r2, [r4, #4]
 80030d2:	1892      	adds	r2, r2, r2
 80030d4:	415b      	adcs	r3, r3
 80030d6:	f7fd f875 	bl	80001c4 <__aeabi_uldivmod>
 80030da:	4a0c      	ldr	r2, [pc, #48]	@ (800310c <UART_SetConfig+0x10c>)
 80030dc:	fba2 3100 	umull	r3, r1, r2, r0
 80030e0:	0949      	lsrs	r1, r1, #5
 80030e2:	2364      	movs	r3, #100	@ 0x64
 80030e4:	fb03 0311 	mls	r3, r3, r1, r0
 80030e8:	00db      	lsls	r3, r3, #3
 80030ea:	3332      	adds	r3, #50	@ 0x32
 80030ec:	fba2 2303 	umull	r2, r3, r2, r3
 80030f0:	095b      	lsrs	r3, r3, #5
 80030f2:	005a      	lsls	r2, r3, #1
 80030f4:	f402 72f8 	and.w	r2, r2, #496	@ 0x1f0
 80030f8:	eb02 1201 	add.w	r2, r2, r1, lsl #4
 80030fc:	f003 0307 	and.w	r3, r3, #7
 8003100:	6821      	ldr	r1, [r4, #0]
 8003102:	4413      	add	r3, r2
 8003104:	608b      	str	r3, [r1, #8]
 8003106:	e7d4      	b.n	80030b2 <UART_SetConfig+0xb2>
 8003108:	40011000 	.word	0x40011000
 800310c:	51eb851f 	.word	0x51eb851f

08003110 <HAL_UART_Init>:
  if (huart == NULL)
 8003110:	b358      	cbz	r0, 800316a <HAL_UART_Init+0x5a>
{
 8003112:	b510      	push	{r4, lr}
 8003114:	4604      	mov	r4, r0
  if (huart->gState == HAL_UART_STATE_RESET)
 8003116:	f890 303d 	ldrb.w	r3, [r0, #61]	@ 0x3d
 800311a:	b30b      	cbz	r3, 8003160 <HAL_UART_Init+0x50>
  huart->gState = HAL_UART_STATE_BUSY;
 800311c:	2324      	movs	r3, #36	@ 0x24
 800311e:	f884 303d 	strb.w	r3, [r4, #61]	@ 0x3d
  __HAL_UART_DISABLE(huart);
 8003122:	6822      	ldr	r2, [r4, #0]
 8003124:	68d3      	ldr	r3, [r2, #12]
 8003126:	f423 5300 	bic.w	r3, r3, #8192	@ 0x2000
 800312a:	60d3      	str	r3, [r2, #12]
  UART_SetConfig(huart);
 800312c:	4620      	mov	r0, r4
 800312e:	f7ff ff67 	bl	8003000 <UART_SetConfig>
  CLEAR_BIT(huart->Instance->CR2, (USART_CR2_LINEN | USART_CR2_CLKEN));
 8003132:	6822      	ldr	r2, [r4, #0]
 8003134:	6913      	ldr	r3, [r2, #16]
 8003136:	f423 4390 	bic.w	r3, r3, #18432	@ 0x4800
 800313a:	6113      	str	r3, [r2, #16]
  CLEAR_BIT(huart->Instance->CR3, (USART_CR3_SCEN | USART_CR3_HDSEL | USART_CR3_IREN));
 800313c:	6822      	ldr	r2, [r4, #0]
 800313e:	6953      	ldr	r3, [r2, #20]
 8003140:	f023 032a 	bic.w	r3, r3, #42	@ 0x2a
 8003144:	6153      	str	r3, [r2, #20]
  __HAL_UART_ENABLE(huart);
 8003146:	6822      	ldr	r2, [r4, #0]
 8003148:	68d3      	ldr	r3, [r2, #12]
 800314a:	f443 5300 	orr.w	r3, r3, #8192	@ 0x2000
 800314e:	60d3      	str	r3, [r2, #12]
  huart->ErrorCode = HAL_UART_ERROR_NONE;
 8003150:	2000      	movs	r0, #0
 8003152:	6420      	str	r0, [r4, #64]	@ 0x40
  huart->gState = HAL_UART_STATE_READY;
 8003154:	2320      	movs	r3, #32
 8003156:	f884 303d 	strb.w	r3, [r4, #61]	@ 0x3d
  huart->RxState = HAL_UART_STATE_READY;
 800315a:	f884 303e 	strb.w	r3, [r4, #62]	@ 0x3e
}
 800315e:	bd10      	pop	{r4, pc}
    huart->Lock = HAL_UNLOCKED;
 8003160:	f880 303c 	strb.w	r3, [r0, #60]	@ 0x3c
    HAL_UART_MspInit(huart);
 8003164:	f7fe ffee 	bl	8002144 <HAL_UART_MspInit>
 8003168:	e7d8      	b.n	800311c <HAL_UART_Init+0xc>
    return HAL_ERROR;
 800316a:	2001      	movs	r0, #1
}
 800316c:	4770      	bx	lr
	...

08003170 <HAL_UART_Transmit_DMA>:
{
 8003170:	b538      	push	{r3, r4, r5, lr}
 8003172:	4613      	mov	r3, r2
  if (huart->gState == HAL_UART_STATE_READY)
 8003174:	f890 203d 	ldrb.w	r2, [r0, #61]	@ 0x3d
 8003178:	2a20      	cmp	r2, #32
 800317a:	d137      	bne.n	80031ec <HAL_UART_Transmit_DMA+0x7c>
 800317c:	4604      	mov	r4, r0
    if ((pData == NULL) || (Size == 0U))
 800317e:	2900      	cmp	r1, #0
 8003180:	d036      	beq.n	80031f0 <HAL_UART_Transmit_DMA+0x80>
 8003182:	2b00      	cmp	r3, #0
 8003184:	d036      	beq.n	80031f4 <HAL_UART_Transmit_DMA+0x84>
    __HAL_LOCK(huart);
 8003186:	f890 203c 	ldrb.w	r2, [r0, #60]	@ 0x3c
 800318a:	2a01      	cmp	r2, #1
 800318c:	d034      	beq.n	80031f8 <HAL_UART_Transmit_DMA+0x88>
 800318e:	2201      	movs	r2, #1
 8003190:	f880 203c 	strb.w	r2, [r0, #60]	@ 0x3c
    huart->pTxBuffPtr = pData;
 8003194:	6201      	str	r1, [r0, #32]
    huart->TxXferSize = Size;
 8003196:	8483      	strh	r3, [r0, #36]	@ 0x24
    huart->TxXferCount = Size;
 8003198:	84c3      	strh	r3, [r0, #38]	@ 0x26
    huart->ErrorCode = HAL_UART_ERROR_NONE;
 800319a:	2500      	movs	r5, #0
 800319c:	6405      	str	r5, [r0, #64]	@ 0x40
    huart->gState = HAL_UART_STATE_BUSY_TX;
 800319e:	2221      	movs	r2, #33	@ 0x21
 80031a0:	f880 203d 	strb.w	r2, [r0, #61]	@ 0x3d
    huart->hdmatx->XferCpltCallback = UART_DMATransmitCplt;
 80031a4:	6b42      	ldr	r2, [r0, #52]	@ 0x34
 80031a6:	4815      	ldr	r0, [pc, #84]	@ (80031fc <HAL_UART_Transmit_DMA+0x8c>)
 80031a8:	63d0      	str	r0, [r2, #60]	@ 0x3c
    huart->hdmatx->XferHalfCpltCallback = UART_DMATxHalfCplt;
 80031aa:	6b62      	ldr	r2, [r4, #52]	@ 0x34
 80031ac:	4814      	ldr	r0, [pc, #80]	@ (8003200 <HAL_UART_Transmit_DMA+0x90>)
 80031ae:	6410      	str	r0, [r2, #64]	@ 0x40
    huart->hdmatx->XferErrorCallback = UART_DMAError;
 80031b0:	6b62      	ldr	r2, [r4, #52]	@ 0x34
 80031b2:	4814      	ldr	r0, [pc, #80]	@ (8003204 <HAL_UART_Transmit_DMA+0x94>)
 80031b4:	64d0      	str	r0, [r2, #76]	@ 0x4c
    huart->hdmatx->XferAbortCallback = NULL;
 80031b6:	6b62      	ldr	r2, [r4, #52]	@ 0x34
 80031b8:	6515      	str	r5, [r2, #80]	@ 0x50
    HAL_DMA_Start_IT(huart->hdmatx, *(const uint32_t *)tmp, (uint32_t)&huart->Instance->DR, Size);
 80031ba:	6822      	ldr	r2, [r4, #0]
 80031bc:	3204      	adds	r2, #4
 80031be:	6b60      	ldr	r0, [r4, #52]	@ 0x34
 80031c0:	f7fe fc10 	bl	80019e4 <HAL_DMA_Start_IT>
    __HAL_UART_CLEAR_FLAG(huart, UART_FLAG_TC);
 80031c4:	6823      	ldr	r3, [r4, #0]
 80031c6:	f06f 0240 	mvn.w	r2, #64	@ 0x40
 80031ca:	601a      	str	r2, [r3, #0]
    __HAL_UNLOCK(huart);
 80031cc:	f884 503c 	strb.w	r5, [r4, #60]	@ 0x3c
    ATOMIC_SET_BIT(huart->Instance->CR3, USART_CR3_DMAT);
 80031d0:	6822      	ldr	r2, [r4, #0]
   __ASM volatile ("ldrex %0, %1" : "=r" (result) : "Q" (*addr) );
 80031d2:	f102 0314 	add.w	r3, r2, #20
 80031d6:	e853 3f00 	ldrex	r3, [r3]
 80031da:	f043 0380 	orr.w	r3, r3, #128	@ 0x80
   __ASM volatile ("strex %0, %2, %1" : "=&r" (result), "=Q" (*addr) : "r" (value) );
 80031de:	3214      	adds	r2, #20
 80031e0:	e842 3100 	strex	r1, r3, [r2]
 80031e4:	2900      	cmp	r1, #0
 80031e6:	d1f3      	bne.n	80031d0 <HAL_UART_Transmit_DMA+0x60>
    return HAL_OK;
 80031e8:	2000      	movs	r0, #0
 80031ea:	e000      	b.n	80031ee <HAL_UART_Transmit_DMA+0x7e>
    return HAL_BUSY;
 80031ec:	2002      	movs	r0, #2
}
 80031ee:	bd38      	pop	{r3, r4, r5, pc}
      return HAL_ERROR;
 80031f0:	2001      	movs	r0, #1
 80031f2:	e7fc      	b.n	80031ee <HAL_UART_Transmit_DMA+0x7e>
 80031f4:	2001      	movs	r0, #1
 80031f6:	e7fa      	b.n	80031ee <HAL_UART_Transmit_DMA+0x7e>
    __HAL_LOCK(huart);
 80031f8:	2002      	movs	r0, #2
 80031fa:	e7f8      	b.n	80031ee <HAL_UART_Transmit_DMA+0x7e>
 80031fc:	08003209 	.word	0x08003209
 8003200:	0800326f 	.word	0x0800326f
 8003204:	08003279 	.word	0x08003279

08003208 <UART_DMATransmitCplt>:
{
 8003208:	b508      	push	{r3, lr}
 800320a:	4603      	mov	r3, r0
  UART_HandleTypeDef *huart = (UART_HandleTypeDef *)((DMA_HandleTypeDef *)hdma)->Parent;
 800320c:	6b80      	ldr	r0, [r0, #56]	@ 0x38
  if ((hdma->Instance->CR & DMA_SxCR_CIRC) == 0U)
 800320e:	681b      	ldr	r3, [r3, #0]
 8003210:	681b      	ldr	r3, [r3, #0]
 8003212:	f413 7f80 	tst.w	r3, #256	@ 0x100
 8003216:	d11a      	bne.n	800324e <UART_DMATransmitCplt+0x46>
    huart->TxXferCount = 0x00U;
 8003218:	2300      	movs	r3, #0
 800321a:	84c3      	strh	r3, [r0, #38]	@ 0x26
    ATOMIC_CLEAR_BIT(huart->Instance->CR3, USART_CR3_DMAT);
 800321c:	6802      	ldr	r2, [r0, #0]
   __ASM volatile ("ldrex %0, %1" : "=r" (result) : "Q" (*addr) );
 800321e:	f102 0314 	add.w	r3, r2, #20
 8003222:	e853 3f00 	ldrex	r3, [r3]
 8003226:	f023 0380 	bic.w	r3, r3, #128	@ 0x80
   __ASM volatile ("strex %0, %2, %1" : "=&r" (result), "=Q" (*addr) : "r" (value) );
 800322a:	3214      	adds	r2, #20
 800322c:	e842 3100 	strex	r1, r3, [r2]
 8003230:	2900      	cmp	r1, #0
 8003232:	d1f3      	bne.n	800321c <UART_DMATransmitCplt+0x14>
    ATOMIC_SET_BIT(huart->Instance->CR1, USART_CR1_TCIE);
 8003234:	6802      	ldr	r2, [r0, #0]
   __ASM volatile ("ldrex %0, %1" : "=r" (result) : "Q" (*addr) );
 8003236:	f102 030c 	add.w	r3, r2, #12
 800323a:	e853 3f00 	ldrex	r3, [r3]
 800323e:	f043 0340 	orr.w	r3, r3, #64	@ 0x40
   __ASM volatile ("strex %0, %2, %1" : "=&r" (result), "=Q" (*addr) : "r" (value) );
 8003242:	320c      	adds	r2, #12
 8003244:	e842 3100 	strex	r1, r3, [r2]
 8003248:	2900      	cmp	r1, #0
 800324a:	d1f3      	bne.n	8003234 <UART_DMATransmitCplt+0x2c>
}
 800324c:	bd08      	pop	{r3, pc}
    HAL_UART_TxCpltCallback(huart);
 800324e:	f7fd fcdb 	bl	8000c08 <HAL_UART_TxCpltCallback>
}
 8003252:	e7fb      	b.n	800324c <UART_DMATransmitCplt+0x44>

08003254 <UART_EndTransmit_IT>:
{
 8003254:	b508      	push	{r3, lr}
  __HAL_UART_DISABLE_IT(huart, UART_IT_TC);
 8003256:	6801      	ldr	r1, [r0, #0]
 8003258:	68ca      	ldr	r2, [r1, #12]
 800325a:	f022 0240 	bic.w	r2, r2, #64	@ 0x40
 800325e:	60ca      	str	r2, [r1, #12]
  huart->gState = HAL_UART_STATE_READY;
 8003260:	2220      	movs	r2, #32
 8003262:	f880 203d 	strb.w	r2, [r0, #61]	@ 0x3d
  HAL_UART_TxCpltCallback(huart);
 8003266:	f7fd fccf 	bl	8000c08 <HAL_UART_TxCpltCallback>
}
 800326a:	2000      	movs	r0, #0
 800326c:	bd08      	pop	{r3, pc}

0800326e <UART_DMATxHalfCplt>:
{
 800326e:	b508      	push	{r3, lr}
  HAL_UART_TxHalfCpltCallback(huart);
 8003270:	6b80      	ldr	r0, [r0, #56]	@ 0x38
 8003272:	f7fd fd09 	bl	8000c88 <HAL_UART_TxHalfCpltCallback>
}
 8003276:	bd08      	pop	{r3, pc}

08003278 <UART_DMAError>:
{
 8003278:	b510      	push	{r4, lr}
  UART_HandleTypeDef *huart = (UART_HandleTypeDef *)((DMA_HandleTypeDef *)hdma)->Parent;
 800327a:	6b84      	ldr	r4, [r0, #56]	@ 0x38
  dmarequest = HAL_IS_BIT_SET(huart->Instance->CR3, USART_CR3_DMAT);
 800327c:	6823      	ldr	r3, [r4, #0]
 800327e:	695b      	ldr	r3, [r3, #20]
  if ((huart->gState == HAL_UART_STATE_BUSY_TX) && dmarequest)
 8003280:	f894 203d 	ldrb.w	r2, [r4, #61]	@ 0x3d
 8003284:	2a21      	cmp	r2, #33	@ 0x21
 8003286:	d00f      	beq.n	80032a8 <UART_DMAError+0x30>
  dmarequest = HAL_IS_BIT_SET(huart->Instance->CR3, USART_CR3_DMAR);
 8003288:	6823      	ldr	r3, [r4, #0]
 800328a:	695b      	ldr	r3, [r3, #20]
 800328c:	f003 0340 	and.w	r3, r3, #64	@ 0x40
  if ((huart->RxState == HAL_UART_STATE_BUSY_RX) && dmarequest)
 8003290:	f894 203e 	ldrb.w	r2, [r4, #62]	@ 0x3e
 8003294:	2a22      	cmp	r2, #34	@ 0x22
 8003296:	d011      	beq.n	80032bc <UART_DMAError+0x44>
  huart->ErrorCode |= HAL_UART_ERROR_DMA;
 8003298:	6c23      	ldr	r3, [r4, #64]	@ 0x40
 800329a:	f043 0310 	orr.w	r3, r3, #16
 800329e:	6423      	str	r3, [r4, #64]	@ 0x40
  HAL_UART_ErrorCallback(huart);
 80032a0:	4620      	mov	r0, r4
 80032a2:	f7fd fcbd 	bl	8000c20 <HAL_UART_ErrorCallback>
}
 80032a6:	bd10      	pop	{r4, pc}
 80032a8:	f003 0380 	and.w	r3, r3, #128	@ 0x80
  if ((huart->gState == HAL_UART_STATE_BUSY_TX) && dmarequest)
 80032ac:	2b00      	cmp	r3, #0
 80032ae:	d0eb      	beq.n	8003288 <UART_DMAError+0x10>
    huart->TxXferCount = 0x00U;
 80032b0:	2300      	movs	r3, #0
 80032b2:	84e3      	strh	r3, [r4, #38]	@ 0x26
    UART_EndTxTransfer(huart);
 80032b4:	4620      	mov	r0, r4
 80032b6:	f7ff fe35 	bl	8002f24 <UART_EndTxTransfer>
 80032ba:	e7e5      	b.n	8003288 <UART_DMAError+0x10>
  if ((huart->RxState == HAL_UART_STATE_BUSY_RX) && dmarequest)
 80032bc:	2b00      	cmp	r3, #0
 80032be:	d0eb      	beq.n	8003298 <UART_DMAError+0x20>
    huart->RxXferCount = 0x00U;
 80032c0:	2300      	movs	r3, #0
 80032c2:	85e3      	strh	r3, [r4, #46]	@ 0x2e
    UART_EndRxTransfer(huart);
 80032c4:	4620      	mov	r0, r4
 80032c6:	f7ff fe3d 	bl	8002f44 <UART_EndRxTransfer>
 80032ca:	e7e5      	b.n	8003298 <UART_DMAError+0x20>

080032cc <UART_DMAAbortOnError>:
{
 80032cc:	b508      	push	{r3, lr}
  UART_HandleTypeDef *huart = (UART_HandleTypeDef *)((DMA_HandleTypeDef *)hdma)->Parent;
 80032ce:	6b80      	ldr	r0, [r0, #56]	@ 0x38
  huart->RxXferCount = 0x00U;
 80032d0:	2300      	movs	r3, #0
 80032d2:	85c3      	strh	r3, [r0, #46]	@ 0x2e
  huart->TxXferCount = 0x00U;
 80032d4:	84c3      	strh	r3, [r0, #38]	@ 0x26
  HAL_UART_ErrorCallback(huart);
 80032d6:	f7fd fca3 	bl	8000c20 <HAL_UART_ErrorCallback>
}
 80032da:	bd08      	pop	{r3, pc}

080032dc <HAL_UARTEx_RxEventCallback>:
}
 80032dc:	4770      	bx	lr

080032de <UART_Receive_IT>:
  if (huart->RxState == HAL_UART_STATE_BUSY_RX)
 80032de:	f890 303e 	ldrb.w	r3, [r0, #62]	@ 0x3e
 80032e2:	2b22      	cmp	r3, #34	@ 0x22
 80032e4:	d167      	bne.n	80033b6 <UART_Receive_IT+0xd8>
    if ((huart->Init.WordLength == UART_WORDLENGTH_9B) && (huart->Init.Parity == UART_PARITY_NONE))
 80032e6:	6883      	ldr	r3, [r0, #8]
 80032e8:	f5b3 5f80 	cmp.w	r3, #4096	@ 0x1000
 80032ec:	d04d      	beq.n	800338a <UART_Receive_IT+0xac>
      pdata8bits = (uint8_t *) huart->pRxBuffPtr;
 80032ee:	6a82      	ldr	r2, [r0, #40]	@ 0x28
      if ((huart->Init.WordLength == UART_WORDLENGTH_9B) || ((huart->Init.WordLength == UART_WORDLENGTH_8B) && (huart->Init.Parity == UART_PARITY_NONE)))
 80032f0:	f5b3 5f80 	cmp.w	r3, #4096	@ 0x1000
 80032f4:	d004      	beq.n	8003300 <UART_Receive_IT+0x22>
 80032f6:	2b00      	cmp	r3, #0
 80032f8:	d154      	bne.n	80033a4 <UART_Receive_IT+0xc6>
 80032fa:	6903      	ldr	r3, [r0, #16]
 80032fc:	2b00      	cmp	r3, #0
 80032fe:	d151      	bne.n	80033a4 <UART_Receive_IT+0xc6>
        *pdata8bits = (uint8_t)(huart->Instance->DR & (uint8_t)0x00FF);
 8003300:	6803      	ldr	r3, [r0, #0]
 8003302:	685b      	ldr	r3, [r3, #4]
 8003304:	7013      	strb	r3, [r2, #0]
      huart->pRxBuffPtr += 1U;
 8003306:	6a83      	ldr	r3, [r0, #40]	@ 0x28
 8003308:	3301      	adds	r3, #1
 800330a:	6283      	str	r3, [r0, #40]	@ 0x28
    if (--huart->RxXferCount == 0U)
 800330c:	8dc3      	ldrh	r3, [r0, #46]	@ 0x2e
 800330e:	b29b      	uxth	r3, r3
 8003310:	3b01      	subs	r3, #1
 8003312:	b29b      	uxth	r3, r3
 8003314:	85c3      	strh	r3, [r0, #46]	@ 0x2e
 8003316:	2b00      	cmp	r3, #0
 8003318:	d14f      	bne.n	80033ba <UART_Receive_IT+0xdc>
{
 800331a:	b500      	push	{lr}
 800331c:	b083      	sub	sp, #12
      __HAL_UART_DISABLE_IT(huart, UART_IT_RXNE);
 800331e:	6802      	ldr	r2, [r0, #0]
 8003320:	68d3      	ldr	r3, [r2, #12]
 8003322:	f023 0320 	bic.w	r3, r3, #32
 8003326:	60d3      	str	r3, [r2, #12]
      __HAL_UART_DISABLE_IT(huart, UART_IT_PE);
 8003328:	6802      	ldr	r2, [r0, #0]
 800332a:	68d3      	ldr	r3, [r2, #12]
 800332c:	f423 7380 	bic.w	r3, r3, #256	@ 0x100
 8003330:	60d3      	str	r3, [r2, #12]
      __HAL_UART_DISABLE_IT(huart, UART_IT_ERR);
 8003332:	6802      	ldr	r2, [r0, #0]
 8003334:	6953      	ldr	r3, [r2, #20]
 8003336:	f023 0301 	bic.w	r3, r3, #1
 800333a:	6153      	str	r3, [r2, #20]
      huart->RxState = HAL_UART_STATE_READY;
 800333c:	2320      	movs	r3, #32
 800333e:	f880 303e 	strb.w	r3, [r0, #62]	@ 0x3e
      if (huart->ReceptionType == HAL_UART_RECEPTION_TOIDLE)
 8003342:	6b03      	ldr	r3, [r0, #48]	@ 0x30
 8003344:	2b01      	cmp	r3, #1
 8003346:	d133      	bne.n	80033b0 <UART_Receive_IT+0xd2>
        huart->ReceptionType = HAL_UART_RECEPTION_STANDARD;
 8003348:	2300      	movs	r3, #0
 800334a:	6303      	str	r3, [r0, #48]	@ 0x30
        ATOMIC_CLEAR_BIT(huart->Instance->CR1, USART_CR1_IDLEIE);
 800334c:	6802      	ldr	r2, [r0, #0]
   __ASM volatile ("ldrex %0, %1" : "=r" (result) : "Q" (*addr) );
 800334e:	f102 030c 	add.w	r3, r2, #12
 8003352:	e853 3f00 	ldrex	r3, [r3]
 8003356:	f023 0310 	bic.w	r3, r3, #16
   __ASM volatile ("strex %0, %2, %1" : "=&r" (result), "=Q" (*addr) : "r" (value) );
 800335a:	320c      	adds	r2, #12
 800335c:	e842 3100 	strex	r1, r3, [r2]
 8003360:	2900      	cmp	r1, #0
 8003362:	d1f3      	bne.n	800334c <UART_Receive_IT+0x6e>
        if (__HAL_UART_GET_FLAG(huart, UART_FLAG_IDLE))
 8003364:	6803      	ldr	r3, [r0, #0]
 8003366:	681a      	ldr	r2, [r3, #0]
 8003368:	f012 0f10 	tst.w	r2, #16
 800336c:	d006      	beq.n	800337c <UART_Receive_IT+0x9e>
          __HAL_UART_CLEAR_IDLEFLAG(huart);
 800336e:	2200      	movs	r2, #0
 8003370:	9201      	str	r2, [sp, #4]
 8003372:	681a      	ldr	r2, [r3, #0]
 8003374:	9201      	str	r2, [sp, #4]
 8003376:	685b      	ldr	r3, [r3, #4]
 8003378:	9301      	str	r3, [sp, #4]
 800337a:	9b01      	ldr	r3, [sp, #4]
        HAL_UARTEx_RxEventCallback(huart, huart->RxXferSize);
 800337c:	8d81      	ldrh	r1, [r0, #44]	@ 0x2c
 800337e:	f7ff ffad 	bl	80032dc <HAL_UARTEx_RxEventCallback>
      return HAL_OK;
 8003382:	2000      	movs	r0, #0
}
 8003384:	b003      	add	sp, #12
 8003386:	f85d fb04 	ldr.w	pc, [sp], #4
    if ((huart->Init.WordLength == UART_WORDLENGTH_9B) && (huart->Init.Parity == UART_PARITY_NONE))
 800338a:	6902      	ldr	r2, [r0, #16]
 800338c:	2a00      	cmp	r2, #0
 800338e:	d1ae      	bne.n	80032ee <UART_Receive_IT+0x10>
      pdata16bits = (uint16_t *) huart->pRxBuffPtr;
 8003390:	6a82      	ldr	r2, [r0, #40]	@ 0x28
      *pdata16bits = (uint16_t)(huart->Instance->DR & (uint16_t)0x01FF);
 8003392:	6803      	ldr	r3, [r0, #0]
 8003394:	685b      	ldr	r3, [r3, #4]
 8003396:	f3c3 0308 	ubfx	r3, r3, #0, #9
 800339a:	8013      	strh	r3, [r2, #0]
      huart->pRxBuffPtr += 2U;
 800339c:	6a83      	ldr	r3, [r0, #40]	@ 0x28
 800339e:	3302      	adds	r3, #2
 80033a0:	6283      	str	r3, [r0, #40]	@ 0x28
 80033a2:	e7b3      	b.n	800330c <UART_Receive_IT+0x2e>
        *pdata8bits = (uint8_t)(huart->Instance->DR & (uint8_t)0x007F);
 80033a4:	6803      	ldr	r3, [r0, #0]
 80033a6:	685b      	ldr	r3, [r3, #4]
 80033a8:	f003 037f 	and.w	r3, r3, #127	@ 0x7f
 80033ac:	7013      	strb	r3, [r2, #0]
 80033ae:	e7aa      	b.n	8003306 <UART_Receive_IT+0x28>
        HAL_UART_RxCpltCallback(huart);
 80033b0:	f7fd fc30 	bl	8000c14 <HAL_UART_RxCpltCallback>
 80033b4:	e7e5      	b.n	8003382 <UART_Receive_IT+0xa4>
    return HAL_BUSY;
 80033b6:	2002      	movs	r0, #2
 80033b8:	4770      	bx	lr
    return HAL_OK;
 80033ba:	2000      	movs	r0, #0
}
 80033bc:	4770      	bx	lr
	...

080033c0 <HAL_UART_IRQHandler>:
{
 80033c0:	b510      	push	{r4, lr}
 80033c2:	b082      	sub	sp, #8
 80033c4:	4604      	mov	r4, r0
  uint32_t isrflags   = READ_REG(huart->Instance->SR);
 80033c6:	6802      	ldr	r2, [r0, #0]
 80033c8:	6813      	ldr	r3, [r2, #0]
  uint32_t cr1its     = READ_REG(huart->Instance->CR1);
 80033ca:	68d0      	ldr	r0, [r2, #12]
  uint32_t cr3its     = READ_REG(huart->Instance->CR3);
 80033cc:	6951      	ldr	r1, [r2, #20]
  if (errorflags == RESET)
 80033ce:	f013 0f0f 	tst.w	r3, #15
 80033d2:	d109      	bne.n	80033e8 <HAL_UART_IRQHandler+0x28>
    if (((isrflags & USART_SR_RXNE) != RESET) && ((cr1its & USART_CR1_RXNEIE) != RESET))
 80033d4:	f013 0f20 	tst.w	r3, #32
 80033d8:	d00c      	beq.n	80033f4 <HAL_UART_IRQHandler+0x34>
 80033da:	f010 0f20 	tst.w	r0, #32
 80033de:	d009      	beq.n	80033f4 <HAL_UART_IRQHandler+0x34>
      UART_Receive_IT(huart);
 80033e0:	4620      	mov	r0, r4
 80033e2:	f7ff ff7c 	bl	80032de <UART_Receive_IT>
      return;
 80033e6:	e016      	b.n	8003416 <HAL_UART_IRQHandler+0x56>
  if ((errorflags != RESET) && (((cr3its & USART_CR3_EIE) != RESET)
 80033e8:	f011 0101 	ands.w	r1, r1, #1
 80033ec:	d115      	bne.n	800341a <HAL_UART_IRQHandler+0x5a>
                                || ((cr1its & (USART_CR1_RXNEIE | USART_CR1_PEIE)) != RESET)))
 80033ee:	f410 7f90 	tst.w	r0, #288	@ 0x120
 80033f2:	d112      	bne.n	800341a <HAL_UART_IRQHandler+0x5a>
  if ((huart->ReceptionType == HAL_UART_RECEPTION_TOIDLE)
 80033f4:	6b21      	ldr	r1, [r4, #48]	@ 0x30
 80033f6:	2901      	cmp	r1, #1
 80033f8:	d079      	beq.n	80034ee <HAL_UART_IRQHandler+0x12e>
  if (((isrflags & USART_SR_TXE) != RESET) && ((cr1its & USART_CR1_TXEIE) != RESET))
 80033fa:	f013 0f80 	tst.w	r3, #128	@ 0x80
 80033fe:	d003      	beq.n	8003408 <HAL_UART_IRQHandler+0x48>
 8003400:	f010 0f80 	tst.w	r0, #128	@ 0x80
 8003404:	f040 8110 	bne.w	8003628 <HAL_UART_IRQHandler+0x268>
  if (((isrflags & USART_SR_TC) != RESET) && ((cr1its & USART_CR1_TCIE) != RESET))
 8003408:	f013 0f40 	tst.w	r3, #64	@ 0x40
 800340c:	d003      	beq.n	8003416 <HAL_UART_IRQHandler+0x56>
 800340e:	f010 0f40 	tst.w	r0, #64	@ 0x40
 8003412:	f040 810d 	bne.w	8003630 <HAL_UART_IRQHandler+0x270>
}
 8003416:	b002      	add	sp, #8
 8003418:	bd10      	pop	{r4, pc}
    if (((isrflags & USART_SR_PE) != RESET) && ((cr1its & USART_CR1_PEIE) != RESET))
 800341a:	f013 0f01 	tst.w	r3, #1
 800341e:	d006      	beq.n	800342e <HAL_UART_IRQHandler+0x6e>
 8003420:	f410 7f80 	tst.w	r0, #256	@ 0x100
 8003424:	d003      	beq.n	800342e <HAL_UART_IRQHandler+0x6e>
      huart->ErrorCode |= HAL_UART_ERROR_PE;
 8003426:	6c22      	ldr	r2, [r4, #64]	@ 0x40
 8003428:	f042 0201 	orr.w	r2, r2, #1
 800342c:	6422      	str	r2, [r4, #64]	@ 0x40
    if (((isrflags & USART_SR_NE) != RESET) && ((cr3its & USART_CR3_EIE) != RESET))
 800342e:	f013 0f04 	tst.w	r3, #4
 8003432:	d004      	beq.n	800343e <HAL_UART_IRQHandler+0x7e>
 8003434:	b119      	cbz	r1, 800343e <HAL_UART_IRQHandler+0x7e>
      huart->ErrorCode |= HAL_UART_ERROR_NE;
 8003436:	6c22      	ldr	r2, [r4, #64]	@ 0x40
 8003438:	f042 0202 	orr.w	r2, r2, #2
 800343c:	6422      	str	r2, [r4, #64]	@ 0x40
    if (((isrflags & USART_SR_FE) != RESET) && ((cr3its & USART_CR3_EIE) != RESET))
 800343e:	f013 0f02 	tst.w	r3, #2
 8003442:	d004      	beq.n	800344e <HAL_UART_IRQHandler+0x8e>
 8003444:	b119      	cbz	r1, 800344e <HAL_UART_IRQHandler+0x8e>
      huart->ErrorCode |= HAL_UART_ERROR_FE;
 8003446:	6c22      	ldr	r2, [r4, #64]	@ 0x40
 8003448:	f042 0204 	orr.w	r2, r2, #4
 800344c:	6422      	str	r2, [r4, #64]	@ 0x40
    if (((isrflags & USART_SR_ORE) != RESET) && (((cr1its & USART_CR1_RXNEIE) != RESET)
 800344e:	f013 0f08 	tst.w	r3, #8
 8003452:	d007      	beq.n	8003464 <HAL_UART_IRQHandler+0xa4>
 8003454:	f010 0f20 	tst.w	r0, #32
 8003458:	d100      	bne.n	800345c <HAL_UART_IRQHandler+0x9c>
                                                 || ((cr3its & USART_CR3_EIE) != RESET)))
 800345a:	b119      	cbz	r1, 8003464 <HAL_UART_IRQHandler+0xa4>
      huart->ErrorCode |= HAL_UART_ERROR_ORE;
 800345c:	6c22      	ldr	r2, [r4, #64]	@ 0x40
 800345e:	f042 0208 	orr.w	r2, r2, #8
 8003462:	6422      	str	r2, [r4, #64]	@ 0x40
    if (huart->ErrorCode != HAL_UART_ERROR_NONE)
 8003464:	6c22      	ldr	r2, [r4, #64]	@ 0x40
 8003466:	2a00      	cmp	r2, #0
 8003468:	d0d5      	beq.n	8003416 <HAL_UART_IRQHandler+0x56>
      if (((isrflags & USART_SR_RXNE) != RESET) && ((cr1its & USART_CR1_RXNEIE) != RESET))
 800346a:	f013 0f20 	tst.w	r3, #32
 800346e:	d002      	beq.n	8003476 <HAL_UART_IRQHandler+0xb6>
 8003470:	f010 0f20 	tst.w	r0, #32
 8003474:	d129      	bne.n	80034ca <HAL_UART_IRQHandler+0x10a>
      dmarequest = HAL_IS_BIT_SET(huart->Instance->CR3, USART_CR3_DMAR);
 8003476:	6823      	ldr	r3, [r4, #0]
 8003478:	695b      	ldr	r3, [r3, #20]
 800347a:	f003 0340 	and.w	r3, r3, #64	@ 0x40
      if (((huart->ErrorCode & HAL_UART_ERROR_ORE) != RESET) || dmarequest)
 800347e:	6c22      	ldr	r2, [r4, #64]	@ 0x40
 8003480:	f012 0f08 	tst.w	r2, #8
 8003484:	d100      	bne.n	8003488 <HAL_UART_IRQHandler+0xc8>
 8003486:	b363      	cbz	r3, 80034e2 <HAL_UART_IRQHandler+0x122>
        UART_EndRxTransfer(huart);
 8003488:	4620      	mov	r0, r4
 800348a:	f7ff fd5b 	bl	8002f44 <UART_EndRxTransfer>
        if (HAL_IS_BIT_SET(huart->Instance->CR3, USART_CR3_DMAR))
 800348e:	6823      	ldr	r3, [r4, #0]
 8003490:	695b      	ldr	r3, [r3, #20]
 8003492:	f013 0f40 	tst.w	r3, #64	@ 0x40
 8003496:	d020      	beq.n	80034da <HAL_UART_IRQHandler+0x11a>
          ATOMIC_CLEAR_BIT(huart->Instance->CR3, USART_CR3_DMAR);
 8003498:	6822      	ldr	r2, [r4, #0]
   __ASM volatile ("ldrex %0, %1" : "=r" (result) : "Q" (*addr) );
 800349a:	f102 0314 	add.w	r3, r2, #20
 800349e:	e853 3f00 	ldrex	r3, [r3]
 80034a2:	f023 0340 	bic.w	r3, r3, #64	@ 0x40
   __ASM volatile ("strex %0, %2, %1" : "=&r" (result), "=Q" (*addr) : "r" (value) );
 80034a6:	3214      	adds	r2, #20
 80034a8:	e842 3100 	strex	r1, r3, [r2]
 80034ac:	2900      	cmp	r1, #0
 80034ae:	d1f3      	bne.n	8003498 <HAL_UART_IRQHandler+0xd8>
          if (huart->hdmarx != NULL)
 80034b0:	6ba3      	ldr	r3, [r4, #56]	@ 0x38
 80034b2:	b173      	cbz	r3, 80034d2 <HAL_UART_IRQHandler+0x112>
            huart->hdmarx->XferAbortCallback = UART_DMAAbortOnError;
 80034b4:	4a60      	ldr	r2, [pc, #384]	@ (8003638 <HAL_UART_IRQHandler+0x278>)
 80034b6:	651a      	str	r2, [r3, #80]	@ 0x50
            if (HAL_DMA_Abort_IT(huart->hdmarx) != HAL_OK)
 80034b8:	6ba0      	ldr	r0, [r4, #56]	@ 0x38
 80034ba:	f7fe fb10 	bl	8001ade <HAL_DMA_Abort_IT>
 80034be:	2800      	cmp	r0, #0
 80034c0:	d0a9      	beq.n	8003416 <HAL_UART_IRQHandler+0x56>
              huart->hdmarx->XferAbortCallback(huart->hdmarx);
 80034c2:	6ba0      	ldr	r0, [r4, #56]	@ 0x38
 80034c4:	6d03      	ldr	r3, [r0, #80]	@ 0x50
 80034c6:	4798      	blx	r3
 80034c8:	e7a5      	b.n	8003416 <HAL_UART_IRQHandler+0x56>
        UART_Receive_IT(huart);
 80034ca:	4620      	mov	r0, r4
 80034cc:	f7ff ff07 	bl	80032de <UART_Receive_IT>
 80034d0:	e7d1      	b.n	8003476 <HAL_UART_IRQHandler+0xb6>
            HAL_UART_ErrorCallback(huart);
 80034d2:	4620      	mov	r0, r4
 80034d4:	f7fd fba4 	bl	8000c20 <HAL_UART_ErrorCallback>
 80034d8:	e79d      	b.n	8003416 <HAL_UART_IRQHandler+0x56>
          HAL_UART_ErrorCallback(huart);
 80034da:	4620      	mov	r0, r4
 80034dc:	f7fd fba0 	bl	8000c20 <HAL_UART_ErrorCallback>
 80034e0:	e799      	b.n	8003416 <HAL_UART_IRQHandler+0x56>
        HAL_UART_ErrorCallback(huart);
 80034e2:	4620      	mov	r0, r4
 80034e4:	f7fd fb9c 	bl	8000c20 <HAL_UART_ErrorCallback>
        huart->ErrorCode = HAL_UART_ERROR_NONE;
 80034e8:	2300      	movs	r3, #0
 80034ea:	6423      	str	r3, [r4, #64]	@ 0x40
    return;
 80034ec:	e793      	b.n	8003416 <HAL_UART_IRQHandler+0x56>
      && ((isrflags & USART_SR_IDLE) != 0U)
 80034ee:	f013 0f10 	tst.w	r3, #16
 80034f2:	d082      	beq.n	80033fa <HAL_UART_IRQHandler+0x3a>
      && ((cr1its & USART_SR_IDLE) != 0U))
 80034f4:	f010 0f10 	tst.w	r0, #16
 80034f8:	f43f af7f 	beq.w	80033fa <HAL_UART_IRQHandler+0x3a>
    __HAL_UART_CLEAR_IDLEFLAG(huart);
 80034fc:	2300      	movs	r3, #0
 80034fe:	9301      	str	r3, [sp, #4]
 8003500:	6813      	ldr	r3, [r2, #0]
 8003502:	9301      	str	r3, [sp, #4]
 8003504:	6853      	ldr	r3, [r2, #4]
 8003506:	9301      	str	r3, [sp, #4]
 8003508:	9b01      	ldr	r3, [sp, #4]
    if (HAL_IS_BIT_SET(huart->Instance->CR3, USART_CR3_DMAR))
 800350a:	6953      	ldr	r3, [r2, #20]
 800350c:	f013 0f40 	tst.w	r3, #64	@ 0x40
 8003510:	d050      	beq.n	80035b4 <HAL_UART_IRQHandler+0x1f4>
      uint16_t nb_remaining_rx_data = (uint16_t) __HAL_DMA_GET_COUNTER(huart->hdmarx);
 8003512:	6ba2      	ldr	r2, [r4, #56]	@ 0x38
 8003514:	6813      	ldr	r3, [r2, #0]
 8003516:	685b      	ldr	r3, [r3, #4]
 8003518:	b29b      	uxth	r3, r3
      if ((nb_remaining_rx_data > 0U)
 800351a:	2b00      	cmp	r3, #0
 800351c:	f43f af7b 	beq.w	8003416 <HAL_UART_IRQHandler+0x56>
          && (nb_remaining_rx_data < huart->RxXferSize))
 8003520:	8da1      	ldrh	r1, [r4, #44]	@ 0x2c
 8003522:	4299      	cmp	r1, r3
 8003524:	f67f af77 	bls.w	8003416 <HAL_UART_IRQHandler+0x56>
        huart->RxXferCount = nb_remaining_rx_data;
 8003528:	85e3      	strh	r3, [r4, #46]	@ 0x2e
        if (huart->hdmarx->Init.Mode != DMA_CIRCULAR)
 800352a:	69d3      	ldr	r3, [r2, #28]
 800352c:	f5b3 7f80 	cmp.w	r3, #256	@ 0x100
 8003530:	d037      	beq.n	80035a2 <HAL_UART_IRQHandler+0x1e2>
          ATOMIC_CLEAR_BIT(huart->Instance->CR1, USART_CR1_PEIE);
 8003532:	6822      	ldr	r2, [r4, #0]
   __ASM volatile ("ldrex %0, %1" : "=r" (result) : "Q" (*addr) );
 8003534:	f102 030c 	add.w	r3, r2, #12
 8003538:	e853 3f00 	ldrex	r3, [r3]
 800353c:	f423 7380 	bic.w	r3, r3, #256	@ 0x100
   __ASM volatile ("strex %0, %2, %1" : "=&r" (result), "=Q" (*addr) : "r" (value) );
 8003540:	320c      	adds	r2, #12
 8003542:	e842 3100 	strex	r1, r3, [r2]
 8003546:	2900      	cmp	r1, #0
 8003548:	d1f3      	bne.n	8003532 <HAL_UART_IRQHandler+0x172>
          ATOMIC_CLEAR_BIT(huart->Instance->CR3, USART_CR3_EIE);
 800354a:	6822      	ldr	r2, [r4, #0]
   __ASM volatile ("ldrex %0, %1" : "=r" (result) : "Q" (*addr) );
 800354c:	f102 0314 	add.w	r3, r2, #20
 8003550:	e853 3f00 	ldrex	r3, [r3]
 8003554:	f023 0301 	bic.w	r3, r3, #1
   __ASM volatile ("strex %0, %2, %1" : "=&r" (result), "=Q" (*addr) : "r" (value) );
 8003558:	3214      	adds	r2, #20
 800355a:	e842 3100 	strex	r1, r3, [r2]
 800355e:	2900      	cmp	r1, #0
 8003560:	d1f3      	bne.n	800354a <HAL_UART_IRQHandler+0x18a>
          ATOMIC_CLEAR_BIT(huart->Instance->CR3, USART_CR3_DMAR);
 8003562:	6822      	ldr	r2, [r4, #0]
   __ASM volatile ("ldrex %0, %1" : "=r" (result) : "Q" (*addr) );
 8003564:	f102 0314 	add.w	r3, r2, #20
 8003568:	e853 3f00 	ldrex	r3, [r3]
 800356c:	f023 0340 	bic.w	r3, r3, #64	@ 0x40
   __ASM volatile ("strex %0, %2, %1" : "=&r" (result), "=Q" (*addr) : "r" (value) );
 8003570:	3214      	adds	r2, #20
 8003572:	e842 3100 	strex	r1, r3, [r2]
 8003576:	2900      	cmp	r1, #0
 8003578:	d1f3      	bne.n	8003562 <HAL_UART_IRQHandler+0x1a2>
          huart->RxState = HAL_UART_STATE_READY;
 800357a:	2320      	movs	r3, #32
 800357c:	f884 303e 	strb.w	r3, [r4, #62]	@ 0x3e
          huart->ReceptionType = HAL_UART_RECEPTION_STANDARD;
 8003580:	2300      	movs	r3, #0
 8003582:	6323      	str	r3, [r4, #48]	@ 0x30
          ATOMIC_CLEAR_BIT(huart->Instance->CR1, USART_CR1_IDLEIE);
 8003584:	6822      	ldr	r2, [r4, #0]
   __ASM volatile ("ldrex %0, %1" : "=r" (result) : "Q" (*addr) );
 8003586:	f102 030c 	add.w	r3, r2, #12
 800358a:	e853 3f00 	ldrex	r3, [r3]
 800358e:	f023 0310 	bic.w	r3, r3, #16
   __ASM volatile ("strex %0, %2, %1" : "=&r" (result), "=Q" (*addr) : "r" (value) );
 8003592:	320c      	adds	r2, #12
 8003594:	e842 3100 	strex	r1, r3, [r2]
 8003598:	2900      	cmp	r1, #0
 800359a:	d1f3      	bne.n	8003584 <HAL_UART_IRQHandler+0x1c4>
          (void)HAL_DMA_Abort(huart->hdmarx);
 800359c:	6ba0      	ldr	r0, [r4, #56]	@ 0x38
 800359e:	f7fe fa55 	bl	8001a4c <HAL_DMA_Abort>
        HAL_UARTEx_RxEventCallback(huart, (huart->RxXferSize - huart->RxXferCount));
 80035a2:	8da1      	ldrh	r1, [r4, #44]	@ 0x2c
 80035a4:	8de3      	ldrh	r3, [r4, #46]	@ 0x2e
 80035a6:	b29b      	uxth	r3, r3
 80035a8:	1ac9      	subs	r1, r1, r3
 80035aa:	b289      	uxth	r1, r1
 80035ac:	4620      	mov	r0, r4
 80035ae:	f7ff fe95 	bl	80032dc <HAL_UARTEx_RxEventCallback>
      return;
 80035b2:	e730      	b.n	8003416 <HAL_UART_IRQHandler+0x56>
      uint16_t nb_rx_data = huart->RxXferSize - huart->RxXferCount;
 80035b4:	8da1      	ldrh	r1, [r4, #44]	@ 0x2c
 80035b6:	8de3      	ldrh	r3, [r4, #46]	@ 0x2e
 80035b8:	b29b      	uxth	r3, r3
 80035ba:	1ac9      	subs	r1, r1, r3
 80035bc:	b289      	uxth	r1, r1
      if ((huart->RxXferCount > 0U)
 80035be:	8de3      	ldrh	r3, [r4, #46]	@ 0x2e
 80035c0:	b29b      	uxth	r3, r3
 80035c2:	2b00      	cmp	r3, #0
 80035c4:	f43f af27 	beq.w	8003416 <HAL_UART_IRQHandler+0x56>
          && (nb_rx_data > 0U))
 80035c8:	2900      	cmp	r1, #0
 80035ca:	f43f af24 	beq.w	8003416 <HAL_UART_IRQHandler+0x56>
        ATOMIC_CLEAR_BIT(huart->Instance->CR1, (USART_CR1_RXNEIE | USART_CR1_PEIE));
 80035ce:	6822      	ldr	r2, [r4, #0]
   __ASM volatile ("ldrex %0, %1" : "=r" (result) : "Q" (*addr) );
 80035d0:	f102 030c 	add.w	r3, r2, #12
 80035d4:	e853 3f00 	ldrex	r3, [r3]
 80035d8:	f423 7390 	bic.w	r3, r3, #288	@ 0x120
   __ASM volatile ("strex %0, %2, %1" : "=&r" (result), "=Q" (*addr) : "r" (value) );
 80035dc:	320c      	adds	r2, #12
 80035de:	e842 3000 	strex	r0, r3, [r2]
 80035e2:	2800      	cmp	r0, #0
 80035e4:	d1f3      	bne.n	80035ce <HAL_UART_IRQHandler+0x20e>
        ATOMIC_CLEAR_BIT(huart->Instance->CR3, USART_CR3_EIE);
 80035e6:	6822      	ldr	r2, [r4, #0]
   __ASM volatile ("ldrex %0, %1" : "=r" (result) : "Q" (*addr) );
 80035e8:	f102 0314 	add.w	r3, r2, #20
 80035ec:	e853 3f00 	ldrex	r3, [r3]
 80035f0:	f023 0301 	bic.w	r3, r3, #1
   __ASM volatile ("strex %0, %2, %1" : "=&r" (result), "=Q" (*addr) : "r" (value) );
 80035f4:	3214      	adds	r2, #20
 80035f6:	e842 3000 	strex	r0, r3, [r2]
 80035fa:	2800      	cmp	r0, #0
 80035fc:	d1f3      	bne.n	80035e6 <HAL_UART_IRQHandler+0x226>
        huart->RxState = HAL_UART_STATE_READY;
 80035fe:	2320      	movs	r3, #32
 8003600:	f884 303e 	strb.w	r3, [r4, #62]	@ 0x3e
        huart->ReceptionType = HAL_UART_RECEPTION_STANDARD;
 8003604:	2300      	movs	r3, #0
 8003606:	6323      	str	r3, [r4, #48]	@ 0x30
        ATOMIC_CLEAR_BIT(huart->Instance->CR1, USART_CR1_IDLEIE);
 8003608:	6822      	ldr	r2, [r4, #0]
   __ASM volatile ("ldrex %0, %1" : "=r" (result) : "Q" (*addr) );
 800360a:	f102 030c 	add.w	r3, r2, #12
 800360e:	e853 3f00 	ldrex	r3, [r3]
 8003612:	f023 0310 	bic.w	r3, r3, #16
   __ASM volatile ("strex %0, %2, %1" : "=&r" (result), "=Q" (*addr) : "r" (value) );
 8003616:	320c      	adds	r2, #12
 8003618:	e842 3000 	strex	r0, r3, [r2]
 800361c:	2800      	cmp	r0, #0
 800361e:	d1f3      	bne.n	8003608 <HAL_UART_IRQHandler+0x248>
        HAL_UARTEx_RxEventCallback(huart, nb_rx_data);
 8003620:	4620      	mov	r0, r4
 8003622:	f7ff fe5b 	bl	80032dc <HAL_UARTEx_RxEventCallback>
      return;
 8003626:	e6f6      	b.n	8003416 <HAL_UART_IRQHandler+0x56>
    UART_Transmit_IT(huart);
 8003628:	4620      	mov	r0, r4
 800362a:	f7ff fcb9 	bl	8002fa0 <UART_Transmit_IT>
    return;
 800362e:	e6f2      	b.n	8003416 <HAL_UART_IRQHandler+0x56>
    UART_EndTransmit_IT(huart);
 8003630:	4620      	mov	r0, r4
 8003632:	f7ff fe0f 	bl	8003254 <UART_EndTransmit_IT>
    return;
 8003636:	e6ee      	b.n	8003416 <HAL_UART_IRQHandler+0x56>
 8003638:	080032cd 	.word	0x080032cd

0800363c <HAL_UART_GetState>:
  temp1 = huart->gState;
 800363c:	f890 303d 	ldrb.w	r3, [r0, #61]	@ 0x3d
  temp2 = huart->RxState;
 8003640:	f890 003e 	ldrb.w	r0, [r0, #62]	@ 0x3e
}
 8003644:	4318      	orrs	r0, r3
 8003646:	4770      	bx	lr

08003648 <UART_Start_Receive_IT>:
  huart->pRxBuffPtr = pData;
 8003648:	6281      	str	r1, [r0, #40]	@ 0x28
  huart->RxXferSize = Size;
 800364a:	8582      	strh	r2, [r0, #44]	@ 0x2c
  huart->RxXferCount = Size;
 800364c:	85c2      	strh	r2, [r0, #46]	@ 0x2e
  huart->ErrorCode = HAL_UART_ERROR_NONE;
 800364e:	2300      	movs	r3, #0
 8003650:	6403      	str	r3, [r0, #64]	@ 0x40
  huart->RxState = HAL_UART_STATE_BUSY_RX;
 8003652:	2222      	movs	r2, #34	@ 0x22
 8003654:	f880 203e 	strb.w	r2, [r0, #62]	@ 0x3e
  __HAL_UNLOCK(huart);
 8003658:	f880 303c 	strb.w	r3, [r0, #60]	@ 0x3c
  if (huart->Init.Parity != UART_PARITY_NONE)
 800365c:	6903      	ldr	r3, [r0, #16]
 800365e:	b123      	cbz	r3, 800366a <UART_Start_Receive_IT+0x22>
    __HAL_UART_ENABLE_IT(huart, UART_IT_PE);
 8003660:	6802      	ldr	r2, [r0, #0]
 8003662:	68d3      	ldr	r3, [r2, #12]
 8003664:	f443 7380 	orr.w	r3, r3, #256	@ 0x100
 8003668:	60d3      	str	r3, [r2, #12]
  __HAL_UART_ENABLE_IT(huart, UART_IT_ERR);
 800366a:	6802      	ldr	r2, [r0, #0]
 800366c:	6953      	ldr	r3, [r2, #20]
 800366e:	f043 0301 	orr.w	r3, r3, #1
 8003672:	6153      	str	r3, [r2, #20]
  __HAL_UART_ENABLE_IT(huart, UART_IT_RXNE);
 8003674:	6802      	ldr	r2, [r0, #0]
 8003676:	68d3      	ldr	r3, [r2, #12]
 8003678:	f043 0320 	orr.w	r3, r3, #32
 800367c:	60d3      	str	r3, [r2, #12]
}
 800367e:	2000      	movs	r0, #0
 8003680:	4770      	bx	lr

08003682 <HAL_UART_Receive_IT>:
{
 8003682:	b508      	push	{r3, lr}
  if (huart->RxState == HAL_UART_STATE_READY)
 8003684:	f890 303e 	ldrb.w	r3, [r0, #62]	@ 0x3e
 8003688:	2b20      	cmp	r3, #32
 800368a:	d10d      	bne.n	80036a8 <HAL_UART_Receive_IT+0x26>
    if ((pData == NULL) || (Size == 0U))
 800368c:	b171      	cbz	r1, 80036ac <HAL_UART_Receive_IT+0x2a>
 800368e:	b17a      	cbz	r2, 80036b0 <HAL_UART_Receive_IT+0x2e>
    __HAL_LOCK(huart);
 8003690:	f890 303c 	ldrb.w	r3, [r0, #60]	@ 0x3c
 8003694:	2b01      	cmp	r3, #1
 8003696:	d00d      	beq.n	80036b4 <HAL_UART_Receive_IT+0x32>
 8003698:	2301      	movs	r3, #1
 800369a:	f880 303c 	strb.w	r3, [r0, #60]	@ 0x3c
    huart->ReceptionType = HAL_UART_RECEPTION_STANDARD;
 800369e:	2300      	movs	r3, #0
 80036a0:	6303      	str	r3, [r0, #48]	@ 0x30
    return (UART_Start_Receive_IT(huart, pData, Size));
 80036a2:	f7ff ffd1 	bl	8003648 <UART_Start_Receive_IT>
 80036a6:	e000      	b.n	80036aa <HAL_UART_Receive_IT+0x28>
    return HAL_BUSY;
 80036a8:	2002      	movs	r0, #2
}
 80036aa:	bd08      	pop	{r3, pc}
      return HAL_ERROR;
 80036ac:	2001      	movs	r0, #1
 80036ae:	e7fc      	b.n	80036aa <HAL_UART_Receive_IT+0x28>
 80036b0:	2001      	movs	r0, #1
 80036b2:	e7fa      	b.n	80036aa <HAL_UART_Receive_IT+0x28>
    __HAL_LOCK(huart);
 80036b4:	2002      	movs	r0, #2
 80036b6:	e7f8      	b.n	80036aa <HAL_UART_Receive_IT+0x28>

080036b8 <__NVIC_SystemReset>:
  __ASM volatile ("dsb 0xF":::"memory");
 80036b8:	f3bf 8f4f 	dsb	sy
                           (SCB->AIRCR & SCB_AIRCR_PRIGROUP_Msk) |
 80036bc:	4905      	ldr	r1, [pc, #20]	@ (80036d4 <__NVIC_SystemReset+0x1c>)
 80036be:	68ca      	ldr	r2, [r1, #12]
 80036c0:	f402 62e0 	and.w	r2, r2, #1792	@ 0x700
  SCB->AIRCR  = (uint32_t)((0x5FAUL << SCB_AIRCR_VECTKEY_Pos)    |
 80036c4:	4b04      	ldr	r3, [pc, #16]	@ (80036d8 <__NVIC_SystemReset+0x20>)
 80036c6:	4313      	orrs	r3, r2
 80036c8:	60cb      	str	r3, [r1, #12]
 80036ca:	f3bf 8f4f 	dsb	sy
    __NOP();
 80036ce:	bf00      	nop
  for(;;)                                                           /* wait until reset */
 80036d0:	e7fd      	b.n	80036ce <__NVIC_SystemReset+0x16>
 80036d2:	bf00      	nop
 80036d4:	e000ed00 	.word	0xe000ed00
 80036d8:	05fa0004 	.word	0x05fa0004

080036dc <NMI_Handler>:
void
NMI_Handler(void) {
    /* USER CODE BEGIN NonMaskableInt_IRQn 0 */
    /* USER CODE END NonMaskableInt_IRQn 0 */
    /* USER CODE BEGIN NonMaskableInt_IRQn 1 */
    while (1) {
 80036dc:	e7fe      	b.n	80036dc <NMI_Handler>

080036de <HardFault_Handler>:
  */
void 
HardFault_Handler(void) {
    /* USER CODE BEGIN HardFault_IRQn 0 */
    /* USER CODE END HardFault_IRQn 0 */
    while (1) {
 80036de:	e7fe      	b.n	80036de <HardFault_Handler>

080036e0 <MemManage_Handler>:
  */
void 
MemManage_Handler(void) {
    /* USER CODE BEGIN MemoryManagement_IRQn 0 */
    /* USER CODE END MemoryManagement_IRQn 0 */
    while (1) {
 80036e0:	e7fe      	b.n	80036e0 <MemManage_Handler>

080036e2 <BusFault_Handler>:
  */
void 
BusFault_Handler(void) {
    /* USER CODE BEGIN BusFault_IRQn 0 */
    /* USER CODE END BusFault_IRQn 0 */
    while (1) {
 80036e2:	e7fe      	b.n	80036e2 <BusFault_Handler>

080036e4 <UsageFault_Handler>:

/**
  * @brief This function handles Undefined instruction or illegal state.
  */
void 
UsageFault_Handler(void) {
 80036e4:	b508      	push	{r3, lr}
    /* USER CODE BEGIN UsageFault_IRQn 0 */
    NVIC_SystemReset();
 80036e6:	f7ff ffe7 	bl	80036b8 <__NVIC_SystemReset>

080036ea <SVC_Handler>:
SVC_Handler(void) {
    /* USER CODE BEGIN SVCall_IRQn 0 */
    /* USER CODE END SVCall_IRQn 0 */
    /* USER CODE BEGIN SVCall_IRQn 1 */
    /* USER CODE END SVCall_IRQn 1 */
}
 80036ea:	4770      	bx	lr

080036ec <DebugMon_Handler>:
DebugMon_Handler(void) {
    /* USER CODE BEGIN DebugMonitor_IRQn 0 */
    /* USER CODE END DebugMonitor_IRQn 0 */
    /* USER CODE BEGIN DebugMonitor_IRQn 1 */
    /* USER CODE END DebugMonitor_IRQn 1 */
}
 80036ec:	4770      	bx	lr

080036ee <PendSV_Handler>:
PendSV_Handler(void) {
    /* USER CODE BEGIN PendSV_IRQn 0 */
    /* USER CODE END PendSV_IRQn 0 */
    /* USER CODE BEGIN PendSV_IRQn 1 */
    /* USER CODE END PendSV_IRQn 1 */
}
 80036ee:	4770      	bx	lr

080036f0 <SysTick_Handler>:

/**
  * @brief This function handles System tick timer.
  */
void 
SysTick_Handler(void) {
 80036f0:	b508      	push	{r3, lr}
    /* USER CODE BEGIN SysTick_IRQn 0 */
    /* USER CODE END SysTick_IRQn 0 */
    HAL_IncTick();
 80036f2:	f7fd fb0b 	bl	8000d0c <HAL_IncTick>
    /* USER CODE BEGIN SysTick_IRQn 1 */
    /* USER CODE END SysTick_IRQn 1 */
}
 80036f6:	bd08      	pop	{r3, pc}

080036f8 <ADC_IRQHandler>:

/**
  * @brief This function handles ADC1, ADC2 and ADC3 interrupts.
  */
void 
ADC_IRQHandler(void) {
 80036f8:	b508      	push	{r3, lr}
  /* USER CODE BEGIN ADC_IRQn 0 */

  /* USER CODE END ADC_IRQn 0 */
  HAL_ADC_IRQHandler(&hadc1);
 80036fa:	4802      	ldr	r0, [pc, #8]	@ (8003704 <ADC_IRQHandler+0xc>)
 80036fc:	f7fd fd02 	bl	8001104 <HAL_ADC_IRQHandler>
  /* USER CODE BEGIN ADC_IRQn 1 */

  /* USER CODE END ADC_IRQn 1 */
}
 8003700:	bd08      	pop	{r3, pc}
 8003702:	bf00      	nop
 8003704:	2001212c 	.word	0x2001212c

08003708 <TIM2_IRQHandler>:

/**
  * @brief This function handles TIM2 global interrupt.
  */
void 
TIM2_IRQHandler(void) {
 8003708:	b508      	push	{r3, lr}
  /* USER CODE BEGIN TIM2_IRQn 0 */
  /* USER CODE END TIM2_IRQn 0 */
  HAL_TIM_IRQHandler(&htim2);
 800370a:	4802      	ldr	r0, [pc, #8]	@ (8003714 <TIM2_IRQHandler+0xc>)
 800370c:	f7ff f9e9 	bl	8002ae2 <HAL_TIM_IRQHandler>
  /* USER CODE BEGIN TIM2_IRQn 1 */
  /* USER CODE END TIM2_IRQn 1 */
}
 8003710:	bd08      	pop	{r3, pc}
 8003712:	bf00      	nop
 8003714:	20012084 	.word	0x20012084

08003718 <TIM6_DAC_IRQHandler>:

/**
  * @brief This function handles TIM6 global interrupt and DAC1, DAC2 underrun error interrupts.
  */
void 
TIM6_DAC_IRQHandler(void) {
 8003718:	b508      	push	{r3, lr}
  /* USER CODE BEGIN TIM6_DAC_IRQn 0 */
  /* USER CODE END TIM6_DAC_IRQn 0 */
  HAL_DAC_IRQHandler(&hdac);
 800371a:	4802      	ldr	r0, [pc, #8]	@ (8003724 <TIM6_DAC_IRQHandler+0xc>)
 800371c:	f7fe f800 	bl	8001720 <HAL_DAC_IRQHandler>
  /* USER CODE BEGIN TIM6_DAC_IRQn 1 */
  /* USER CODE END TIM6_DAC_IRQn 1 */
}
 8003720:	bd08      	pop	{r3, pc}
 8003722:	bf00      	nop
 8003724:	200121d4 	.word	0x200121d4

08003728 <DMA2_Stream0_IRQHandler>:

/**
  * @brief This function handles DMA2 stream0 global interrupt (for ADC1).
  */
void 
DMA2_Stream0_IRQHandler(void) {
 8003728:	b508      	push	{r3, lr}
  /* USER CODE BEGIN DMA2_Stream0_IRQn 0 */
  /* USER CODE END DMA2_Stream0_IRQn 0 */
  HAL_DMA_IRQHandler(&hdma_adc1);
 800372a:	4802      	ldr	r0, [pc, #8]	@ (8003734 <DMA2_Stream0_IRQHandler+0xc>)
 800372c:	f7fe f9ea 	bl	8001b04 <HAL_DMA_IRQHandler>
  /* USER CODE BEGIN DMA2_Stream0_IRQn 1 */
  /* USER CODE END DMA2_Stream0_IRQn 1 */
}
 8003730:	bd08      	pop	{r3, pc}
 8003732:	bf00      	nop
 8003734:	200120cc 	.word	0x200120cc

08003738 <DMA1_Stream5_IRQHandler>:

/**
  * @brief This function handles DMA DAC Channel1 global interrupt.
  */
void 
DMA1_Stream5_IRQHandler(void) {
 8003738:	b508      	push	{r3, lr}
    /* USER CODE BEGIN DMA1_Stream5_IRQn 0 */
    /* USER CODE END DMA1_Stream5_IRQn 0 */
    HAL_DMA_IRQHandler(&hdma_dac);
 800373a:	4802      	ldr	r0, [pc, #8]	@ (8003744 <DMA1_Stream5_IRQHandler+0xc>)
 800373c:	f7fe f9e2 	bl	8001b04 <HAL_DMA_IRQHandler>
    /* USER CODE BEGIN DMA1_Stream5_IRQn 1 */
    /* USER CODE END DMA1_Stream5_IRQn 1 */
}
 8003740:	bd08      	pop	{r3, pc}
 8003742:	bf00      	nop
 8003744:	20012174 	.word	0x20012174

08003748 <DMA1_Stream6_IRQHandler>:

/**
  * @brief This function handles DMA DAC Channel2 global interrupt.
  */
void 
DMA1_Stream6_IRQHandler(void) {
 8003748:	b508      	push	{r3, lr}
    /* USER CODE BEGIN DMA1_Stream6_IRQn 0 */
    /* USER CODE END DMA1_Stream6_IRQn 0 */
    HAL_DMA_IRQHandler(&hdma_dac);
 800374a:	4802      	ldr	r0, [pc, #8]	@ (8003754 <DMA1_Stream6_IRQHandler+0xc>)
 800374c:	f7fe f9da 	bl	8001b04 <HAL_DMA_IRQHandler>
    //HAL_DMA_IRQHandler(&hdma_usart2_tx);
    /* USER CODE BEGIN DMA1_Stream6_IRQn 1 */
    /* USER CODE END DMA1_Stream6_IRQn 1 */
}
 8003750:	bd08      	pop	{r3, pc}
 8003752:	bf00      	nop
 8003754:	20012174 	.word	0x20012174

08003758 <EXTI4_IRQHandler>:

/**
  * @brief This function handles EXTI line 4 interrupt.
  */
void
EXTI4_IRQHandler(void) {
 8003758:	b508      	push	{r3, lr}
  /* USER CODE BEGIN EXTI4_IRQn 0 */
  /* USER CODE END EXTI4_IRQn 0 */
  HAL_GPIO_EXTI_IRQHandler(RampMinPB_Pin);
 800375a:	2010      	movs	r0, #16
 800375c:	f7fe fbc0 	bl	8001ee0 <HAL_GPIO_EXTI_IRQHandler>
  /* USER CODE BEGIN EXTI4_IRQn 1 */
  /* USER CODE END EXTI4_IRQn 1 */
}
 8003760:	bd08      	pop	{r3, pc}

08003762 <EXTI9_5_IRQHandler>:

/**
  * @brief This function handles EXTI line[9:5] interrupts.
  */
void
EXTI9_5_IRQHandler(void) {
 8003762:	b508      	push	{r3, lr}
  /* USER CODE BEGIN EXTI9_5_IRQn 0 */
  /* USER CODE END EXTI9_5_IRQn 0 */
  HAL_GPIO_EXTI_IRQHandler(RampMaxPB_Pin);
 8003764:	2020      	movs	r0, #32
 8003766:	f7fe fbbb 	bl	8001ee0 <HAL_GPIO_EXTI_IRQHandler>
  HAL_GPIO_EXTI_IRQHandler(RampStartPB_Pin);
 800376a:	2040      	movs	r0, #64	@ 0x40
 800376c:	f7fe fbb8 	bl	8001ee0 <HAL_GPIO_EXTI_IRQHandler>
  /* USER CODE BEGIN EXTI9_5_IRQn 1 */
  /* USER CODE END EXTI9_5_IRQn 1 */
}
 8003770:	bd08      	pop	{r3, pc}

08003772 <EXTI15_10_IRQHandler>:

/**
  * @brief This function handles EXTI line[15:10] interrupts.
  */
void 
EXTI15_10_IRQHandler(void) {
 8003772:	b508      	push	{r3, lr}
    /* USER CODE BEGIN EXTI15_10_IRQn 0 */
    /* USER CODE END EXTI15_10_IRQn 0 */
    HAL_GPIO_EXTI_IRQHandler(B1_Pin);
 8003774:	f44f 5000 	mov.w	r0, #8192	@ 0x2000
 8003778:	f7fe fbb2 	bl	8001ee0 <HAL_GPIO_EXTI_IRQHandler>
    /* USER CODE BEGIN EXTI15_10_IRQn 1 */
    /* USER CODE END EXTI15_10_IRQn 1 */
}
 800377c:	bd08      	pop	{r3, pc}
	...

08003780 <USART2_IRQHandler>:

/**
  * @brief This function handles USART2 global interrupt.
  */
void
USART2_IRQHandler(void) {
 8003780:	b508      	push	{r3, lr}
    /* USER CODE BEGIN USART2_IRQn 0 */
    /* USER CODE END USART2_IRQn 0   */
    HAL_UART_IRQHandler(&huart2);
 8003782:	4802      	ldr	r0, [pc, #8]	@ (800378c <USART2_IRQHandler+0xc>)
 8003784:	f7ff fe1c 	bl	80033c0 <HAL_UART_IRQHandler>
    /* USER CODE BEGIN USART2_IRQn 1 */
    /* USER CODE END USART2_IRQn 1   */
}
 8003788:	bd08      	pop	{r3, pc}
 800378a:	bf00      	nop
 800378c:	20012040 	.word	0x20012040

08003790 <SystemInit>:
  */
void SystemInit(void)
{
  /* FPU settings ------------------------------------------------------------*/
  #if (__FPU_PRESENT == 1) && (__FPU_USED == 1)
    SCB->CPACR |= ((3UL << 10*2)|(3UL << 11*2));  /* set CP10 and CP11 Full Access */
 8003790:	4a03      	ldr	r2, [pc, #12]	@ (80037a0 <SystemInit+0x10>)
 8003792:	f8d2 3088 	ldr.w	r3, [r2, #136]	@ 0x88
 8003796:	f443 0370 	orr.w	r3, r3, #15728640	@ 0xf00000
 800379a:	f8c2 3088 	str.w	r3, [r2, #136]	@ 0x88

  /* Configure the Vector Table location -------------------------------------*/
#if defined(USER_VECT_TAB_ADDRESS)
  SCB->VTOR = VECT_TAB_BASE_ADDRESS | VECT_TAB_OFFSET; /* Vector Table Relocation in Internal SRAM */
#endif /* USER_VECT_TAB_ADDRESS */
}
 800379e:	4770      	bx	lr
 80037a0:	e000ed00 	.word	0xe000ed00

080037a4 <Reset_Handler>:

    .section  .text.Reset_Handler
  .weak  Reset_Handler
  .type  Reset_Handler, %function
Reset_Handler:  
  ldr   sp, =_estack      /* set stack pointer */
 80037a4:	f8df d034 	ldr.w	sp, [pc, #52]	@ 80037dc <LoopFillZerobss+0x12>

/* Copy the data segment initializers from flash to SRAM */  
  ldr r0, =_sdata
 80037a8:	480d      	ldr	r0, [pc, #52]	@ (80037e0 <LoopFillZerobss+0x16>)
  ldr r1, =_edata
 80037aa:	490e      	ldr	r1, [pc, #56]	@ (80037e4 <LoopFillZerobss+0x1a>)
  ldr r2, =_sidata
 80037ac:	4a0e      	ldr	r2, [pc, #56]	@ (80037e8 <LoopFillZerobss+0x1e>)
  movs r3, #0
 80037ae:	2300      	movs	r3, #0
  b LoopCopyDataInit
 80037b0:	e002      	b.n	80037b8 <LoopCopyDataInit>

080037b2 <CopyDataInit>:

CopyDataInit:
  ldr r4, [r2, r3]
 80037b2:	58d4      	ldr	r4, [r2, r3]
  str r4, [r0, r3]
 80037b4:	50c4      	str	r4, [r0, r3]
  adds r3, r3, #4
 80037b6:	3304      	adds	r3, #4

080037b8 <LoopCopyDataInit>:

LoopCopyDataInit:
  adds r4, r0, r3
 80037b8:	18c4      	adds	r4, r0, r3
  cmp r4, r1
 80037ba:	428c      	cmp	r4, r1
  bcc CopyDataInit
 80037bc:	d3f9      	bcc.n	80037b2 <CopyDataInit>
  
/* Zero fill the bss segment. */
  ldr r2, =_sbss
 80037be:	4a0b      	ldr	r2, [pc, #44]	@ (80037ec <LoopFillZerobss+0x22>)
  ldr r4, =_ebss
 80037c0:	4c0b      	ldr	r4, [pc, #44]	@ (80037f0 <LoopFillZerobss+0x26>)
  movs r3, #0
 80037c2:	2300      	movs	r3, #0
  b LoopFillZerobss
 80037c4:	e001      	b.n	80037ca <LoopFillZerobss>

080037c6 <FillZerobss>:

FillZerobss:
  str  r3, [r2]
 80037c6:	6013      	str	r3, [r2, #0]
  adds r2, r2, #4
 80037c8:	3204      	adds	r2, #4

080037ca <LoopFillZerobss>:

LoopFillZerobss:
  cmp r2, r4
 80037ca:	42a2      	cmp	r2, r4
  bcc FillZerobss
 80037cc:	d3fb      	bcc.n	80037c6 <FillZerobss>

/* Call the clock system initialization function.*/
  bl  SystemInit   
 80037ce:	f7ff ffdf 	bl	8003790 <SystemInit>
/* Call static constructors */
    bl __libc_init_array
 80037d2:	f000 f819 	bl	8003808 <__libc_init_array>
/* Call the application's entry point.*/
  bl  main
 80037d6:	f7fd f909 	bl	80009ec <main>
  bx  lr    
 80037da:	4770      	bx	lr
  ldr   sp, =_estack      /* set stack pointer */
 80037dc:	20020000 	.word	0x20020000
  ldr r0, =_sdata
 80037e0:	20000000 	.word	0x20000000
  ldr r1, =_edata
 80037e4:	20000010 	.word	0x20000010
  ldr r2, =_sidata
 80037e8:	08003b90 	.word	0x08003b90
  ldr r2, =_sbss
 80037ec:	20000010 	.word	0x20000010
  ldr r4, =_ebss
 80037f0:	200121f0 	.word	0x200121f0

080037f4 <CAN1_RX0_IRQHandler>:
 * @retval None       
*/
    .section  .text.Default_Handler,"ax",%progbits
Default_Handler:
Infinite_Loop:
  b  Infinite_Loop
 80037f4:	e7fe      	b.n	80037f4 <CAN1_RX0_IRQHandler>

080037f6 <memset>:
 80037f6:	4402      	add	r2, r0
 80037f8:	4603      	mov	r3, r0
 80037fa:	4293      	cmp	r3, r2
 80037fc:	d100      	bne.n	8003800 <memset+0xa>
 80037fe:	4770      	bx	lr
 8003800:	f803 1b01 	strb.w	r1, [r3], #1
 8003804:	e7f9      	b.n	80037fa <memset+0x4>
	...

08003808 <__libc_init_array>:
 8003808:	b570      	push	{r4, r5, r6, lr}
 800380a:	4b0d      	ldr	r3, [pc, #52]	@ (8003840 <__libc_init_array+0x38>)
 800380c:	4d0d      	ldr	r5, [pc, #52]	@ (8003844 <__libc_init_array+0x3c>)
 800380e:	1b5b      	subs	r3, r3, r5
 8003810:	109c      	asrs	r4, r3, #2
 8003812:	2600      	movs	r6, #0
 8003814:	42a6      	cmp	r6, r4
 8003816:	d109      	bne.n	800382c <__libc_init_array+0x24>
 8003818:	f000 f996 	bl	8003b48 <_init>
 800381c:	4d0a      	ldr	r5, [pc, #40]	@ (8003848 <__libc_init_array+0x40>)
 800381e:	4b0b      	ldr	r3, [pc, #44]	@ (800384c <__libc_init_array+0x44>)
 8003820:	1b5b      	subs	r3, r3, r5
 8003822:	109c      	asrs	r4, r3, #2
 8003824:	2600      	movs	r6, #0
 8003826:	42a6      	cmp	r6, r4
 8003828:	d105      	bne.n	8003836 <__libc_init_array+0x2e>
 800382a:	bd70      	pop	{r4, r5, r6, pc}
 800382c:	f855 3b04 	ldr.w	r3, [r5], #4
 8003830:	4798      	blx	r3
 8003832:	3601      	adds	r6, #1
 8003834:	e7ee      	b.n	8003814 <__libc_init_array+0xc>
 8003836:	f855 3b04 	ldr.w	r3, [r5], #4
 800383a:	4798      	blx	r3
 800383c:	3601      	adds	r6, #1
 800383e:	e7f2      	b.n	8003826 <__libc_init_array+0x1e>
 8003840:	08003b88 	.word	0x08003b88
 8003844:	08003b88 	.word	0x08003b88
 8003848:	08003b88 	.word	0x08003b88
 800384c:	08003b8c 	.word	0x08003b8c

08003850 <__udivmoddi4>:
 8003850:	e92d 47f0 	stmdb	sp!, {r4, r5, r6, r7, r8, r9, sl, lr}
 8003854:	9d08      	ldr	r5, [sp, #32]
 8003856:	460f      	mov	r7, r1
 8003858:	4604      	mov	r4, r0
 800385a:	468c      	mov	ip, r1
 800385c:	2b00      	cmp	r3, #0
 800385e:	d148      	bne.n	80038f2 <__udivmoddi4+0xa2>
 8003860:	428a      	cmp	r2, r1
 8003862:	4616      	mov	r6, r2
 8003864:	d961      	bls.n	800392a <__udivmoddi4+0xda>
 8003866:	fab2 f382 	clz	r3, r2
 800386a:	b14b      	cbz	r3, 8003880 <__udivmoddi4+0x30>
 800386c:	f1c3 0220 	rsb	r2, r3, #32
 8003870:	fa01 fc03 	lsl.w	ip, r1, r3
 8003874:	fa20 f202 	lsr.w	r2, r0, r2
 8003878:	409e      	lsls	r6, r3
 800387a:	ea42 0c0c 	orr.w	ip, r2, ip
 800387e:	409c      	lsls	r4, r3
 8003880:	ea4f 4e16 	mov.w	lr, r6, lsr #16
 8003884:	b2b7      	uxth	r7, r6
 8003886:	fbbc f1fe 	udiv	r1, ip, lr
 800388a:	0c22      	lsrs	r2, r4, #16
 800388c:	fb0e cc11 	mls	ip, lr, r1, ip
 8003890:	ea42 420c 	orr.w	r2, r2, ip, lsl #16
 8003894:	fb01 f007 	mul.w	r0, r1, r7
 8003898:	4290      	cmp	r0, r2
 800389a:	d909      	bls.n	80038b0 <__udivmoddi4+0x60>
 800389c:	18b2      	adds	r2, r6, r2
 800389e:	f101 3cff 	add.w	ip, r1, #4294967295	@ 0xffffffff
 80038a2:	f080 80ee 	bcs.w	8003a82 <__udivmoddi4+0x232>
 80038a6:	4290      	cmp	r0, r2
 80038a8:	f240 80eb 	bls.w	8003a82 <__udivmoddi4+0x232>
 80038ac:	3902      	subs	r1, #2
 80038ae:	4432      	add	r2, r6
 80038b0:	1a12      	subs	r2, r2, r0
 80038b2:	b2a4      	uxth	r4, r4
 80038b4:	fbb2 f0fe 	udiv	r0, r2, lr
 80038b8:	fb0e 2210 	mls	r2, lr, r0, r2
 80038bc:	ea44 4402 	orr.w	r4, r4, r2, lsl #16
 80038c0:	fb00 f707 	mul.w	r7, r0, r7
 80038c4:	42a7      	cmp	r7, r4
 80038c6:	d909      	bls.n	80038dc <__udivmoddi4+0x8c>
 80038c8:	1934      	adds	r4, r6, r4
 80038ca:	f100 32ff 	add.w	r2, r0, #4294967295	@ 0xffffffff
 80038ce:	f080 80da 	bcs.w	8003a86 <__udivmoddi4+0x236>
 80038d2:	42a7      	cmp	r7, r4
 80038d4:	f240 80d7 	bls.w	8003a86 <__udivmoddi4+0x236>
 80038d8:	4434      	add	r4, r6
 80038da:	3802      	subs	r0, #2
 80038dc:	ea40 4001 	orr.w	r0, r0, r1, lsl #16
 80038e0:	1be4      	subs	r4, r4, r7
 80038e2:	2100      	movs	r1, #0
 80038e4:	b11d      	cbz	r5, 80038ee <__udivmoddi4+0x9e>
 80038e6:	40dc      	lsrs	r4, r3
 80038e8:	2300      	movs	r3, #0
 80038ea:	e9c5 4300 	strd	r4, r3, [r5]
 80038ee:	e8bd 87f0 	ldmia.w	sp!, {r4, r5, r6, r7, r8, r9, sl, pc}
 80038f2:	428b      	cmp	r3, r1
 80038f4:	d906      	bls.n	8003904 <__udivmoddi4+0xb4>
 80038f6:	b10d      	cbz	r5, 80038fc <__udivmoddi4+0xac>
 80038f8:	e9c5 0100 	strd	r0, r1, [r5]
 80038fc:	2100      	movs	r1, #0
 80038fe:	4608      	mov	r0, r1
 8003900:	e8bd 87f0 	ldmia.w	sp!, {r4, r5, r6, r7, r8, r9, sl, pc}
 8003904:	fab3 f183 	clz	r1, r3
 8003908:	2900      	cmp	r1, #0
 800390a:	d148      	bne.n	800399e <__udivmoddi4+0x14e>
 800390c:	42bb      	cmp	r3, r7
 800390e:	d302      	bcc.n	8003916 <__udivmoddi4+0xc6>
 8003910:	4282      	cmp	r2, r0
 8003912:	f200 8107 	bhi.w	8003b24 <__udivmoddi4+0x2d4>
 8003916:	1a84      	subs	r4, r0, r2
 8003918:	eb67 0203 	sbc.w	r2, r7, r3
 800391c:	2001      	movs	r0, #1
 800391e:	4694      	mov	ip, r2
 8003920:	2d00      	cmp	r5, #0
 8003922:	d0e4      	beq.n	80038ee <__udivmoddi4+0x9e>
 8003924:	e9c5 4c00 	strd	r4, ip, [r5]
 8003928:	e7e1      	b.n	80038ee <__udivmoddi4+0x9e>
 800392a:	2a00      	cmp	r2, #0
 800392c:	f000 8092 	beq.w	8003a54 <__udivmoddi4+0x204>
 8003930:	fab2 f382 	clz	r3, r2
 8003934:	2b00      	cmp	r3, #0
 8003936:	f040 80a8 	bne.w	8003a8a <__udivmoddi4+0x23a>
 800393a:	1a8a      	subs	r2, r1, r2
 800393c:	ea4f 4e16 	mov.w	lr, r6, lsr #16
 8003940:	fa1f fc86 	uxth.w	ip, r6
 8003944:	2101      	movs	r1, #1
 8003946:	0c20      	lsrs	r0, r4, #16
 8003948:	fbb2 f7fe 	udiv	r7, r2, lr
 800394c:	fb0e 2217 	mls	r2, lr, r7, r2
 8003950:	ea40 4202 	orr.w	r2, r0, r2, lsl #16
 8003954:	fb0c f007 	mul.w	r0, ip, r7
 8003958:	4290      	cmp	r0, r2
 800395a:	d907      	bls.n	800396c <__udivmoddi4+0x11c>
 800395c:	18b2      	adds	r2, r6, r2
 800395e:	f107 38ff 	add.w	r8, r7, #4294967295	@ 0xffffffff
 8003962:	d202      	bcs.n	800396a <__udivmoddi4+0x11a>
 8003964:	4290      	cmp	r0, r2
 8003966:	f200 80e2 	bhi.w	8003b2e <__udivmoddi4+0x2de>
 800396a:	4647      	mov	r7, r8
 800396c:	1a12      	subs	r2, r2, r0
 800396e:	b2a4      	uxth	r4, r4
 8003970:	fbb2 f0fe 	udiv	r0, r2, lr
 8003974:	fb0e 2210 	mls	r2, lr, r0, r2
 8003978:	ea44 4402 	orr.w	r4, r4, r2, lsl #16
 800397c:	fb0c fc00 	mul.w	ip, ip, r0
 8003980:	45a4      	cmp	ip, r4
 8003982:	d907      	bls.n	8003994 <__udivmoddi4+0x144>
 8003984:	1934      	adds	r4, r6, r4
 8003986:	f100 32ff 	add.w	r2, r0, #4294967295	@ 0xffffffff
 800398a:	d202      	bcs.n	8003992 <__udivmoddi4+0x142>
 800398c:	45a4      	cmp	ip, r4
 800398e:	f200 80cb 	bhi.w	8003b28 <__udivmoddi4+0x2d8>
 8003992:	4610      	mov	r0, r2
 8003994:	eba4 040c 	sub.w	r4, r4, ip
 8003998:	ea40 4007 	orr.w	r0, r0, r7, lsl #16
 800399c:	e7a2      	b.n	80038e4 <__udivmoddi4+0x94>
 800399e:	f1c1 0620 	rsb	r6, r1, #32
 80039a2:	408b      	lsls	r3, r1
 80039a4:	fa22 fc06 	lsr.w	ip, r2, r6
 80039a8:	ea4c 0c03 	orr.w	ip, ip, r3
 80039ac:	fa07 f401 	lsl.w	r4, r7, r1
 80039b0:	fa20 f306 	lsr.w	r3, r0, r6
 80039b4:	40f7      	lsrs	r7, r6
 80039b6:	ea4f 491c 	mov.w	r9, ip, lsr #16
 80039ba:	4323      	orrs	r3, r4
 80039bc:	fa00 f801 	lsl.w	r8, r0, r1
 80039c0:	fa1f fe8c 	uxth.w	lr, ip
 80039c4:	fbb7 f0f9 	udiv	r0, r7, r9
 80039c8:	0c1c      	lsrs	r4, r3, #16
 80039ca:	fb09 7710 	mls	r7, r9, r0, r7
 80039ce:	ea44 4407 	orr.w	r4, r4, r7, lsl #16
 80039d2:	fb00 f70e 	mul.w	r7, r0, lr
 80039d6:	42a7      	cmp	r7, r4
 80039d8:	fa02 f201 	lsl.w	r2, r2, r1
 80039dc:	d90a      	bls.n	80039f4 <__udivmoddi4+0x1a4>
 80039de:	eb1c 0404 	adds.w	r4, ip, r4
 80039e2:	f100 3aff 	add.w	sl, r0, #4294967295	@ 0xffffffff
 80039e6:	f080 809b 	bcs.w	8003b20 <__udivmoddi4+0x2d0>
 80039ea:	42a7      	cmp	r7, r4
 80039ec:	f240 8098 	bls.w	8003b20 <__udivmoddi4+0x2d0>
 80039f0:	3802      	subs	r0, #2
 80039f2:	4464      	add	r4, ip
 80039f4:	1be4      	subs	r4, r4, r7
 80039f6:	b29f      	uxth	r7, r3
 80039f8:	fbb4 f3f9 	udiv	r3, r4, r9
 80039fc:	fb09 4413 	mls	r4, r9, r3, r4
 8003a00:	ea47 4404 	orr.w	r4, r7, r4, lsl #16
 8003a04:	fb03 fe0e 	mul.w	lr, r3, lr
 8003a08:	45a6      	cmp	lr, r4
 8003a0a:	d909      	bls.n	8003a20 <__udivmoddi4+0x1d0>
 8003a0c:	eb1c 0404 	adds.w	r4, ip, r4
 8003a10:	f103 37ff 	add.w	r7, r3, #4294967295	@ 0xffffffff
 8003a14:	f080 8082 	bcs.w	8003b1c <__udivmoddi4+0x2cc>
 8003a18:	45a6      	cmp	lr, r4
 8003a1a:	d97f      	bls.n	8003b1c <__udivmoddi4+0x2cc>
 8003a1c:	3b02      	subs	r3, #2
 8003a1e:	4464      	add	r4, ip
 8003a20:	ea43 4000 	orr.w	r0, r3, r0, lsl #16
 8003a24:	eba4 040e 	sub.w	r4, r4, lr
 8003a28:	fba0 e702 	umull	lr, r7, r0, r2
 8003a2c:	42bc      	cmp	r4, r7
 8003a2e:	4673      	mov	r3, lr
 8003a30:	46b9      	mov	r9, r7
 8003a32:	d363      	bcc.n	8003afc <__udivmoddi4+0x2ac>
 8003a34:	d060      	beq.n	8003af8 <__udivmoddi4+0x2a8>
 8003a36:	b15d      	cbz	r5, 8003a50 <__udivmoddi4+0x200>
 8003a38:	ebb8 0203 	subs.w	r2, r8, r3
 8003a3c:	eb64 0409 	sbc.w	r4, r4, r9
 8003a40:	fa04 f606 	lsl.w	r6, r4, r6
 8003a44:	fa22 f301 	lsr.w	r3, r2, r1
 8003a48:	431e      	orrs	r6, r3
 8003a4a:	40cc      	lsrs	r4, r1
 8003a4c:	e9c5 6400 	strd	r6, r4, [r5]
 8003a50:	2100      	movs	r1, #0
 8003a52:	e74c      	b.n	80038ee <__udivmoddi4+0x9e>
 8003a54:	0862      	lsrs	r2, r4, #1
 8003a56:	0848      	lsrs	r0, r1, #1
 8003a58:	ea42 71c1 	orr.w	r1, r2, r1, lsl #31
 8003a5c:	0c0b      	lsrs	r3, r1, #16
 8003a5e:	ea43 4300 	orr.w	r3, r3, r0, lsl #16
 8003a62:	b28a      	uxth	r2, r1
 8003a64:	ea42 4203 	orr.w	r2, r2, r3, lsl #16
 8003a68:	fbb3 f1f6 	udiv	r1, r3, r6
 8003a6c:	07e4      	lsls	r4, r4, #31
 8003a6e:	46b4      	mov	ip, r6
 8003a70:	4637      	mov	r7, r6
 8003a72:	46b6      	mov	lr, r6
 8003a74:	231f      	movs	r3, #31
 8003a76:	fbb0 f0f6 	udiv	r0, r0, r6
 8003a7a:	1bd2      	subs	r2, r2, r7
 8003a7c:	ea41 4100 	orr.w	r1, r1, r0, lsl #16
 8003a80:	e761      	b.n	8003946 <__udivmoddi4+0xf6>
 8003a82:	4661      	mov	r1, ip
 8003a84:	e714      	b.n	80038b0 <__udivmoddi4+0x60>
 8003a86:	4610      	mov	r0, r2
 8003a88:	e728      	b.n	80038dc <__udivmoddi4+0x8c>
 8003a8a:	f1c3 0120 	rsb	r1, r3, #32
 8003a8e:	fa20 f201 	lsr.w	r2, r0, r1
 8003a92:	409e      	lsls	r6, r3
 8003a94:	fa27 f101 	lsr.w	r1, r7, r1
 8003a98:	409f      	lsls	r7, r3
 8003a9a:	433a      	orrs	r2, r7
 8003a9c:	ea4f 4e16 	mov.w	lr, r6, lsr #16
 8003aa0:	fa1f fc86 	uxth.w	ip, r6
 8003aa4:	fbb1 f7fe 	udiv	r7, r1, lr
 8003aa8:	fb0e 1017 	mls	r0, lr, r7, r1
 8003aac:	0c11      	lsrs	r1, r2, #16
 8003aae:	ea41 4100 	orr.w	r1, r1, r0, lsl #16
 8003ab2:	fb07 f80c 	mul.w	r8, r7, ip
 8003ab6:	4588      	cmp	r8, r1
 8003ab8:	fa04 f403 	lsl.w	r4, r4, r3
 8003abc:	d93a      	bls.n	8003b34 <__udivmoddi4+0x2e4>
 8003abe:	1871      	adds	r1, r6, r1
 8003ac0:	f107 30ff 	add.w	r0, r7, #4294967295	@ 0xffffffff
 8003ac4:	d201      	bcs.n	8003aca <__udivmoddi4+0x27a>
 8003ac6:	4588      	cmp	r8, r1
 8003ac8:	d81f      	bhi.n	8003b0a <__udivmoddi4+0x2ba>
 8003aca:	eba1 0108 	sub.w	r1, r1, r8
 8003ace:	fbb1 f8fe 	udiv	r8, r1, lr
 8003ad2:	fb08 f70c 	mul.w	r7, r8, ip
 8003ad6:	fb0e 1118 	mls	r1, lr, r8, r1
 8003ada:	b292      	uxth	r2, r2
 8003adc:	ea42 4201 	orr.w	r2, r2, r1, lsl #16
 8003ae0:	42ba      	cmp	r2, r7
 8003ae2:	d22f      	bcs.n	8003b44 <__udivmoddi4+0x2f4>
 8003ae4:	18b2      	adds	r2, r6, r2
 8003ae6:	f108 31ff 	add.w	r1, r8, #4294967295	@ 0xffffffff
 8003aea:	d2c6      	bcs.n	8003a7a <__udivmoddi4+0x22a>
 8003aec:	42ba      	cmp	r2, r7
 8003aee:	d2c4      	bcs.n	8003a7a <__udivmoddi4+0x22a>
 8003af0:	f1a8 0102 	sub.w	r1, r8, #2
 8003af4:	4432      	add	r2, r6
 8003af6:	e7c0      	b.n	8003a7a <__udivmoddi4+0x22a>
 8003af8:	45f0      	cmp	r8, lr
 8003afa:	d29c      	bcs.n	8003a36 <__udivmoddi4+0x1e6>
 8003afc:	ebbe 0302 	subs.w	r3, lr, r2
 8003b00:	eb67 070c 	sbc.w	r7, r7, ip
 8003b04:	3801      	subs	r0, #1
 8003b06:	46b9      	mov	r9, r7
 8003b08:	e795      	b.n	8003a36 <__udivmoddi4+0x1e6>
 8003b0a:	eba6 0808 	sub.w	r8, r6, r8
 8003b0e:	4441      	add	r1, r8
 8003b10:	1eb8      	subs	r0, r7, #2
 8003b12:	fbb1 f8fe 	udiv	r8, r1, lr
 8003b16:	fb08 f70c 	mul.w	r7, r8, ip
 8003b1a:	e7dc      	b.n	8003ad6 <__udivmoddi4+0x286>
 8003b1c:	463b      	mov	r3, r7
 8003b1e:	e77f      	b.n	8003a20 <__udivmoddi4+0x1d0>
 8003b20:	4650      	mov	r0, sl
 8003b22:	e767      	b.n	80039f4 <__udivmoddi4+0x1a4>
 8003b24:	4608      	mov	r0, r1
 8003b26:	e6fb      	b.n	8003920 <__udivmoddi4+0xd0>
 8003b28:	4434      	add	r4, r6
 8003b2a:	3802      	subs	r0, #2
 8003b2c:	e732      	b.n	8003994 <__udivmoddi4+0x144>
 8003b2e:	3f02      	subs	r7, #2
 8003b30:	4432      	add	r2, r6
 8003b32:	e71b      	b.n	800396c <__udivmoddi4+0x11c>
 8003b34:	eba1 0108 	sub.w	r1, r1, r8
 8003b38:	4638      	mov	r0, r7
 8003b3a:	fbb1 f8fe 	udiv	r8, r1, lr
 8003b3e:	fb08 f70c 	mul.w	r7, r8, ip
 8003b42:	e7c8      	b.n	8003ad6 <__udivmoddi4+0x286>
 8003b44:	4641      	mov	r1, r8
 8003b46:	e798      	b.n	8003a7a <__udivmoddi4+0x22a>

08003b48 <_init>:
 8003b48:	b5f8      	push	{r3, r4, r5, r6, r7, lr}
 8003b4a:	bf00      	nop
 8003b4c:	bcf8      	pop	{r3, r4, r5, r6, r7}
 8003b4e:	bc08      	pop	{r3}
 8003b50:	469e      	mov	lr, r3
 8003b52:	4770      	bx	lr

08003b54 <_fini>:
 8003b54:	b5f8      	push	{r3, r4, r5, r6, r7, lr}
 8003b56:	bf00      	nop
 8003b58:	bcf8      	pop	{r3, r4, r5, r6, r7}
 8003b5a:	bc08      	pop	{r3}
 8003b5c:	469e      	mov	lr, r3
 8003b5e:	4770      	bx	lr
