
build/release/DAC_ADC_1.elf:     file format elf32-littlearm

Sections:
Idx Name          Size      VMA       LMA       File off  Algn
  0 .isr_vector   000001c4  08000000  08000000  00001000  2**0
                  CONTENTS, ALLOC, LOAD, READONLY, DATA
  1 .text         00002c50  080001c4  080001c4  000011c4  2**2
                  CONTENTS, ALLOC, LOAD, READONLY, CODE
  2 .rodata       00000020  08002e14  08002e14  00003e14  2**2
                  CONTENTS, ALLOC, LOAD, READONLY, DATA
  3 .ARM          00000008  08002e34  08002e34  00003e34  2**2
                  CONTENTS, ALLOC, LOAD, READONLY, DATA
  4 .init_array   00000004  08002e3c  08002e3c  00003e3c  2**2
                  CONTENTS, ALLOC, LOAD, DATA
  5 .fini_array   00000004  08002e40  08002e40  00003e40  2**2
                  CONTENTS, ALLOC, LOAD, DATA
  6 .data         0000000c  20000000  08002e44  00004000  2**2
                  CONTENTS, ALLOC, LOAD, DATA
  7 .bss          0000212c  2000000c  08002e50  0000400c  2**2
                  ALLOC
  8 ._user_heap_stack 00000600  20002138  08002e50  00004138  2**0
                  ALLOC
  9 .ARM.attributes 00000030  00000000  00000000  0000400c  2**0
                  CONTENTS, READONLY
 10 .comment      00000043  00000000  00000000  0000403c  2**0
                  CONTENTS, READONLY
 11 .debug_frame  0000008c  00000000  00000000  00004080  2**2
                  CONTENTS, READONLY, DEBUGGING, OCTETS

Disassembly of section .text:

080001c4 <__do_global_dtors_aux>:
 80001c4:	b510      	push	{r4, lr}
 80001c6:	4c05      	ldr	r4, [pc, #20]	@ (80001dc <__do_global_dtors_aux+0x18>)
 80001c8:	7823      	ldrb	r3, [r4, #0]
 80001ca:	b933      	cbnz	r3, 80001da <__do_global_dtors_aux+0x16>
 80001cc:	4b04      	ldr	r3, [pc, #16]	@ (80001e0 <__do_global_dtors_aux+0x1c>)
 80001ce:	b113      	cbz	r3, 80001d6 <__do_global_dtors_aux+0x12>
 80001d0:	4804      	ldr	r0, [pc, #16]	@ (80001e4 <__do_global_dtors_aux+0x20>)
 80001d2:	f3af 8000 	nop.w
 80001d6:	2301      	movs	r3, #1
 80001d8:	7023      	strb	r3, [r4, #0]
 80001da:	bd10      	pop	{r4, pc}
 80001dc:	2000000c 	.word	0x2000000c
 80001e0:	00000000 	.word	0x00000000
 80001e4:	08002dfc 	.word	0x08002dfc

080001e8 <frame_dummy>:
 80001e8:	b508      	push	{r3, lr}
 80001ea:	4b03      	ldr	r3, [pc, #12]	@ (80001f8 <frame_dummy+0x10>)
 80001ec:	b11b      	cbz	r3, 80001f6 <frame_dummy+0xe>
 80001ee:	4903      	ldr	r1, [pc, #12]	@ (80001fc <frame_dummy+0x14>)
 80001f0:	4803      	ldr	r0, [pc, #12]	@ (8000200 <frame_dummy+0x18>)
 80001f2:	f3af 8000 	nop.w
 80001f6:	bd08      	pop	{r3, pc}
 80001f8:	00000000 	.word	0x00000000
 80001fc:	20000010 	.word	0x20000010
 8000200:	08002dfc 	.word	0x08002dfc

08000204 <__aeabi_uldivmod>:
 8000204:	b953      	cbnz	r3, 800021c <__aeabi_uldivmod+0x18>
 8000206:	b94a      	cbnz	r2, 800021c <__aeabi_uldivmod+0x18>
 8000208:	2900      	cmp	r1, #0
 800020a:	bf08      	it	eq
 800020c:	2800      	cmpeq	r0, #0
 800020e:	bf1c      	itt	ne
 8000210:	f04f 31ff 	movne.w	r1, #4294967295	@ 0xffffffff
 8000214:	f04f 30ff 	movne.w	r0, #4294967295	@ 0xffffffff
 8000218:	f000 b988 	b.w	800052c <__aeabi_idiv0>
 800021c:	f1ad 0c08 	sub.w	ip, sp, #8
 8000220:	e96d ce04 	strd	ip, lr, [sp, #-16]!
 8000224:	f000 f806 	bl	8000234 <__udivmoddi4>
 8000228:	f8dd e004 	ldr.w	lr, [sp, #4]
 800022c:	e9dd 2302 	ldrd	r2, r3, [sp, #8]
 8000230:	b004      	add	sp, #16
 8000232:	4770      	bx	lr

08000234 <__udivmoddi4>:
 8000234:	e92d 47f0 	stmdb	sp!, {r4, r5, r6, r7, r8, r9, sl, lr}
 8000238:	9d08      	ldr	r5, [sp, #32]
 800023a:	468e      	mov	lr, r1
 800023c:	4604      	mov	r4, r0
 800023e:	4688      	mov	r8, r1
 8000240:	2b00      	cmp	r3, #0
 8000242:	d14a      	bne.n	80002da <__udivmoddi4+0xa6>
 8000244:	428a      	cmp	r2, r1
 8000246:	4617      	mov	r7, r2
 8000248:	d962      	bls.n	8000310 <__udivmoddi4+0xdc>
 800024a:	fab2 f682 	clz	r6, r2
 800024e:	b14e      	cbz	r6, 8000264 <__udivmoddi4+0x30>
 8000250:	f1c6 0320 	rsb	r3, r6, #32
 8000254:	fa01 f806 	lsl.w	r8, r1, r6
 8000258:	fa20 f303 	lsr.w	r3, r0, r3
 800025c:	40b7      	lsls	r7, r6
 800025e:	ea43 0808 	orr.w	r8, r3, r8
 8000262:	40b4      	lsls	r4, r6
 8000264:	ea4f 4e17 	mov.w	lr, r7, lsr #16
 8000268:	fa1f fc87 	uxth.w	ip, r7
 800026c:	fbb8 f1fe 	udiv	r1, r8, lr
 8000270:	0c23      	lsrs	r3, r4, #16
 8000272:	fb0e 8811 	mls	r8, lr, r1, r8
 8000276:	ea43 4308 	orr.w	r3, r3, r8, lsl #16
 800027a:	fb01 f20c 	mul.w	r2, r1, ip
 800027e:	429a      	cmp	r2, r3
 8000280:	d909      	bls.n	8000296 <__udivmoddi4+0x62>
 8000282:	18fb      	adds	r3, r7, r3
 8000284:	f101 30ff 	add.w	r0, r1, #4294967295	@ 0xffffffff
 8000288:	f080 80ea 	bcs.w	8000460 <__udivmoddi4+0x22c>
 800028c:	429a      	cmp	r2, r3
 800028e:	f240 80e7 	bls.w	8000460 <__udivmoddi4+0x22c>
 8000292:	3902      	subs	r1, #2
 8000294:	443b      	add	r3, r7
 8000296:	1a9a      	subs	r2, r3, r2
 8000298:	b2a3      	uxth	r3, r4
 800029a:	fbb2 f0fe 	udiv	r0, r2, lr
 800029e:	fb0e 2210 	mls	r2, lr, r0, r2
 80002a2:	ea43 4302 	orr.w	r3, r3, r2, lsl #16
 80002a6:	fb00 fc0c 	mul.w	ip, r0, ip
 80002aa:	459c      	cmp	ip, r3
 80002ac:	d909      	bls.n	80002c2 <__udivmoddi4+0x8e>
 80002ae:	18fb      	adds	r3, r7, r3
 80002b0:	f100 32ff 	add.w	r2, r0, #4294967295	@ 0xffffffff
 80002b4:	f080 80d6 	bcs.w	8000464 <__udivmoddi4+0x230>
 80002b8:	459c      	cmp	ip, r3
 80002ba:	f240 80d3 	bls.w	8000464 <__udivmoddi4+0x230>
 80002be:	443b      	add	r3, r7
 80002c0:	3802      	subs	r0, #2
 80002c2:	ea40 4001 	orr.w	r0, r0, r1, lsl #16
 80002c6:	eba3 030c 	sub.w	r3, r3, ip
 80002ca:	2100      	movs	r1, #0
 80002cc:	b11d      	cbz	r5, 80002d6 <__udivmoddi4+0xa2>
 80002ce:	40f3      	lsrs	r3, r6
 80002d0:	2200      	movs	r2, #0
 80002d2:	e9c5 3200 	strd	r3, r2, [r5]
 80002d6:	e8bd 87f0 	ldmia.w	sp!, {r4, r5, r6, r7, r8, r9, sl, pc}
 80002da:	428b      	cmp	r3, r1
 80002dc:	d905      	bls.n	80002ea <__udivmoddi4+0xb6>
 80002de:	b10d      	cbz	r5, 80002e4 <__udivmoddi4+0xb0>
 80002e0:	e9c5 0100 	strd	r0, r1, [r5]
 80002e4:	2100      	movs	r1, #0
 80002e6:	4608      	mov	r0, r1
 80002e8:	e7f5      	b.n	80002d6 <__udivmoddi4+0xa2>
 80002ea:	fab3 f183 	clz	r1, r3
 80002ee:	2900      	cmp	r1, #0
 80002f0:	d146      	bne.n	8000380 <__udivmoddi4+0x14c>
 80002f2:	4573      	cmp	r3, lr
 80002f4:	d302      	bcc.n	80002fc <__udivmoddi4+0xc8>
 80002f6:	4282      	cmp	r2, r0
 80002f8:	f200 8105 	bhi.w	8000506 <__udivmoddi4+0x2d2>
 80002fc:	1a84      	subs	r4, r0, r2
 80002fe:	eb6e 0203 	sbc.w	r2, lr, r3
 8000302:	2001      	movs	r0, #1
 8000304:	4690      	mov	r8, r2
 8000306:	2d00      	cmp	r5, #0
 8000308:	d0e5      	beq.n	80002d6 <__udivmoddi4+0xa2>
 800030a:	e9c5 4800 	strd	r4, r8, [r5]
 800030e:	e7e2      	b.n	80002d6 <__udivmoddi4+0xa2>
 8000310:	2a00      	cmp	r2, #0
 8000312:	f000 8090 	beq.w	8000436 <__udivmoddi4+0x202>
 8000316:	fab2 f682 	clz	r6, r2
 800031a:	2e00      	cmp	r6, #0
 800031c:	f040 80a4 	bne.w	8000468 <__udivmoddi4+0x234>
 8000320:	1a8a      	subs	r2, r1, r2
 8000322:	0c03      	lsrs	r3, r0, #16
 8000324:	ea4f 4e17 	mov.w	lr, r7, lsr #16
 8000328:	b280      	uxth	r0, r0
 800032a:	b2bc      	uxth	r4, r7
 800032c:	2101      	movs	r1, #1
 800032e:	fbb2 fcfe 	udiv	ip, r2, lr
 8000332:	fb0e 221c 	mls	r2, lr, ip, r2
 8000336:	ea43 4302 	orr.w	r3, r3, r2, lsl #16
 800033a:	fb04 f20c 	mul.w	r2, r4, ip
 800033e:	429a      	cmp	r2, r3
 8000340:	d907      	bls.n	8000352 <__udivmoddi4+0x11e>
 8000342:	18fb      	adds	r3, r7, r3
 8000344:	f10c 38ff 	add.w	r8, ip, #4294967295	@ 0xffffffff
 8000348:	d202      	bcs.n	8000350 <__udivmoddi4+0x11c>
 800034a:	429a      	cmp	r2, r3
 800034c:	f200 80e0 	bhi.w	8000510 <__udivmoddi4+0x2dc>
 8000350:	46c4      	mov	ip, r8
 8000352:	1a9b      	subs	r3, r3, r2
 8000354:	fbb3 f2fe 	udiv	r2, r3, lr
 8000358:	fb0e 3312 	mls	r3, lr, r2, r3
 800035c:	ea40 4303 	orr.w	r3, r0, r3, lsl #16
 8000360:	fb02 f404 	mul.w	r4, r2, r4
 8000364:	429c      	cmp	r4, r3
 8000366:	d907      	bls.n	8000378 <__udivmoddi4+0x144>
 8000368:	18fb      	adds	r3, r7, r3
 800036a:	f102 30ff 	add.w	r0, r2, #4294967295	@ 0xffffffff
 800036e:	d202      	bcs.n	8000376 <__udivmoddi4+0x142>
 8000370:	429c      	cmp	r4, r3
 8000372:	f200 80ca 	bhi.w	800050a <__udivmoddi4+0x2d6>
 8000376:	4602      	mov	r2, r0
 8000378:	1b1b      	subs	r3, r3, r4
 800037a:	ea42 400c 	orr.w	r0, r2, ip, lsl #16
 800037e:	e7a5      	b.n	80002cc <__udivmoddi4+0x98>
 8000380:	f1c1 0620 	rsb	r6, r1, #32
 8000384:	408b      	lsls	r3, r1
 8000386:	fa22 f706 	lsr.w	r7, r2, r6
 800038a:	431f      	orrs	r7, r3
 800038c:	fa0e f401 	lsl.w	r4, lr, r1
 8000390:	fa20 f306 	lsr.w	r3, r0, r6
 8000394:	fa2e fe06 	lsr.w	lr, lr, r6
 8000398:	ea4f 4917 	mov.w	r9, r7, lsr #16
 800039c:	4323      	orrs	r3, r4
 800039e:	fa00 f801 	lsl.w	r8, r0, r1
 80003a2:	fa1f fc87 	uxth.w	ip, r7
 80003a6:	fbbe f0f9 	udiv	r0, lr, r9
 80003aa:	0c1c      	lsrs	r4, r3, #16
 80003ac:	fb09 ee10 	mls	lr, r9, r0, lr
 80003b0:	ea44 440e 	orr.w	r4, r4, lr, lsl #16
 80003b4:	fb00 fe0c 	mul.w	lr, r0, ip
 80003b8:	45a6      	cmp	lr, r4
 80003ba:	fa02 f201 	lsl.w	r2, r2, r1
 80003be:	d909      	bls.n	80003d4 <__udivmoddi4+0x1a0>
 80003c0:	193c      	adds	r4, r7, r4
 80003c2:	f100 3aff 	add.w	sl, r0, #4294967295	@ 0xffffffff
 80003c6:	f080 809c 	bcs.w	8000502 <__udivmoddi4+0x2ce>
 80003ca:	45a6      	cmp	lr, r4
 80003cc:	f240 8099 	bls.w	8000502 <__udivmoddi4+0x2ce>
 80003d0:	3802      	subs	r0, #2
 80003d2:	443c      	add	r4, r7
 80003d4:	eba4 040e 	sub.w	r4, r4, lr
 80003d8:	fa1f fe83 	uxth.w	lr, r3
 80003dc:	fbb4 f3f9 	udiv	r3, r4, r9
 80003e0:	fb09 4413 	mls	r4, r9, r3, r4
 80003e4:	ea4e 4404 	orr.w	r4, lr, r4, lsl #16
 80003e8:	fb03 fc0c 	mul.w	ip, r3, ip
 80003ec:	45a4      	cmp	ip, r4
 80003ee:	d908      	bls.n	8000402 <__udivmoddi4+0x1ce>
 80003f0:	193c      	adds	r4, r7, r4
 80003f2:	f103 3eff 	add.w	lr, r3, #4294967295	@ 0xffffffff
 80003f6:	f080 8082 	bcs.w	80004fe <__udivmoddi4+0x2ca>
 80003fa:	45a4      	cmp	ip, r4
 80003fc:	d97f      	bls.n	80004fe <__udivmoddi4+0x2ca>
 80003fe:	3b02      	subs	r3, #2
 8000400:	443c      	add	r4, r7
 8000402:	ea43 4000 	orr.w	r0, r3, r0, lsl #16
 8000406:	eba4 040c 	sub.w	r4, r4, ip
 800040a:	fba0 ec02 	umull	lr, ip, r0, r2
 800040e:	4564      	cmp	r4, ip
 8000410:	4673      	mov	r3, lr
 8000412:	46e1      	mov	r9, ip
 8000414:	d362      	bcc.n	80004dc <__udivmoddi4+0x2a8>
 8000416:	d05f      	beq.n	80004d8 <__udivmoddi4+0x2a4>
 8000418:	b15d      	cbz	r5, 8000432 <__udivmoddi4+0x1fe>
 800041a:	ebb8 0203 	subs.w	r2, r8, r3
 800041e:	eb64 0409 	sbc.w	r4, r4, r9
 8000422:	fa04 f606 	lsl.w	r6, r4, r6
 8000426:	fa22 f301 	lsr.w	r3, r2, r1
 800042a:	431e      	orrs	r6, r3
 800042c:	40cc      	lsrs	r4, r1
 800042e:	e9c5 6400 	strd	r6, r4, [r5]
 8000432:	2100      	movs	r1, #0
 8000434:	e74f      	b.n	80002d6 <__udivmoddi4+0xa2>
 8000436:	fbb1 fcf2 	udiv	ip, r1, r2
 800043a:	0c01      	lsrs	r1, r0, #16
 800043c:	ea41 410e 	orr.w	r1, r1, lr, lsl #16
 8000440:	b280      	uxth	r0, r0
 8000442:	ea40 4201 	orr.w	r2, r0, r1, lsl #16
 8000446:	463b      	mov	r3, r7
 8000448:	4638      	mov	r0, r7
 800044a:	463c      	mov	r4, r7
 800044c:	46b8      	mov	r8, r7
 800044e:	46be      	mov	lr, r7
 8000450:	2620      	movs	r6, #32
 8000452:	fbb1 f1f7 	udiv	r1, r1, r7
 8000456:	eba2 0208 	sub.w	r2, r2, r8
 800045a:	ea41 410c 	orr.w	r1, r1, ip, lsl #16
 800045e:	e766      	b.n	800032e <__udivmoddi4+0xfa>
 8000460:	4601      	mov	r1, r0
 8000462:	e718      	b.n	8000296 <__udivmoddi4+0x62>
 8000464:	4610      	mov	r0, r2
 8000466:	e72c      	b.n	80002c2 <__udivmoddi4+0x8e>
 8000468:	f1c6 0220 	rsb	r2, r6, #32
 800046c:	fa2e f302 	lsr.w	r3, lr, r2
 8000470:	40b7      	lsls	r7, r6
 8000472:	40b1      	lsls	r1, r6
 8000474:	fa20 f202 	lsr.w	r2, r0, r2
 8000478:	ea4f 4e17 	mov.w	lr, r7, lsr #16
 800047c:	430a      	orrs	r2, r1
 800047e:	fbb3 f8fe 	udiv	r8, r3, lr
 8000482:	b2bc      	uxth	r4, r7
 8000484:	fb0e 3318 	mls	r3, lr, r8, r3
 8000488:	0c11      	lsrs	r1, r2, #16
 800048a:	ea41 4103 	orr.w	r1, r1, r3, lsl #16
 800048e:	fb08 f904 	mul.w	r9, r8, r4
 8000492:	40b0      	lsls	r0, r6
 8000494:	4589      	cmp	r9, r1
 8000496:	ea4f 4310 	mov.w	r3, r0, lsr #16
 800049a:	b280      	uxth	r0, r0
 800049c:	d93e      	bls.n	800051c <__udivmoddi4+0x2e8>
 800049e:	1879      	adds	r1, r7, r1
 80004a0:	f108 3cff 	add.w	ip, r8, #4294967295	@ 0xffffffff
 80004a4:	d201      	bcs.n	80004aa <__udivmoddi4+0x276>
 80004a6:	4589      	cmp	r9, r1
 80004a8:	d81f      	bhi.n	80004ea <__udivmoddi4+0x2b6>
 80004aa:	eba1 0109 	sub.w	r1, r1, r9
 80004ae:	fbb1 f9fe 	udiv	r9, r1, lr
 80004b2:	fb09 f804 	mul.w	r8, r9, r4
 80004b6:	fb0e 1119 	mls	r1, lr, r9, r1
 80004ba:	b292      	uxth	r2, r2
 80004bc:	ea42 4201 	orr.w	r2, r2, r1, lsl #16
 80004c0:	4542      	cmp	r2, r8
 80004c2:	d229      	bcs.n	8000518 <__udivmoddi4+0x2e4>
 80004c4:	18ba      	adds	r2, r7, r2
 80004c6:	f109 31ff 	add.w	r1, r9, #4294967295	@ 0xffffffff
 80004ca:	d2c4      	bcs.n	8000456 <__udivmoddi4+0x222>
 80004cc:	4542      	cmp	r2, r8
 80004ce:	d2c2      	bcs.n	8000456 <__udivmoddi4+0x222>
 80004d0:	f1a9 0102 	sub.w	r1, r9, #2
 80004d4:	443a      	add	r2, r7
 80004d6:	e7be      	b.n	8000456 <__udivmoddi4+0x222>
 80004d8:	45f0      	cmp	r8, lr
 80004da:	d29d      	bcs.n	8000418 <__udivmoddi4+0x1e4>
 80004dc:	ebbe 0302 	subs.w	r3, lr, r2
 80004e0:	eb6c 0c07 	sbc.w	ip, ip, r7
 80004e4:	3801      	subs	r0, #1
 80004e6:	46e1      	mov	r9, ip
 80004e8:	e796      	b.n	8000418 <__udivmoddi4+0x1e4>
 80004ea:	eba7 0909 	sub.w	r9, r7, r9
 80004ee:	4449      	add	r1, r9
 80004f0:	f1a8 0c02 	sub.w	ip, r8, #2
 80004f4:	fbb1 f9fe 	udiv	r9, r1, lr
 80004f8:	fb09 f804 	mul.w	r8, r9, r4
 80004fc:	e7db      	b.n	80004b6 <__udivmoddi4+0x282>
 80004fe:	4673      	mov	r3, lr
 8000500:	e77f      	b.n	8000402 <__udivmoddi4+0x1ce>
 8000502:	4650      	mov	r0, sl
 8000504:	e766      	b.n	80003d4 <__udivmoddi4+0x1a0>
 8000506:	4608      	mov	r0, r1
 8000508:	e6fd      	b.n	8000306 <__udivmoddi4+0xd2>
 800050a:	443b      	add	r3, r7
 800050c:	3a02      	subs	r2, #2
 800050e:	e733      	b.n	8000378 <__udivmoddi4+0x144>
 8000510:	f1ac 0c02 	sub.w	ip, ip, #2
 8000514:	443b      	add	r3, r7
 8000516:	e71c      	b.n	8000352 <__udivmoddi4+0x11e>
 8000518:	4649      	mov	r1, r9
 800051a:	e79c      	b.n	8000456 <__udivmoddi4+0x222>
 800051c:	eba1 0109 	sub.w	r1, r1, r9
 8000520:	46c4      	mov	ip, r8
 8000522:	fbb1 f9fe 	udiv	r9, r1, lr
 8000526:	fb09 f804 	mul.w	r8, r9, r4
 800052a:	e7c4      	b.n	80004b6 <__udivmoddi4+0x282>

0800052c <__aeabi_idiv0>:
 800052c:	4770      	bx	lr
 800052e:	bf00      	nop

08000530 <buildRamp>:
 8000530:	ee06 0a10 	vmov	s12, r0
 8000534:	1a0b      	subs	r3, r1, r0
 8000536:	ee06 3a90 	vmov	s13, r3
 800053a:	eef8 6ae6 	vcvt.f32.s32	s13, s13
 800053e:	eddf 7a0e 	vldr	s15, [pc, #56]	@ 8000578 <buildRamp+0x48>
 8000542:	ee66 6aa7 	vmul.f32	s13, s13, s15
 8000546:	2300      	movs	r3, #0
 8000548:	e012      	b.n	8000570 <buildRamp+0x40>
 800054a:	ee07 3a90 	vmov	s15, r3
 800054e:	eeb8 7ae7 	vcvt.f32.s32	s14, s15
 8000552:	ee27 7a26 	vmul.f32	s14, s14, s13
 8000556:	eef8 7ac6 	vcvt.f32.s32	s15, s12
 800055a:	ee77 7a87 	vadd.f32	s15, s15, s14
 800055e:	eefc 7ae7 	vcvt.u32.f32	s15, s15
 8000562:	4a06      	ldr	r2, [pc, #24]	@ (800057c <buildRamp+0x4c>)
 8000564:	ee17 1a90 	vmov	r1, s15
 8000568:	f822 1013 	strh.w	r1, [r2, r3, lsl #1]
 800056c:	3301      	adds	r3, #1
 800056e:	b21b      	sxth	r3, r3
 8000570:	f5b3 5f80 	cmp.w	r3, #4096	@ 0x1000
 8000574:	dbe9      	blt.n	800054a <buildRamp+0x1a>
 8000576:	4770      	bx	lr
 8000578:	39800000 	.word	0x39800000
 800057c:	20000034 	.word	0x20000034

08000580 <MX_GPIO_Init>:
 8000580:	e92d 41f0 	stmdb	sp!, {r4, r5, r6, r7, r8, lr}
 8000584:	b08a      	sub	sp, #40	@ 0x28
 8000586:	2400      	movs	r4, #0
 8000588:	9405      	str	r4, [sp, #20]
 800058a:	9406      	str	r4, [sp, #24]
 800058c:	9407      	str	r4, [sp, #28]
 800058e:	9408      	str	r4, [sp, #32]
 8000590:	9409      	str	r4, [sp, #36]	@ 0x24
 8000592:	9401      	str	r4, [sp, #4]
 8000594:	4b41      	ldr	r3, [pc, #260]	@ (800069c <MX_GPIO_Init+0x11c>)
 8000596:	6b1a      	ldr	r2, [r3, #48]	@ 0x30
 8000598:	f042 0201 	orr.w	r2, r2, #1
 800059c:	631a      	str	r2, [r3, #48]	@ 0x30
 800059e:	6b1a      	ldr	r2, [r3, #48]	@ 0x30
 80005a0:	f002 0201 	and.w	r2, r2, #1
 80005a4:	9201      	str	r2, [sp, #4]
 80005a6:	9a01      	ldr	r2, [sp, #4]
 80005a8:	9402      	str	r4, [sp, #8]
 80005aa:	6b1a      	ldr	r2, [r3, #48]	@ 0x30
 80005ac:	f042 0202 	orr.w	r2, r2, #2
 80005b0:	631a      	str	r2, [r3, #48]	@ 0x30
 80005b2:	6b1a      	ldr	r2, [r3, #48]	@ 0x30
 80005b4:	f002 0202 	and.w	r2, r2, #2
 80005b8:	9202      	str	r2, [sp, #8]
 80005ba:	9a02      	ldr	r2, [sp, #8]
 80005bc:	9403      	str	r4, [sp, #12]
 80005be:	6b1a      	ldr	r2, [r3, #48]	@ 0x30
 80005c0:	f042 0204 	orr.w	r2, r2, #4
 80005c4:	631a      	str	r2, [r3, #48]	@ 0x30
 80005c6:	6b1a      	ldr	r2, [r3, #48]	@ 0x30
 80005c8:	f002 0204 	and.w	r2, r2, #4
 80005cc:	9203      	str	r2, [sp, #12]
 80005ce:	9a03      	ldr	r2, [sp, #12]
 80005d0:	9404      	str	r4, [sp, #16]
 80005d2:	6b1a      	ldr	r2, [r3, #48]	@ 0x30
 80005d4:	f042 0280 	orr.w	r2, r2, #128	@ 0x80
 80005d8:	631a      	str	r2, [r3, #48]	@ 0x30
 80005da:	6b1b      	ldr	r3, [r3, #48]	@ 0x30
 80005dc:	f003 0380 	and.w	r3, r3, #128	@ 0x80
 80005e0:	9304      	str	r3, [sp, #16]
 80005e2:	9b04      	ldr	r3, [sp, #16]
 80005e4:	f44f 4360 	mov.w	r3, #57344	@ 0xe000
 80005e8:	9305      	str	r3, [sp, #20]
 80005ea:	2601      	movs	r6, #1
 80005ec:	9606      	str	r6, [sp, #24]
 80005ee:	4d2c      	ldr	r5, [pc, #176]	@ (80006a0 <MX_GPIO_Init+0x120>)
 80005f0:	a905      	add	r1, sp, #20
 80005f2:	4628      	mov	r0, r5
 80005f4:	f000 ff9a 	bl	800152c <HAL_GPIO_Init>
 80005f8:	4622      	mov	r2, r4
 80005fa:	f44f 5100 	mov.w	r1, #8192	@ 0x2000
 80005fe:	4628      	mov	r0, r5
 8000600:	f001 f884 	bl	800170c <HAL_GPIO_WritePin>
 8000604:	4622      	mov	r2, r4
 8000606:	f44f 4180 	mov.w	r1, #16384	@ 0x4000
 800060a:	4628      	mov	r0, r5
 800060c:	f001 f87e 	bl	800170c <HAL_GPIO_WritePin>
 8000610:	4622      	mov	r2, r4
 8000612:	f44f 4100 	mov.w	r1, #32768	@ 0x8000
 8000616:	4628      	mov	r0, r5
 8000618:	f001 f878 	bl	800170c <HAL_GPIO_WritePin>
 800061c:	f44f 6880 	mov.w	r8, #1024	@ 0x400
 8000620:	f8cd 8014 	str.w	r8, [sp, #20]
 8000624:	9606      	str	r6, [sp, #24]
 8000626:	9407      	str	r4, [sp, #28]
 8000628:	9408      	str	r4, [sp, #32]
 800062a:	4f1e      	ldr	r7, [pc, #120]	@ (80006a4 <MX_GPIO_Init+0x124>)
 800062c:	a905      	add	r1, sp, #20
 800062e:	4638      	mov	r0, r7
 8000630:	f000 ff7c 	bl	800152c <HAL_GPIO_Init>
 8000634:	4622      	mov	r2, r4
 8000636:	4641      	mov	r1, r8
 8000638:	4638      	mov	r0, r7
 800063a:	f001 f867 	bl	800170c <HAL_GPIO_WritePin>
 800063e:	2370      	movs	r3, #112	@ 0x70
 8000640:	9305      	str	r3, [sp, #20]
 8000642:	f44f 1704 	mov.w	r7, #2162688	@ 0x210000
 8000646:	9706      	str	r7, [sp, #24]
 8000648:	9607      	str	r6, [sp, #28]
 800064a:	a905      	add	r1, sp, #20
 800064c:	4628      	mov	r0, r5
 800064e:	f000 ff6d 	bl	800152c <HAL_GPIO_Init>
 8000652:	f44f 5300 	mov.w	r3, #8192	@ 0x2000
 8000656:	9305      	str	r3, [sp, #20]
 8000658:	9706      	str	r7, [sp, #24]
 800065a:	9407      	str	r4, [sp, #28]
 800065c:	a905      	add	r1, sp, #20
 800065e:	4812      	ldr	r0, [pc, #72]	@ (80006a8 <MX_GPIO_Init+0x128>)
 8000660:	f000 ff64 	bl	800152c <HAL_GPIO_Init>
 8000664:	4622      	mov	r2, r4
 8000666:	4621      	mov	r1, r4
 8000668:	200a      	movs	r0, #10
 800066a:	f000 fb73 	bl	8000d54 <HAL_NVIC_SetPriority>
 800066e:	200a      	movs	r0, #10
 8000670:	f000 fb80 	bl	8000d74 <HAL_NVIC_EnableIRQ>
 8000674:	4622      	mov	r2, r4
 8000676:	4621      	mov	r1, r4
 8000678:	2017      	movs	r0, #23
 800067a:	f000 fb6b 	bl	8000d54 <HAL_NVIC_SetPriority>
 800067e:	2017      	movs	r0, #23
 8000680:	f000 fb78 	bl	8000d74 <HAL_NVIC_EnableIRQ>
 8000684:	4622      	mov	r2, r4
 8000686:	4621      	mov	r1, r4
 8000688:	2028      	movs	r0, #40	@ 0x28
 800068a:	f000 fb63 	bl	8000d54 <HAL_NVIC_SetPriority>
 800068e:	2028      	movs	r0, #40	@ 0x28
 8000690:	f000 fb70 	bl	8000d74 <HAL_NVIC_EnableIRQ>
 8000694:	b00a      	add	sp, #40	@ 0x28
 8000696:	e8bd 81f0 	ldmia.w	sp!, {r4, r5, r6, r7, r8, pc}
 800069a:	bf00      	nop
 800069c:	40023800 	.word	0x40023800
 80006a0:	40020400 	.word	0x40020400
 80006a4:	40020000 	.word	0x40020000
 80006a8:	40020800 	.word	0x40020800

080006ac <MX_DMA_Init>:
 80006ac:	b500      	push	{lr}
 80006ae:	b083      	sub	sp, #12
 80006b0:	2100      	movs	r1, #0
 80006b2:	9100      	str	r1, [sp, #0]
 80006b4:	4b0e      	ldr	r3, [pc, #56]	@ (80006f0 <MX_DMA_Init+0x44>)
 80006b6:	6b1a      	ldr	r2, [r3, #48]	@ 0x30
 80006b8:	f442 1200 	orr.w	r2, r2, #2097152	@ 0x200000
 80006bc:	631a      	str	r2, [r3, #48]	@ 0x30
 80006be:	6b1a      	ldr	r2, [r3, #48]	@ 0x30
 80006c0:	f402 1200 	and.w	r2, r2, #2097152	@ 0x200000
 80006c4:	9200      	str	r2, [sp, #0]
 80006c6:	9a00      	ldr	r2, [sp, #0]
 80006c8:	9101      	str	r1, [sp, #4]
 80006ca:	6b1a      	ldr	r2, [r3, #48]	@ 0x30
 80006cc:	f442 0280 	orr.w	r2, r2, #4194304	@ 0x400000
 80006d0:	631a      	str	r2, [r3, #48]	@ 0x30
 80006d2:	6b1b      	ldr	r3, [r3, #48]	@ 0x30
 80006d4:	f403 0380 	and.w	r3, r3, #4194304	@ 0x400000
 80006d8:	9301      	str	r3, [sp, #4]
 80006da:	9b01      	ldr	r3, [sp, #4]
 80006dc:	460a      	mov	r2, r1
 80006de:	2011      	movs	r0, #17
 80006e0:	f000 fb38 	bl	8000d54 <HAL_NVIC_SetPriority>
 80006e4:	2011      	movs	r0, #17
 80006e6:	f000 fb45 	bl	8000d74 <HAL_NVIC_EnableIRQ>
 80006ea:	b003      	add	sp, #12
 80006ec:	f85d fb04 	ldr.w	pc, [sp], #4
 80006f0:	40023800 	.word	0x40023800

080006f4 <Error_Handler>:
 80006f4:	b672      	cpsid	i
 80006f6:	2000      	movs	r0, #0
 80006f8:	e00b      	b.n	8000712 <Error_Handler+0x1e>
 80006fa:	bf00      	nop
 80006fc:	3301      	adds	r3, #1
 80006fe:	f643 2297 	movw	r2, #14999	@ 0x3a97
 8000702:	4293      	cmp	r3, r2
 8000704:	ddf9      	ble.n	80006fa <Error_Handler+0x6>
 8000706:	3101      	adds	r1, #1
 8000708:	29c7      	cmp	r1, #199	@ 0xc7
 800070a:	dc01      	bgt.n	8000710 <Error_Handler+0x1c>
 800070c:	2300      	movs	r3, #0
 800070e:	e7f6      	b.n	80006fe <Error_Handler+0xa>
 8000710:	3001      	adds	r0, #1
 8000712:	2809      	cmp	r0, #9
 8000714:	dc01      	bgt.n	800071a <Error_Handler+0x26>
 8000716:	2100      	movs	r1, #0
 8000718:	e7f6      	b.n	8000708 <Error_Handler+0x14>
 800071a:	2000      	movs	r0, #0
 800071c:	e00c      	b.n	8000738 <Error_Handler+0x44>
 800071e:	bf00      	nop
 8000720:	3301      	adds	r3, #1
 8000722:	f643 2297 	movw	r2, #14999	@ 0x3a97
 8000726:	4293      	cmp	r3, r2
 8000728:	ddf9      	ble.n	800071e <Error_Handler+0x2a>
 800072a:	3101      	adds	r1, #1
 800072c:	f5b1 7f16 	cmp.w	r1, #600	@ 0x258
 8000730:	da01      	bge.n	8000736 <Error_Handler+0x42>
 8000732:	2300      	movs	r3, #0
 8000734:	e7f5      	b.n	8000722 <Error_Handler+0x2e>
 8000736:	3001      	adds	r0, #1
 8000738:	2809      	cmp	r0, #9
 800073a:	dcdc      	bgt.n	80006f6 <Error_Handler+0x2>
 800073c:	2100      	movs	r1, #0
 800073e:	e7f5      	b.n	800072c <Error_Handler+0x38>

08000740 <SystemClockHSE_Config>:
 8000740:	b500      	push	{lr}
 8000742:	b095      	sub	sp, #84	@ 0x54
 8000744:	2300      	movs	r3, #0
 8000746:	9300      	str	r3, [sp, #0]
 8000748:	4a2d      	ldr	r2, [pc, #180]	@ (8000800 <SystemClockHSE_Config+0xc0>)
 800074a:	6c11      	ldr	r1, [r2, #64]	@ 0x40
 800074c:	f041 5180 	orr.w	r1, r1, #268435456	@ 0x10000000
 8000750:	6411      	str	r1, [r2, #64]	@ 0x40
 8000752:	6c12      	ldr	r2, [r2, #64]	@ 0x40
 8000754:	f002 5280 	and.w	r2, r2, #268435456	@ 0x10000000
 8000758:	9200      	str	r2, [sp, #0]
 800075a:	9a00      	ldr	r2, [sp, #0]
 800075c:	9301      	str	r3, [sp, #4]
 800075e:	4a29      	ldr	r2, [pc, #164]	@ (8000804 <SystemClockHSE_Config+0xc4>)
 8000760:	6811      	ldr	r1, [r2, #0]
 8000762:	f441 4140 	orr.w	r1, r1, #49152	@ 0xc000
 8000766:	6011      	str	r1, [r2, #0]
 8000768:	6812      	ldr	r2, [r2, #0]
 800076a:	f402 4240 	and.w	r2, r2, #49152	@ 0xc000
 800076e:	9201      	str	r2, [sp, #4]
 8000770:	9a01      	ldr	r2, [sp, #4]
 8000772:	2201      	movs	r2, #1
 8000774:	920f      	str	r2, [sp, #60]	@ 0x3c
 8000776:	9310      	str	r3, [sp, #64]	@ 0x40
 8000778:	2105      	movs	r1, #5
 800077a:	a80f      	add	r0, sp, #60	@ 0x3c
 800077c:	f001 f91c 	bl	80019b8 <HAL_RCC_ClockConfig>
 8000780:	b9d8      	cbnz	r0, 80007ba <SystemClockHSE_Config+0x7a>
 8000782:	2301      	movs	r3, #1
 8000784:	9302      	str	r3, [sp, #8]
 8000786:	f44f 23a0 	mov.w	r3, #327680	@ 0x50000
 800078a:	9303      	str	r3, [sp, #12]
 800078c:	2302      	movs	r3, #2
 800078e:	9308      	str	r3, [sp, #32]
 8000790:	f44f 0280 	mov.w	r2, #4194304	@ 0x400000
 8000794:	9209      	str	r2, [sp, #36]	@ 0x24
 8000796:	2208      	movs	r2, #8
 8000798:	920a      	str	r2, [sp, #40]	@ 0x28
 800079a:	f44f 72b4 	mov.w	r2, #360	@ 0x168
 800079e:	920b      	str	r2, [sp, #44]	@ 0x2c
 80007a0:	930c      	str	r3, [sp, #48]	@ 0x30
 80007a2:	2307      	movs	r3, #7
 80007a4:	930d      	str	r3, [sp, #52]	@ 0x34
 80007a6:	2306      	movs	r3, #6
 80007a8:	930e      	str	r3, [sp, #56]	@ 0x38
 80007aa:	a802      	add	r0, sp, #8
 80007ac:	f001 faa2 	bl	8001cf4 <HAL_RCC_OscConfig>
 80007b0:	b928      	cbnz	r0, 80007be <SystemClockHSE_Config+0x7e>
 80007b2:	f001 f8c3 	bl	800193c <HAL_PWREx_EnableOverDrive>
 80007b6:	b120      	cbz	r0, 80007c2 <SystemClockHSE_Config+0x82>
 80007b8:	e7fe      	b.n	80007b8 <SystemClockHSE_Config+0x78>
 80007ba:	f7ff ff9b 	bl	80006f4 <Error_Handler>
 80007be:	f7ff ff99 	bl	80006f4 <Error_Handler>
 80007c2:	230f      	movs	r3, #15
 80007c4:	930f      	str	r3, [sp, #60]	@ 0x3c
 80007c6:	2302      	movs	r3, #2
 80007c8:	9310      	str	r3, [sp, #64]	@ 0x40
 80007ca:	2300      	movs	r3, #0
 80007cc:	9311      	str	r3, [sp, #68]	@ 0x44
 80007ce:	f44f 52a0 	mov.w	r2, #5120	@ 0x1400
 80007d2:	9212      	str	r2, [sp, #72]	@ 0x48
 80007d4:	9313      	str	r3, [sp, #76]	@ 0x4c
 80007d6:	2105      	movs	r1, #5
 80007d8:	a80f      	add	r0, sp, #60	@ 0x3c
 80007da:	f001 f8ed 	bl	80019b8 <HAL_RCC_ClockConfig>
 80007de:	b958      	cbnz	r0, 80007f8 <SystemClockHSE_Config+0xb8>
 80007e0:	2302      	movs	r3, #2
 80007e2:	9302      	str	r3, [sp, #8]
 80007e4:	2300      	movs	r3, #0
 80007e6:	9305      	str	r3, [sp, #20]
 80007e8:	9308      	str	r3, [sp, #32]
 80007ea:	a802      	add	r0, sp, #8
 80007ec:	f001 fa82 	bl	8001cf4 <HAL_RCC_OscConfig>
 80007f0:	b920      	cbnz	r0, 80007fc <SystemClockHSE_Config+0xbc>
 80007f2:	b015      	add	sp, #84	@ 0x54
 80007f4:	f85d fb04 	ldr.w	pc, [sp], #4
 80007f8:	f7ff ff7c 	bl	80006f4 <Error_Handler>
 80007fc:	f7ff ff7a 	bl	80006f4 <Error_Handler>
 8000800:	40023800 	.word	0x40023800
 8000804:	40007000 	.word	0x40007000

08000808 <MX_DAC_Init>:
 8000808:	b500      	push	{lr}
 800080a:	b083      	sub	sp, #12
 800080c:	2300      	movs	r3, #0
 800080e:	9300      	str	r3, [sp, #0]
 8000810:	9301      	str	r3, [sp, #4]
 8000812:	480b      	ldr	r0, [pc, #44]	@ (8000840 <MX_DAC_Init+0x38>)
 8000814:	4b0b      	ldr	r3, [pc, #44]	@ (8000844 <MX_DAC_Init+0x3c>)
 8000816:	6003      	str	r3, [r0, #0]
 8000818:	f000 face 	bl	8000db8 <HAL_DAC_Init>
 800081c:	b960      	cbnz	r0, 8000838 <MX_DAC_Init+0x30>
 800081e:	2324      	movs	r3, #36	@ 0x24
 8000820:	9300      	str	r3, [sp, #0]
 8000822:	2302      	movs	r3, #2
 8000824:	9301      	str	r3, [sp, #4]
 8000826:	2210      	movs	r2, #16
 8000828:	4669      	mov	r1, sp
 800082a:	4805      	ldr	r0, [pc, #20]	@ (8000840 <MX_DAC_Init+0x38>)
 800082c:	f000 fbd4 	bl	8000fd8 <HAL_DAC_ConfigChannel>
 8000830:	b920      	cbnz	r0, 800083c <MX_DAC_Init+0x34>
 8000832:	b003      	add	sp, #12
 8000834:	f85d fb04 	ldr.w	pc, [sp], #4
 8000838:	f7ff ff5c 	bl	80006f4 <Error_Handler>
 800083c:	f7ff ff5a 	bl	80006f4 <Error_Handler>
 8000840:	20002120 	.word	0x20002120
 8000844:	40007400 	.word	0x40007400

08000848 <MX_TIM2_Init>:
 8000848:	b500      	push	{lr}
 800084a:	b087      	sub	sp, #28
 800084c:	f001 f96a 	bl	8001b24 <HAL_RCC_GetPCLK1Freq>
 8000850:	4b1b      	ldr	r3, [pc, #108]	@ (80008c0 <MX_TIM2_Init+0x78>)
 8000852:	fba3 2300 	umull	r2, r3, r3, r0
 8000856:	f5b0 3f20 	cmp.w	r0, #163840	@ 0x28000
 800085a:	d329      	bcc.n	80008b0 <MX_TIM2_Init+0x68>
 800085c:	0c1b      	lsrs	r3, r3, #16
 800085e:	1e5a      	subs	r2, r3, #1
 8000860:	2300      	movs	r3, #0
 8000862:	9302      	str	r3, [sp, #8]
 8000864:	9303      	str	r3, [sp, #12]
 8000866:	9304      	str	r3, [sp, #16]
 8000868:	9305      	str	r3, [sp, #20]
 800086a:	9300      	str	r3, [sp, #0]
 800086c:	9301      	str	r3, [sp, #4]
 800086e:	4815      	ldr	r0, [pc, #84]	@ (80008c4 <MX_TIM2_Init+0x7c>)
 8000870:	f04f 4180 	mov.w	r1, #1073741824	@ 0x40000000
 8000874:	6001      	str	r1, [r0, #0]
 8000876:	2101      	movs	r1, #1
 8000878:	6041      	str	r1, [r0, #4]
 800087a:	6083      	str	r3, [r0, #8]
 800087c:	60c2      	str	r2, [r0, #12]
 800087e:	6103      	str	r3, [r0, #16]
 8000880:	6183      	str	r3, [r0, #24]
 8000882:	f001 fe01 	bl	8002488 <HAL_TIM_Base_Init>
 8000886:	b9a8      	cbnz	r0, 80008b4 <MX_TIM2_Init+0x6c>
 8000888:	f44f 5380 	mov.w	r3, #4096	@ 0x1000
 800088c:	9302      	str	r3, [sp, #8]
 800088e:	a902      	add	r1, sp, #8
 8000890:	480c      	ldr	r0, [pc, #48]	@ (80008c4 <MX_TIM2_Init+0x7c>)
 8000892:	f001 fe32 	bl	80024fa <HAL_TIM_ConfigClockSource>
 8000896:	b978      	cbnz	r0, 80008b8 <MX_TIM2_Init+0x70>
 8000898:	2320      	movs	r3, #32
 800089a:	9300      	str	r3, [sp, #0]
 800089c:	2300      	movs	r3, #0
 800089e:	9301      	str	r3, [sp, #4]
 80008a0:	4669      	mov	r1, sp
 80008a2:	4808      	ldr	r0, [pc, #32]	@ (80008c4 <MX_TIM2_Init+0x7c>)
 80008a4:	f001 fea8 	bl	80025f8 <HAL_TIMEx_MasterConfigSynchronization>
 80008a8:	b940      	cbnz	r0, 80008bc <MX_TIM2_Init+0x74>
 80008aa:	b007      	add	sp, #28
 80008ac:	f85d fb04 	ldr.w	pc, [sp], #4
 80008b0:	f7ff ff20 	bl	80006f4 <Error_Handler>
 80008b4:	f7ff ff1e 	bl	80006f4 <Error_Handler>
 80008b8:	f7ff ff1c 	bl	80006f4 <Error_Handler>
 80008bc:	f7ff ff1a 	bl	80006f4 <Error_Handler>
 80008c0:	cccccccd 	.word	0xcccccccd
 80008c4:	20002078 	.word	0x20002078

080008c8 <MX_USART2_UART_Init>:
 80008c8:	b508      	push	{r3, lr}
 80008ca:	480a      	ldr	r0, [pc, #40]	@ (80008f4 <MX_USART2_UART_Init+0x2c>)
 80008cc:	4b0a      	ldr	r3, [pc, #40]	@ (80008f8 <MX_USART2_UART_Init+0x30>)
 80008ce:	6003      	str	r3, [r0, #0]
 80008d0:	f44f 33e1 	mov.w	r3, #115200	@ 0x1c200
 80008d4:	6043      	str	r3, [r0, #4]
 80008d6:	2300      	movs	r3, #0
 80008d8:	6083      	str	r3, [r0, #8]
 80008da:	60c3      	str	r3, [r0, #12]
 80008dc:	6103      	str	r3, [r0, #16]
 80008de:	220c      	movs	r2, #12
 80008e0:	6142      	str	r2, [r0, #20]
 80008e2:	6183      	str	r3, [r0, #24]
 80008e4:	61c3      	str	r3, [r0, #28]
 80008e6:	f001 ffb5 	bl	8002854 <HAL_UART_Init>
 80008ea:	b900      	cbnz	r0, 80008ee <MX_USART2_UART_Init+0x26>
 80008ec:	bd08      	pop	{r3, pc}
 80008ee:	f7ff ff01 	bl	80006f4 <Error_Handler>
 80008f2:	bf00      	nop
 80008f4:	20002034 	.word	0x20002034
 80008f8:	40004400 	.word	0x40004400

080008fc <stopAcquisition>:
 80008fc:	b508      	push	{r3, lr}
 80008fe:	2200      	movs	r2, #0
 8000900:	f44f 6180 	mov.w	r1, #1024	@ 0x400
 8000904:	4808      	ldr	r0, [pc, #32]	@ (8000928 <stopAcquisition+0x2c>)
 8000906:	f000 ff01 	bl	800170c <HAL_GPIO_WritePin>
 800090a:	4808      	ldr	r0, [pc, #32]	@ (800092c <stopAcquisition+0x30>)
 800090c:	f001 fc82 	bl	8002214 <HAL_TIM_Base_Stop>
 8000910:	b928      	cbnz	r0, 800091e <stopAcquisition+0x22>
 8000912:	2110      	movs	r1, #16
 8000914:	4806      	ldr	r0, [pc, #24]	@ (8000930 <stopAcquisition+0x34>)
 8000916:	f000 fadf 	bl	8000ed8 <HAL_DAC_Stop_DMA>
 800091a:	b910      	cbnz	r0, 8000922 <stopAcquisition+0x26>
 800091c:	bd08      	pop	{r3, pc}
 800091e:	f7ff fee9 	bl	80006f4 <Error_Handler>
 8000922:	f7ff fee7 	bl	80006f4 <Error_Handler>
 8000926:	bf00      	nop
 8000928:	40020000 	.word	0x40020000
 800092c:	20002078 	.word	0x20002078
 8000930:	20002120 	.word	0x20002120

08000934 <startAcquisition>:
 8000934:	b500      	push	{lr}
 8000936:	b083      	sub	sp, #12
 8000938:	2200      	movs	r2, #0
 800093a:	f44f 6180 	mov.w	r1, #1024	@ 0x400
 800093e:	480c      	ldr	r0, [pc, #48]	@ (8000970 <startAcquisition+0x3c>)
 8000940:	f000 fee4 	bl	800170c <HAL_GPIO_WritePin>
 8000944:	2300      	movs	r3, #0
 8000946:	9300      	str	r3, [sp, #0]
 8000948:	f44f 5380 	mov.w	r3, #4096	@ 0x1000
 800094c:	4a09      	ldr	r2, [pc, #36]	@ (8000974 <startAcquisition+0x40>)
 800094e:	2110      	movs	r1, #16
 8000950:	4809      	ldr	r0, [pc, #36]	@ (8000978 <startAcquisition+0x44>)
 8000952:	f000 fa43 	bl	8000ddc <HAL_DAC_Start_DMA>
 8000956:	b930      	cbnz	r0, 8000966 <startAcquisition+0x32>
 8000958:	4808      	ldr	r0, [pc, #32]	@ (800097c <startAcquisition+0x48>)
 800095a:	f001 fc1d 	bl	8002198 <HAL_TIM_Base_Start>
 800095e:	b920      	cbnz	r0, 800096a <startAcquisition+0x36>
 8000960:	b003      	add	sp, #12
 8000962:	f85d fb04 	ldr.w	pc, [sp], #4
 8000966:	f7ff fec5 	bl	80006f4 <Error_Handler>
 800096a:	f7ff fec3 	bl	80006f4 <Error_Handler>
 800096e:	bf00      	nop
 8000970:	40020000 	.word	0x40020000
 8000974:	20000034 	.word	0x20000034
 8000978:	20002120 	.word	0x20002120
 800097c:	20002078 	.word	0x20002078

08000980 <execCommand>:
 8000980:	b510      	push	{r4, lr}
 8000982:	4b55      	ldr	r3, [pc, #340]	@ (8000ad8 <execCommand+0x158>)
 8000984:	781b      	ldrb	r3, [r3, #0]
 8000986:	2b53      	cmp	r3, #83	@ 0x53
 8000988:	d810      	bhi.n	80009ac <execCommand+0x2c>
 800098a:	2b41      	cmp	r3, #65	@ 0x41
 800098c:	d34a      	bcc.n	8000a24 <execCommand+0xa4>
 800098e:	3b41      	subs	r3, #65	@ 0x41
 8000990:	2b12      	cmp	r3, #18
 8000992:	d847      	bhi.n	8000a24 <execCommand+0xa4>
 8000994:	e8df f003 	tbb	[pc, r3]
 8000998:	46464665 	.word	0x46464665
 800099c:	46464646 	.word	0x46464646
 80009a0:	46464646 	.word	0x46464646
 80009a4:	46464683 	.word	0x46464683
 80009a8:	4746      	.short	0x4746
 80009aa:	29          	.byte	0x29
 80009ab:	00          	.byte	0x00
 80009ac:	2b6d      	cmp	r3, #109	@ 0x6d
 80009ae:	d139      	bne.n	8000a24 <execCommand+0xa4>
 80009b0:	f7ff ffa4 	bl	80008fc <stopAcquisition>
 80009b4:	4b49      	ldr	r3, [pc, #292]	@ (8000adc <execCommand+0x15c>)
 80009b6:	8818      	ldrh	r0, [r3, #0]
 80009b8:	4601      	mov	r1, r0
 80009ba:	f7ff fdb9 	bl	8000530 <buildRamp>
 80009be:	f7ff ffb9 	bl	8000934 <startAcquisition>
 80009c2:	4c47      	ldr	r4, [pc, #284]	@ (8000ae0 <execCommand+0x160>)
 80009c4:	2201      	movs	r2, #1
 80009c6:	f44f 5100 	mov.w	r1, #8192	@ 0x2000
 80009ca:	4620      	mov	r0, r4
 80009cc:	f000 fe9e 	bl	800170c <HAL_GPIO_WritePin>
 80009d0:	2200      	movs	r2, #0
 80009d2:	f44f 4180 	mov.w	r1, #16384	@ 0x4000
 80009d6:	4620      	mov	r0, r4
 80009d8:	f000 fe98 	bl	800170c <HAL_GPIO_WritePin>
 80009dc:	2200      	movs	r2, #0
 80009de:	f44f 4100 	mov.w	r1, #32768	@ 0x8000
 80009e2:	4620      	mov	r0, r4
 80009e4:	f000 fe92 	bl	800170c <HAL_GPIO_WritePin>
 80009e8:	e01c      	b.n	8000a24 <execCommand+0xa4>
 80009ea:	f7ff ff87 	bl	80008fc <stopAcquisition>
 80009ee:	4b3d      	ldr	r3, [pc, #244]	@ (8000ae4 <execCommand+0x164>)
 80009f0:	8819      	ldrh	r1, [r3, #0]
 80009f2:	4b3a      	ldr	r3, [pc, #232]	@ (8000adc <execCommand+0x15c>)
 80009f4:	8818      	ldrh	r0, [r3, #0]
 80009f6:	f7ff fd9b 	bl	8000530 <buildRamp>
 80009fa:	f7ff ff9b 	bl	8000934 <startAcquisition>
 80009fe:	4c38      	ldr	r4, [pc, #224]	@ (8000ae0 <execCommand+0x160>)
 8000a00:	2200      	movs	r2, #0
 8000a02:	f44f 5100 	mov.w	r1, #8192	@ 0x2000
 8000a06:	4620      	mov	r0, r4
 8000a08:	f000 fe80 	bl	800170c <HAL_GPIO_WritePin>
 8000a0c:	2200      	movs	r2, #0
 8000a0e:	f44f 4180 	mov.w	r1, #16384	@ 0x4000
 8000a12:	4620      	mov	r0, r4
 8000a14:	f000 fe7a 	bl	800170c <HAL_GPIO_WritePin>
 8000a18:	2201      	movs	r2, #1
 8000a1a:	f44f 4100 	mov.w	r1, #32768	@ 0x8000
 8000a1e:	4620      	mov	r0, r4
 8000a20:	f000 fe74 	bl	800170c <HAL_GPIO_WritePin>
 8000a24:	bd10      	pop	{r4, pc}
 8000a26:	f7ff ff69 	bl	80008fc <stopAcquisition>
 8000a2a:	4b2e      	ldr	r3, [pc, #184]	@ (8000ae4 <execCommand+0x164>)
 8000a2c:	8819      	ldrh	r1, [r3, #0]
 8000a2e:	4b2b      	ldr	r3, [pc, #172]	@ (8000adc <execCommand+0x15c>)
 8000a30:	8818      	ldrh	r0, [r3, #0]
 8000a32:	f7ff fd7d 	bl	8000530 <buildRamp>
 8000a36:	f7ff ff7d 	bl	8000934 <startAcquisition>
 8000a3a:	4c29      	ldr	r4, [pc, #164]	@ (8000ae0 <execCommand+0x160>)
 8000a3c:	2200      	movs	r2, #0
 8000a3e:	f44f 5100 	mov.w	r1, #8192	@ 0x2000
 8000a42:	4620      	mov	r0, r4
 8000a44:	f000 fe62 	bl	800170c <HAL_GPIO_WritePin>
 8000a48:	2200      	movs	r2, #0
 8000a4a:	f44f 4180 	mov.w	r1, #16384	@ 0x4000
 8000a4e:	4620      	mov	r0, r4
 8000a50:	f000 fe5c 	bl	800170c <HAL_GPIO_WritePin>
 8000a54:	2201      	movs	r2, #1
 8000a56:	f44f 4100 	mov.w	r1, #32768	@ 0x8000
 8000a5a:	4620      	mov	r0, r4
 8000a5c:	f000 fe56 	bl	800170c <HAL_GPIO_WritePin>
 8000a60:	e7e0      	b.n	8000a24 <execCommand+0xa4>
 8000a62:	f7ff ff4b 	bl	80008fc <stopAcquisition>
 8000a66:	4b1f      	ldr	r3, [pc, #124]	@ (8000ae4 <execCommand+0x164>)
 8000a68:	8819      	ldrh	r1, [r3, #0]
 8000a6a:	4b1c      	ldr	r3, [pc, #112]	@ (8000adc <execCommand+0x15c>)
 8000a6c:	8818      	ldrh	r0, [r3, #0]
 8000a6e:	f7ff fd5f 	bl	8000530 <buildRamp>
 8000a72:	f7ff ff5f 	bl	8000934 <startAcquisition>
 8000a76:	4c1a      	ldr	r4, [pc, #104]	@ (8000ae0 <execCommand+0x160>)
 8000a78:	2200      	movs	r2, #0
 8000a7a:	f44f 5100 	mov.w	r1, #8192	@ 0x2000
 8000a7e:	4620      	mov	r0, r4
 8000a80:	f000 fe44 	bl	800170c <HAL_GPIO_WritePin>
 8000a84:	2200      	movs	r2, #0
 8000a86:	f44f 4180 	mov.w	r1, #16384	@ 0x4000
 8000a8a:	4620      	mov	r0, r4
 8000a8c:	f000 fe3e 	bl	800170c <HAL_GPIO_WritePin>
 8000a90:	2201      	movs	r2, #1
 8000a92:	f44f 4100 	mov.w	r1, #32768	@ 0x8000
 8000a96:	4620      	mov	r0, r4
 8000a98:	f000 fe38 	bl	800170c <HAL_GPIO_WritePin>
 8000a9c:	e7c2      	b.n	8000a24 <execCommand+0xa4>
 8000a9e:	f7ff ff2d 	bl	80008fc <stopAcquisition>
 8000aa2:	4b10      	ldr	r3, [pc, #64]	@ (8000ae4 <execCommand+0x164>)
 8000aa4:	8818      	ldrh	r0, [r3, #0]
 8000aa6:	4601      	mov	r1, r0
 8000aa8:	f7ff fd42 	bl	8000530 <buildRamp>
 8000aac:	f7ff ff42 	bl	8000934 <startAcquisition>
 8000ab0:	4c0b      	ldr	r4, [pc, #44]	@ (8000ae0 <execCommand+0x160>)
 8000ab2:	2200      	movs	r2, #0
 8000ab4:	f44f 5100 	mov.w	r1, #8192	@ 0x2000
 8000ab8:	4620      	mov	r0, r4
 8000aba:	f000 fe27 	bl	800170c <HAL_GPIO_WritePin>
 8000abe:	2201      	movs	r2, #1
 8000ac0:	f44f 4180 	mov.w	r1, #16384	@ 0x4000
 8000ac4:	4620      	mov	r0, r4
 8000ac6:	f000 fe21 	bl	800170c <HAL_GPIO_WritePin>
 8000aca:	2200      	movs	r2, #0
 8000acc:	f44f 4100 	mov.w	r1, #32768	@ 0x8000
 8000ad0:	4620      	mov	r0, r4
 8000ad2:	f000 fe1b 	bl	800170c <HAL_GPIO_WritePin>
 8000ad6:	e7a5      	b.n	8000a24 <execCommand+0xa4>
 8000ad8:	20000028 	.word	0x20000028
 8000adc:	20000032 	.word	0x20000032
 8000ae0:	40020400 	.word	0x40020400
 8000ae4:	20000030 	.word	0x20000030

08000ae8 <main>:
 8000ae8:	b508      	push	{r3, lr}
 8000aea:	f000 f8c1 	bl	8000c70 <HAL_Init>
 8000aee:	f7ff fe27 	bl	8000740 <SystemClockHSE_Config>
 8000af2:	f7ff fd45 	bl	8000580 <MX_GPIO_Init>
 8000af6:	f7ff fdd9 	bl	80006ac <MX_DMA_Init>
 8000afa:	f7ff fe85 	bl	8000808 <MX_DAC_Init>
 8000afe:	f7ff fea3 	bl	8000848 <MX_TIM2_Init>
 8000b02:	f7ff fee1 	bl	80008c8 <MX_USART2_UART_Init>
 8000b06:	481e      	ldr	r0, [pc, #120]	@ (8000b80 <main+0x98>)
 8000b08:	f002 f898 	bl	8002c3c <HAL_UART_GetState>
 8000b0c:	2820      	cmp	r0, #32
 8000b0e:	d1fa      	bne.n	8000b06 <main+0x1e>
 8000b10:	4b1c      	ldr	r3, [pc, #112]	@ (8000b84 <main+0x9c>)
 8000b12:	2200      	movs	r2, #0
 8000b14:	701a      	strb	r2, [r3, #0]
 8000b16:	2201      	movs	r2, #1
 8000b18:	491b      	ldr	r1, [pc, #108]	@ (8000b88 <main+0xa0>)
 8000b1a:	4819      	ldr	r0, [pc, #100]	@ (8000b80 <main+0x98>)
 8000b1c:	f002 f8b1 	bl	8002c82 <HAL_UART_Receive_IT>
 8000b20:	b108      	cbz	r0, 8000b26 <main+0x3e>
 8000b22:	f7ff fde7 	bl	80006f4 <Error_Handler>
 8000b26:	4b19      	ldr	r3, [pc, #100]	@ (8000b8c <main+0xa4>)
 8000b28:	2200      	movs	r2, #0
 8000b2a:	801a      	strh	r2, [r3, #0]
 8000b2c:	4b18      	ldr	r3, [pc, #96]	@ (8000b90 <main+0xa8>)
 8000b2e:	f640 72ff 	movw	r2, #4095	@ 0xfff
 8000b32:	801a      	strh	r2, [r3, #0]
 8000b34:	4b17      	ldr	r3, [pc, #92]	@ (8000b94 <main+0xac>)
 8000b36:	2252      	movs	r2, #82	@ 0x52
 8000b38:	701a      	strb	r2, [r3, #0]
 8000b3a:	f7ff ff21 	bl	8000980 <execCommand>
 8000b3e:	e002      	b.n	8000b46 <main+0x5e>
 8000b40:	4b10      	ldr	r3, [pc, #64]	@ (8000b84 <main+0x9c>)
 8000b42:	781b      	ldrb	r3, [r3, #0]
 8000b44:	b94b      	cbnz	r3, 8000b5a <main+0x72>
 8000b46:	4b14      	ldr	r3, [pc, #80]	@ (8000b98 <main+0xb0>)
 8000b48:	781b      	ldrb	r3, [r3, #0]
 8000b4a:	2b00      	cmp	r3, #0
 8000b4c:	d0f8      	beq.n	8000b40 <main+0x58>
 8000b4e:	4b12      	ldr	r3, [pc, #72]	@ (8000b98 <main+0xb0>)
 8000b50:	2200      	movs	r2, #0
 8000b52:	701a      	strb	r2, [r3, #0]
 8000b54:	f7ff ff14 	bl	8000980 <execCommand>
 8000b58:	e7f2      	b.n	8000b40 <main+0x58>
 8000b5a:	4b0a      	ldr	r3, [pc, #40]	@ (8000b84 <main+0x9c>)
 8000b5c:	2200      	movs	r2, #0
 8000b5e:	701a      	strb	r2, [r3, #0]
 8000b60:	4c09      	ldr	r4, [pc, #36]	@ (8000b88 <main+0xa0>)
 8000b62:	7822      	ldrb	r2, [r4, #0]
 8000b64:	4b0b      	ldr	r3, [pc, #44]	@ (8000b94 <main+0xac>)
 8000b66:	701a      	strb	r2, [r3, #0]
 8000b68:	f7ff ff0a 	bl	8000980 <execCommand>
 8000b6c:	2201      	movs	r2, #1
 8000b6e:	4621      	mov	r1, r4
 8000b70:	4803      	ldr	r0, [pc, #12]	@ (8000b80 <main+0x98>)
 8000b72:	f002 f886 	bl	8002c82 <HAL_UART_Receive_IT>
 8000b76:	2800      	cmp	r0, #0
 8000b78:	d0e5      	beq.n	8000b46 <main+0x5e>
 8000b7a:	f7ff fdbb 	bl	80006f4 <Error_Handler>
 8000b7e:	bf00      	nop
 8000b80:	20002034 	.word	0x20002034
 8000b84:	2000002e 	.word	0x2000002e
 8000b88:	2000002c 	.word	0x2000002c
 8000b8c:	20000032 	.word	0x20000032
 8000b90:	20000030 	.word	0x20000030
 8000b94:	20000028 	.word	0x20000028
 8000b98:	2000002f 	.word	0x2000002f

08000b9c <HAL_GPIO_EXTI_Callback>:
 8000b9c:	f5b0 5f00 	cmp.w	r0, #8192	@ 0x2000
 8000ba0:	d009      	beq.n	8000bb6 <HAL_GPIO_EXTI_Callback+0x1a>
 8000ba2:	2810      	cmp	r0, #16
 8000ba4:	d00e      	beq.n	8000bc4 <HAL_GPIO_EXTI_Callback+0x28>
 8000ba6:	2820      	cmp	r0, #32
 8000ba8:	d010      	beq.n	8000bcc <HAL_GPIO_EXTI_Callback+0x30>
 8000baa:	2840      	cmp	r0, #64	@ 0x40
 8000bac:	d109      	bne.n	8000bc2 <HAL_GPIO_EXTI_Callback+0x26>
 8000bae:	4b09      	ldr	r3, [pc, #36]	@ (8000bd4 <HAL_GPIO_EXTI_Callback+0x38>)
 8000bb0:	2252      	movs	r2, #82	@ 0x52
 8000bb2:	701a      	strb	r2, [r3, #0]
 8000bb4:	e002      	b.n	8000bbc <HAL_GPIO_EXTI_Callback+0x20>
 8000bb6:	4b07      	ldr	r3, [pc, #28]	@ (8000bd4 <HAL_GPIO_EXTI_Callback+0x38>)
 8000bb8:	2253      	movs	r2, #83	@ 0x53
 8000bba:	701a      	strb	r2, [r3, #0]
 8000bbc:	4b06      	ldr	r3, [pc, #24]	@ (8000bd8 <HAL_GPIO_EXTI_Callback+0x3c>)
 8000bbe:	2201      	movs	r2, #1
 8000bc0:	701a      	strb	r2, [r3, #0]
 8000bc2:	4770      	bx	lr
 8000bc4:	4b03      	ldr	r3, [pc, #12]	@ (8000bd4 <HAL_GPIO_EXTI_Callback+0x38>)
 8000bc6:	226d      	movs	r2, #109	@ 0x6d
 8000bc8:	701a      	strb	r2, [r3, #0]
 8000bca:	e7f7      	b.n	8000bbc <HAL_GPIO_EXTI_Callback+0x20>
 8000bcc:	4b01      	ldr	r3, [pc, #4]	@ (8000bd4 <HAL_GPIO_EXTI_Callback+0x38>)
 8000bce:	224d      	movs	r2, #77	@ 0x4d
 8000bd0:	701a      	strb	r2, [r3, #0]
 8000bd2:	e7f3      	b.n	8000bbc <HAL_GPIO_EXTI_Callback+0x20>
 8000bd4:	20000028 	.word	0x20000028
 8000bd8:	2000002f 	.word	0x2000002f

08000bdc <HAL_UART_TxCpltCallback>:
 8000bdc:	4b01      	ldr	r3, [pc, #4]	@ (8000be4 <HAL_UART_TxCpltCallback+0x8>)
 8000bde:	2201      	movs	r2, #1
 8000be0:	701a      	strb	r2, [r3, #0]
 8000be2:	4770      	bx	lr
 8000be4:	2000002d 	.word	0x2000002d

08000be8 <HAL_UART_RxCpltCallback>:
 8000be8:	4b01      	ldr	r3, [pc, #4]	@ (8000bf0 <HAL_UART_RxCpltCallback+0x8>)
 8000bea:	2201      	movs	r2, #1
 8000bec:	701a      	strb	r2, [r3, #0]
 8000bee:	4770      	bx	lr
 8000bf0:	2000002e 	.word	0x2000002e

08000bf4 <HAL_UART_ErrorCallback>:
 8000bf4:	b508      	push	{r3, lr}
 8000bf6:	f7ff fd7d 	bl	80006f4 <Error_Handler>
	...

08000bfc <HAL_DACEx_ConvHalfCpltCallbackCh2>:
 8000bfc:	b508      	push	{r3, lr}
 8000bfe:	2201      	movs	r2, #1
 8000c00:	f44f 6180 	mov.w	r1, #1024	@ 0x400
 8000c04:	4801      	ldr	r0, [pc, #4]	@ (8000c0c <HAL_DACEx_ConvHalfCpltCallbackCh2+0x10>)
 8000c06:	f000 fd81 	bl	800170c <HAL_GPIO_WritePin>
 8000c0a:	bd08      	pop	{r3, pc}
 8000c0c:	40020000 	.word	0x40020000

08000c10 <HAL_DACEx_ConvCpltCallbackCh2>:
 8000c10:	b508      	push	{r3, lr}
 8000c12:	2200      	movs	r2, #0
 8000c14:	f44f 6180 	mov.w	r1, #1024	@ 0x400
 8000c18:	4801      	ldr	r0, [pc, #4]	@ (8000c20 <HAL_DACEx_ConvCpltCallbackCh2+0x10>)
 8000c1a:	f000 fd77 	bl	800170c <HAL_GPIO_WritePin>
 8000c1e:	bd08      	pop	{r3, pc}
 8000c20:	40020000 	.word	0x40020000

08000c24 <HAL_InitTick>:
 8000c24:	b510      	push	{r4, lr}
 8000c26:	4604      	mov	r4, r0
 8000c28:	4b0e      	ldr	r3, [pc, #56]	@ (8000c64 <HAL_InitTick+0x40>)
 8000c2a:	781a      	ldrb	r2, [r3, #0]
 8000c2c:	f44f 737a 	mov.w	r3, #1000	@ 0x3e8
 8000c30:	fbb3 f3f2 	udiv	r3, r3, r2
 8000c34:	4a0c      	ldr	r2, [pc, #48]	@ (8000c68 <HAL_InitTick+0x44>)
 8000c36:	6810      	ldr	r0, [r2, #0]
 8000c38:	fbb0 f0f3 	udiv	r0, r0, r3
 8000c3c:	f000 f8a8 	bl	8000d90 <HAL_SYSTICK_Config>
 8000c40:	b968      	cbnz	r0, 8000c5e <HAL_InitTick+0x3a>
 8000c42:	2c0f      	cmp	r4, #15
 8000c44:	d901      	bls.n	8000c4a <HAL_InitTick+0x26>
 8000c46:	2001      	movs	r0, #1
 8000c48:	e00a      	b.n	8000c60 <HAL_InitTick+0x3c>
 8000c4a:	2200      	movs	r2, #0
 8000c4c:	4621      	mov	r1, r4
 8000c4e:	f04f 30ff 	mov.w	r0, #4294967295	@ 0xffffffff
 8000c52:	f000 f87f 	bl	8000d54 <HAL_NVIC_SetPriority>
 8000c56:	4b05      	ldr	r3, [pc, #20]	@ (8000c6c <HAL_InitTick+0x48>)
 8000c58:	601c      	str	r4, [r3, #0]
 8000c5a:	2000      	movs	r0, #0
 8000c5c:	e000      	b.n	8000c60 <HAL_InitTick+0x3c>
 8000c5e:	2001      	movs	r0, #1
 8000c60:	bd10      	pop	{r4, pc}
 8000c62:	bf00      	nop
 8000c64:	20000000 	.word	0x20000000
 8000c68:	20000008 	.word	0x20000008
 8000c6c:	20000004 	.word	0x20000004

08000c70 <HAL_Init>:
 8000c70:	b508      	push	{r3, lr}
 8000c72:	4b0b      	ldr	r3, [pc, #44]	@ (8000ca0 <HAL_Init+0x30>)
 8000c74:	681a      	ldr	r2, [r3, #0]
 8000c76:	f442 7200 	orr.w	r2, r2, #512	@ 0x200
 8000c7a:	601a      	str	r2, [r3, #0]
 8000c7c:	681a      	ldr	r2, [r3, #0]
 8000c7e:	f442 6280 	orr.w	r2, r2, #1024	@ 0x400
 8000c82:	601a      	str	r2, [r3, #0]
 8000c84:	681a      	ldr	r2, [r3, #0]
 8000c86:	f442 7280 	orr.w	r2, r2, #256	@ 0x100
 8000c8a:	601a      	str	r2, [r3, #0]
 8000c8c:	2003      	movs	r0, #3
 8000c8e:	f000 f84f 	bl	8000d30 <HAL_NVIC_SetPriorityGrouping>
 8000c92:	2000      	movs	r0, #0
 8000c94:	f7ff ffc6 	bl	8000c24 <HAL_InitTick>
 8000c98:	f000 fd4c 	bl	8001734 <HAL_MspInit>
 8000c9c:	2000      	movs	r0, #0
 8000c9e:	bd08      	pop	{r3, pc}
 8000ca0:	40023c00 	.word	0x40023c00

08000ca4 <HAL_IncTick>:
 8000ca4:	4a03      	ldr	r2, [pc, #12]	@ (8000cb4 <HAL_IncTick+0x10>)
 8000ca6:	6811      	ldr	r1, [r2, #0]
 8000ca8:	4b03      	ldr	r3, [pc, #12]	@ (8000cb8 <HAL_IncTick+0x14>)
 8000caa:	781b      	ldrb	r3, [r3, #0]
 8000cac:	440b      	add	r3, r1
 8000cae:	6013      	str	r3, [r2, #0]
 8000cb0:	4770      	bx	lr
 8000cb2:	bf00      	nop
 8000cb4:	20002134 	.word	0x20002134
 8000cb8:	20000000 	.word	0x20000000

08000cbc <HAL_GetTick>:
 8000cbc:	4b01      	ldr	r3, [pc, #4]	@ (8000cc4 <HAL_GetTick+0x8>)
 8000cbe:	6818      	ldr	r0, [r3, #0]
 8000cc0:	4770      	bx	lr
 8000cc2:	bf00      	nop
 8000cc4:	20002134 	.word	0x20002134

08000cc8 <__NVIC_SetPriority>:
 8000cc8:	2800      	cmp	r0, #0
 8000cca:	db08      	blt.n	8000cde <__NVIC_SetPriority+0x16>
 8000ccc:	0109      	lsls	r1, r1, #4
 8000cce:	b2c9      	uxtb	r1, r1
 8000cd0:	f100 4060 	add.w	r0, r0, #3758096384	@ 0xe0000000
 8000cd4:	f500 4061 	add.w	r0, r0, #57600	@ 0xe100
 8000cd8:	f880 1300 	strb.w	r1, [r0, #768]	@ 0x300
 8000cdc:	4770      	bx	lr
 8000cde:	f000 000f 	and.w	r0, r0, #15
 8000ce2:	0109      	lsls	r1, r1, #4
 8000ce4:	b2c9      	uxtb	r1, r1
 8000ce6:	4b01      	ldr	r3, [pc, #4]	@ (8000cec <__NVIC_SetPriority+0x24>)
 8000ce8:	5419      	strb	r1, [r3, r0]
 8000cea:	4770      	bx	lr
 8000cec:	e000ed14 	.word	0xe000ed14

08000cf0 <NVIC_EncodePriority>:
 8000cf0:	b500      	push	{lr}
 8000cf2:	f000 0007 	and.w	r0, r0, #7
 8000cf6:	f1c0 0c07 	rsb	ip, r0, #7
 8000cfa:	f1bc 0f04 	cmp.w	ip, #4
 8000cfe:	bf28      	it	cs
 8000d00:	f04f 0c04 	movcs.w	ip, #4
 8000d04:	1d03      	adds	r3, r0, #4
 8000d06:	2b06      	cmp	r3, #6
 8000d08:	d90f      	bls.n	8000d2a <NVIC_EncodePriority+0x3a>
 8000d0a:	1ec3      	subs	r3, r0, #3
 8000d0c:	f04f 3eff 	mov.w	lr, #4294967295	@ 0xffffffff
 8000d10:	fa0e f00c 	lsl.w	r0, lr, ip
 8000d14:	ea21 0100 	bic.w	r1, r1, r0
 8000d18:	4099      	lsls	r1, r3
 8000d1a:	fa0e fe03 	lsl.w	lr, lr, r3
 8000d1e:	ea22 020e 	bic.w	r2, r2, lr
 8000d22:	ea41 0002 	orr.w	r0, r1, r2
 8000d26:	f85d fb04 	ldr.w	pc, [sp], #4
 8000d2a:	2300      	movs	r3, #0
 8000d2c:	e7ee      	b.n	8000d0c <NVIC_EncodePriority+0x1c>
	...

08000d30 <HAL_NVIC_SetPriorityGrouping>:
 8000d30:	4a07      	ldr	r2, [pc, #28]	@ (8000d50 <HAL_NVIC_SetPriorityGrouping+0x20>)
 8000d32:	68d3      	ldr	r3, [r2, #12]
 8000d34:	f423 63e0 	bic.w	r3, r3, #1792	@ 0x700
 8000d38:	041b      	lsls	r3, r3, #16
 8000d3a:	0c1b      	lsrs	r3, r3, #16
 8000d3c:	0200      	lsls	r0, r0, #8
 8000d3e:	f400 60e0 	and.w	r0, r0, #1792	@ 0x700
 8000d42:	4303      	orrs	r3, r0
 8000d44:	f043 63bf 	orr.w	r3, r3, #100139008	@ 0x5f80000
 8000d48:	f443 3300 	orr.w	r3, r3, #131072	@ 0x20000
 8000d4c:	60d3      	str	r3, [r2, #12]
 8000d4e:	4770      	bx	lr
 8000d50:	e000ed00 	.word	0xe000ed00

08000d54 <HAL_NVIC_SetPriority>:
 8000d54:	b510      	push	{r4, lr}
 8000d56:	4604      	mov	r4, r0
 8000d58:	4b05      	ldr	r3, [pc, #20]	@ (8000d70 <HAL_NVIC_SetPriority+0x1c>)
 8000d5a:	68d8      	ldr	r0, [r3, #12]
 8000d5c:	f3c0 2002 	ubfx	r0, r0, #8, #3
 8000d60:	f7ff ffc6 	bl	8000cf0 <NVIC_EncodePriority>
 8000d64:	4601      	mov	r1, r0
 8000d66:	4620      	mov	r0, r4
 8000d68:	f7ff ffae 	bl	8000cc8 <__NVIC_SetPriority>
 8000d6c:	bd10      	pop	{r4, pc}
 8000d6e:	bf00      	nop
 8000d70:	e000ed00 	.word	0xe000ed00

08000d74 <HAL_NVIC_EnableIRQ>:
 8000d74:	2800      	cmp	r0, #0
 8000d76:	db07      	blt.n	8000d88 <HAL_NVIC_EnableIRQ+0x14>
 8000d78:	f000 021f 	and.w	r2, r0, #31
 8000d7c:	0940      	lsrs	r0, r0, #5
 8000d7e:	2301      	movs	r3, #1
 8000d80:	4093      	lsls	r3, r2
 8000d82:	4a02      	ldr	r2, [pc, #8]	@ (8000d8c <HAL_NVIC_EnableIRQ+0x18>)
 8000d84:	f842 3020 	str.w	r3, [r2, r0, lsl #2]
 8000d88:	4770      	bx	lr
 8000d8a:	bf00      	nop
 8000d8c:	e000e100 	.word	0xe000e100

08000d90 <HAL_SYSTICK_Config>:
 8000d90:	3801      	subs	r0, #1
 8000d92:	f1b0 7f80 	cmp.w	r0, #16777216	@ 0x1000000
 8000d96:	d20b      	bcs.n	8000db0 <HAL_SYSTICK_Config+0x20>
 8000d98:	f04f 23e0 	mov.w	r3, #3758153728	@ 0xe000e000
 8000d9c:	6158      	str	r0, [r3, #20]
 8000d9e:	4a05      	ldr	r2, [pc, #20]	@ (8000db4 <HAL_SYSTICK_Config+0x24>)
 8000da0:	21f0      	movs	r1, #240	@ 0xf0
 8000da2:	f882 1023 	strb.w	r1, [r2, #35]	@ 0x23
 8000da6:	2000      	movs	r0, #0
 8000da8:	6198      	str	r0, [r3, #24]
 8000daa:	2207      	movs	r2, #7
 8000dac:	611a      	str	r2, [r3, #16]
 8000dae:	4770      	bx	lr
 8000db0:	2001      	movs	r0, #1
 8000db2:	4770      	bx	lr
 8000db4:	e000ed00 	.word	0xe000ed00

08000db8 <HAL_DAC_Init>:
 8000db8:	b170      	cbz	r0, 8000dd8 <HAL_DAC_Init+0x20>
 8000dba:	b510      	push	{r4, lr}
 8000dbc:	4604      	mov	r4, r0
 8000dbe:	7903      	ldrb	r3, [r0, #4]
 8000dc0:	b133      	cbz	r3, 8000dd0 <HAL_DAC_Init+0x18>
 8000dc2:	2302      	movs	r3, #2
 8000dc4:	7123      	strb	r3, [r4, #4]
 8000dc6:	2000      	movs	r0, #0
 8000dc8:	6120      	str	r0, [r4, #16]
 8000dca:	2301      	movs	r3, #1
 8000dcc:	7123      	strb	r3, [r4, #4]
 8000dce:	bd10      	pop	{r4, pc}
 8000dd0:	7143      	strb	r3, [r0, #5]
 8000dd2:	f000 fccf 	bl	8001774 <HAL_DAC_MspInit>
 8000dd6:	e7f4      	b.n	8000dc2 <HAL_DAC_Init+0xa>
 8000dd8:	2001      	movs	r0, #1
 8000dda:	4770      	bx	lr

08000ddc <HAL_DAC_Start_DMA>:
 8000ddc:	b570      	push	{r4, r5, r6, lr}
 8000dde:	4604      	mov	r4, r0
 8000de0:	460d      	mov	r5, r1
 8000de2:	4611      	mov	r1, r2
 8000de4:	9a04      	ldr	r2, [sp, #16]
 8000de6:	7940      	ldrb	r0, [r0, #5]
 8000de8:	2801      	cmp	r0, #1
 8000dea:	d066      	beq.n	8000eba <HAL_DAC_Start_DMA+0xde>
 8000dec:	2001      	movs	r0, #1
 8000dee:	7160      	strb	r0, [r4, #5]
 8000df0:	2002      	movs	r0, #2
 8000df2:	7120      	strb	r0, [r4, #4]
 8000df4:	2d00      	cmp	r5, #0
 8000df6:	d132      	bne.n	8000e5e <HAL_DAC_Start_DMA+0x82>
 8000df8:	68a0      	ldr	r0, [r4, #8]
 8000dfa:	4e31      	ldr	r6, [pc, #196]	@ (8000ec0 <HAL_DAC_Start_DMA+0xe4>)
 8000dfc:	63c6      	str	r6, [r0, #60]	@ 0x3c
 8000dfe:	68a0      	ldr	r0, [r4, #8]
 8000e00:	4e30      	ldr	r6, [pc, #192]	@ (8000ec4 <HAL_DAC_Start_DMA+0xe8>)
 8000e02:	6406      	str	r6, [r0, #64]	@ 0x40
 8000e04:	68a0      	ldr	r0, [r4, #8]
 8000e06:	4e30      	ldr	r6, [pc, #192]	@ (8000ec8 <HAL_DAC_Start_DMA+0xec>)
 8000e08:	64c6      	str	r6, [r0, #76]	@ 0x4c
 8000e0a:	6826      	ldr	r6, [r4, #0]
 8000e0c:	6830      	ldr	r0, [r6, #0]
 8000e0e:	f440 5080 	orr.w	r0, r0, #4096	@ 0x1000
 8000e12:	6030      	str	r0, [r6, #0]
 8000e14:	2a04      	cmp	r2, #4
 8000e16:	d01c      	beq.n	8000e52 <HAL_DAC_Start_DMA+0x76>
 8000e18:	2a08      	cmp	r2, #8
 8000e1a:	d01d      	beq.n	8000e58 <HAL_DAC_Start_DMA+0x7c>
 8000e1c:	2a00      	cmp	r2, #0
 8000e1e:	d13a      	bne.n	8000e96 <HAL_DAC_Start_DMA+0xba>
 8000e20:	6822      	ldr	r2, [r4, #0]
 8000e22:	3208      	adds	r2, #8
 8000e24:	2d00      	cmp	r5, #0
 8000e26:	d13a      	bne.n	8000e9e <HAL_DAC_Start_DMA+0xc2>
 8000e28:	6826      	ldr	r6, [r4, #0]
 8000e2a:	6830      	ldr	r0, [r6, #0]
 8000e2c:	f440 5000 	orr.w	r0, r0, #8192	@ 0x2000
 8000e30:	6030      	str	r0, [r6, #0]
 8000e32:	68a0      	ldr	r0, [r4, #8]
 8000e34:	f000 f9fa 	bl	800122c <HAL_DMA_Start_IT>
 8000e38:	2300      	movs	r3, #0
 8000e3a:	7163      	strb	r3, [r4, #5]
 8000e3c:	2800      	cmp	r0, #0
 8000e3e:	d137      	bne.n	8000eb0 <HAL_DAC_Start_DMA+0xd4>
 8000e40:	6821      	ldr	r1, [r4, #0]
 8000e42:	680b      	ldr	r3, [r1, #0]
 8000e44:	f005 0510 	and.w	r5, r5, #16
 8000e48:	2201      	movs	r2, #1
 8000e4a:	40aa      	lsls	r2, r5
 8000e4c:	4313      	orrs	r3, r2
 8000e4e:	600b      	str	r3, [r1, #0]
 8000e50:	bd70      	pop	{r4, r5, r6, pc}
 8000e52:	6822      	ldr	r2, [r4, #0]
 8000e54:	320c      	adds	r2, #12
 8000e56:	e7e5      	b.n	8000e24 <HAL_DAC_Start_DMA+0x48>
 8000e58:	6822      	ldr	r2, [r4, #0]
 8000e5a:	3210      	adds	r2, #16
 8000e5c:	e7e2      	b.n	8000e24 <HAL_DAC_Start_DMA+0x48>
 8000e5e:	68e0      	ldr	r0, [r4, #12]
 8000e60:	4e1a      	ldr	r6, [pc, #104]	@ (8000ecc <HAL_DAC_Start_DMA+0xf0>)
 8000e62:	63c6      	str	r6, [r0, #60]	@ 0x3c
 8000e64:	68e0      	ldr	r0, [r4, #12]
 8000e66:	4e1a      	ldr	r6, [pc, #104]	@ (8000ed0 <HAL_DAC_Start_DMA+0xf4>)
 8000e68:	6406      	str	r6, [r0, #64]	@ 0x40
 8000e6a:	68e0      	ldr	r0, [r4, #12]
 8000e6c:	4e19      	ldr	r6, [pc, #100]	@ (8000ed4 <HAL_DAC_Start_DMA+0xf8>)
 8000e6e:	64c6      	str	r6, [r0, #76]	@ 0x4c
 8000e70:	6826      	ldr	r6, [r4, #0]
 8000e72:	6830      	ldr	r0, [r6, #0]
 8000e74:	f040 5080 	orr.w	r0, r0, #268435456	@ 0x10000000
 8000e78:	6030      	str	r0, [r6, #0]
 8000e7a:	2a04      	cmp	r2, #4
 8000e7c:	d005      	beq.n	8000e8a <HAL_DAC_Start_DMA+0xae>
 8000e7e:	2a08      	cmp	r2, #8
 8000e80:	d006      	beq.n	8000e90 <HAL_DAC_Start_DMA+0xb4>
 8000e82:	b952      	cbnz	r2, 8000e9a <HAL_DAC_Start_DMA+0xbe>
 8000e84:	6822      	ldr	r2, [r4, #0]
 8000e86:	3214      	adds	r2, #20
 8000e88:	e7cc      	b.n	8000e24 <HAL_DAC_Start_DMA+0x48>
 8000e8a:	6822      	ldr	r2, [r4, #0]
 8000e8c:	3218      	adds	r2, #24
 8000e8e:	e7c9      	b.n	8000e24 <HAL_DAC_Start_DMA+0x48>
 8000e90:	6822      	ldr	r2, [r4, #0]
 8000e92:	321c      	adds	r2, #28
 8000e94:	e7c6      	b.n	8000e24 <HAL_DAC_Start_DMA+0x48>
 8000e96:	462a      	mov	r2, r5
 8000e98:	e7c4      	b.n	8000e24 <HAL_DAC_Start_DMA+0x48>
 8000e9a:	2200      	movs	r2, #0
 8000e9c:	e7c2      	b.n	8000e24 <HAL_DAC_Start_DMA+0x48>
 8000e9e:	6826      	ldr	r6, [r4, #0]
 8000ea0:	6830      	ldr	r0, [r6, #0]
 8000ea2:	f040 5000 	orr.w	r0, r0, #536870912	@ 0x20000000
 8000ea6:	6030      	str	r0, [r6, #0]
 8000ea8:	68e0      	ldr	r0, [r4, #12]
 8000eaa:	f000 f9bf 	bl	800122c <HAL_DMA_Start_IT>
 8000eae:	e7c3      	b.n	8000e38 <HAL_DAC_Start_DMA+0x5c>
 8000eb0:	6923      	ldr	r3, [r4, #16]
 8000eb2:	f043 0304 	orr.w	r3, r3, #4
 8000eb6:	6123      	str	r3, [r4, #16]
 8000eb8:	e7ca      	b.n	8000e50 <HAL_DAC_Start_DMA+0x74>
 8000eba:	2002      	movs	r0, #2
 8000ebc:	e7c8      	b.n	8000e50 <HAL_DAC_Start_DMA+0x74>
 8000ebe:	bf00      	nop
 8000ec0:	08000f31 	.word	0x08000f31
 8000ec4:	08000f43 	.word	0x08000f43
 8000ec8:	08000f4f 	.word	0x08000f4f
 8000ecc:	08001035 	.word	0x08001035
 8000ed0:	08001045 	.word	0x08001045
 8000ed4:	0800104f 	.word	0x0800104f

08000ed8 <HAL_DAC_Stop_DMA>:
 8000ed8:	b510      	push	{r4, lr}
 8000eda:	4604      	mov	r4, r0
 8000edc:	6800      	ldr	r0, [r0, #0]
 8000ede:	6803      	ldr	r3, [r0, #0]
 8000ee0:	f001 0c10 	and.w	ip, r1, #16
 8000ee4:	f44f 5280 	mov.w	r2, #4096	@ 0x1000
 8000ee8:	fa02 f20c 	lsl.w	r2, r2, ip
 8000eec:	ea23 0302 	bic.w	r3, r3, r2
 8000ef0:	6003      	str	r3, [r0, #0]
 8000ef2:	6820      	ldr	r0, [r4, #0]
 8000ef4:	6803      	ldr	r3, [r0, #0]
 8000ef6:	2201      	movs	r2, #1
 8000ef8:	fa02 f20c 	lsl.w	r2, r2, ip
 8000efc:	ea23 0302 	bic.w	r3, r3, r2
 8000f00:	6003      	str	r3, [r0, #0]
 8000f02:	b959      	cbnz	r1, 8000f1c <HAL_DAC_Stop_DMA+0x44>
 8000f04:	68a0      	ldr	r0, [r4, #8]
 8000f06:	f000 f9c6 	bl	8001296 <HAL_DMA_Abort>
 8000f0a:	6822      	ldr	r2, [r4, #0]
 8000f0c:	6813      	ldr	r3, [r2, #0]
 8000f0e:	f423 5300 	bic.w	r3, r3, #8192	@ 0x2000
 8000f12:	6013      	str	r3, [r2, #0]
 8000f14:	2301      	movs	r3, #1
 8000f16:	7123      	strb	r3, [r4, #4]
 8000f18:	2000      	movs	r0, #0
 8000f1a:	bd10      	pop	{r4, pc}
 8000f1c:	68e0      	ldr	r0, [r4, #12]
 8000f1e:	f000 f9ba 	bl	8001296 <HAL_DMA_Abort>
 8000f22:	6822      	ldr	r2, [r4, #0]
 8000f24:	6813      	ldr	r3, [r2, #0]
 8000f26:	f023 5300 	bic.w	r3, r3, #536870912	@ 0x20000000
 8000f2a:	6013      	str	r3, [r2, #0]
 8000f2c:	e7f2      	b.n	8000f14 <HAL_DAC_Stop_DMA+0x3c>

08000f2e <HAL_DAC_ConvCpltCallbackCh1>:
 8000f2e:	4770      	bx	lr

08000f30 <DAC_DMAConvCpltCh1>:
 8000f30:	b510      	push	{r4, lr}
 8000f32:	6b84      	ldr	r4, [r0, #56]	@ 0x38
 8000f34:	4620      	mov	r0, r4
 8000f36:	f7ff fffa 	bl	8000f2e <HAL_DAC_ConvCpltCallbackCh1>
 8000f3a:	2301      	movs	r3, #1
 8000f3c:	7123      	strb	r3, [r4, #4]
 8000f3e:	bd10      	pop	{r4, pc}

08000f40 <HAL_DAC_ConvHalfCpltCallbackCh1>:
 8000f40:	4770      	bx	lr

08000f42 <DAC_DMAHalfConvCpltCh1>:
 8000f42:	b508      	push	{r3, lr}
 8000f44:	6b80      	ldr	r0, [r0, #56]	@ 0x38
 8000f46:	f7ff fffb 	bl	8000f40 <HAL_DAC_ConvHalfCpltCallbackCh1>
 8000f4a:	bd08      	pop	{r3, pc}

08000f4c <HAL_DAC_ErrorCallbackCh1>:
 8000f4c:	4770      	bx	lr

08000f4e <DAC_DMAErrorCh1>:
 8000f4e:	b510      	push	{r4, lr}
 8000f50:	6b84      	ldr	r4, [r0, #56]	@ 0x38
 8000f52:	6923      	ldr	r3, [r4, #16]
 8000f54:	f043 0304 	orr.w	r3, r3, #4
 8000f58:	6123      	str	r3, [r4, #16]
 8000f5a:	4620      	mov	r0, r4
 8000f5c:	f7ff fff6 	bl	8000f4c <HAL_DAC_ErrorCallbackCh1>
 8000f60:	2301      	movs	r3, #1
 8000f62:	7123      	strb	r3, [r4, #4]
 8000f64:	bd10      	pop	{r4, pc}

08000f66 <HAL_DAC_DMAUnderrunCallbackCh1>:
 8000f66:	4770      	bx	lr

08000f68 <HAL_DAC_IRQHandler>:
 8000f68:	b510      	push	{r4, lr}
 8000f6a:	4604      	mov	r4, r0
 8000f6c:	6803      	ldr	r3, [r0, #0]
 8000f6e:	681a      	ldr	r2, [r3, #0]
 8000f70:	f412 5f00 	tst.w	r2, #8192	@ 0x2000
 8000f74:	d003      	beq.n	8000f7e <HAL_DAC_IRQHandler+0x16>
 8000f76:	6b5a      	ldr	r2, [r3, #52]	@ 0x34
 8000f78:	f412 5f00 	tst.w	r2, #8192	@ 0x2000
 8000f7c:	d109      	bne.n	8000f92 <HAL_DAC_IRQHandler+0x2a>
 8000f7e:	6823      	ldr	r3, [r4, #0]
 8000f80:	681a      	ldr	r2, [r3, #0]
 8000f82:	f012 5f00 	tst.w	r2, #536870912	@ 0x20000000
 8000f86:	d003      	beq.n	8000f90 <HAL_DAC_IRQHandler+0x28>
 8000f88:	6b5a      	ldr	r2, [r3, #52]	@ 0x34
 8000f8a:	f012 5f00 	tst.w	r2, #536870912	@ 0x20000000
 8000f8e:	d111      	bne.n	8000fb4 <HAL_DAC_IRQHandler+0x4c>
 8000f90:	bd10      	pop	{r4, pc}
 8000f92:	2204      	movs	r2, #4
 8000f94:	7102      	strb	r2, [r0, #4]
 8000f96:	6902      	ldr	r2, [r0, #16]
 8000f98:	f042 0201 	orr.w	r2, r2, #1
 8000f9c:	6102      	str	r2, [r0, #16]
 8000f9e:	f44f 5200 	mov.w	r2, #8192	@ 0x2000
 8000fa2:	635a      	str	r2, [r3, #52]	@ 0x34
 8000fa4:	6802      	ldr	r2, [r0, #0]
 8000fa6:	6813      	ldr	r3, [r2, #0]
 8000fa8:	f423 5380 	bic.w	r3, r3, #4096	@ 0x1000
 8000fac:	6013      	str	r3, [r2, #0]
 8000fae:	f7ff ffda 	bl	8000f66 <HAL_DAC_DMAUnderrunCallbackCh1>
 8000fb2:	e7e4      	b.n	8000f7e <HAL_DAC_IRQHandler+0x16>
 8000fb4:	2204      	movs	r2, #4
 8000fb6:	7122      	strb	r2, [r4, #4]
 8000fb8:	6922      	ldr	r2, [r4, #16]
 8000fba:	f042 0202 	orr.w	r2, r2, #2
 8000fbe:	6122      	str	r2, [r4, #16]
 8000fc0:	f04f 5200 	mov.w	r2, #536870912	@ 0x20000000
 8000fc4:	635a      	str	r2, [r3, #52]	@ 0x34
 8000fc6:	6822      	ldr	r2, [r4, #0]
 8000fc8:	6813      	ldr	r3, [r2, #0]
 8000fca:	f023 5380 	bic.w	r3, r3, #268435456	@ 0x10000000
 8000fce:	6013      	str	r3, [r2, #0]
 8000fd0:	4620      	mov	r0, r4
 8000fd2:	f000 f82e 	bl	8001032 <HAL_DACEx_DMAUnderrunCallbackCh2>
 8000fd6:	e7db      	b.n	8000f90 <HAL_DAC_IRQHandler+0x28>

08000fd8 <HAL_DAC_ConfigChannel>:
 8000fd8:	4603      	mov	r3, r0
 8000fda:	4608      	mov	r0, r1
 8000fdc:	7959      	ldrb	r1, [r3, #5]
 8000fde:	2901      	cmp	r1, #1
 8000fe0:	d024      	beq.n	800102c <HAL_DAC_ConfigChannel+0x54>
 8000fe2:	b510      	push	{r4, lr}
 8000fe4:	f04f 0e01 	mov.w	lr, #1
 8000fe8:	f883 e005 	strb.w	lr, [r3, #5]
 8000fec:	2102      	movs	r1, #2
 8000fee:	7119      	strb	r1, [r3, #4]
 8000ff0:	681c      	ldr	r4, [r3, #0]
 8000ff2:	6821      	ldr	r1, [r4, #0]
 8000ff4:	f002 0210 	and.w	r2, r2, #16
 8000ff8:	f640 7cfe 	movw	ip, #4094	@ 0xffe
 8000ffc:	fa0c fc02 	lsl.w	ip, ip, r2
 8001000:	ea21 0c0c 	bic.w	ip, r1, ip
 8001004:	6801      	ldr	r1, [r0, #0]
 8001006:	6840      	ldr	r0, [r0, #4]
 8001008:	4301      	orrs	r1, r0
 800100a:	4091      	lsls	r1, r2
 800100c:	ea41 010c 	orr.w	r1, r1, ip
 8001010:	6021      	str	r1, [r4, #0]
 8001012:	681c      	ldr	r4, [r3, #0]
 8001014:	6821      	ldr	r1, [r4, #0]
 8001016:	20c0      	movs	r0, #192	@ 0xc0
 8001018:	fa00 f202 	lsl.w	r2, r0, r2
 800101c:	ea21 0202 	bic.w	r2, r1, r2
 8001020:	6022      	str	r2, [r4, #0]
 8001022:	f883 e004 	strb.w	lr, [r3, #4]
 8001026:	2000      	movs	r0, #0
 8001028:	7158      	strb	r0, [r3, #5]
 800102a:	bd10      	pop	{r4, pc}
 800102c:	2002      	movs	r0, #2
 800102e:	4770      	bx	lr

08001030 <HAL_DACEx_ErrorCallbackCh2>:
 8001030:	4770      	bx	lr

08001032 <HAL_DACEx_DMAUnderrunCallbackCh2>:
 8001032:	4770      	bx	lr

08001034 <DAC_DMAConvCpltCh2>:
 8001034:	b510      	push	{r4, lr}
 8001036:	6b84      	ldr	r4, [r0, #56]	@ 0x38
 8001038:	4620      	mov	r0, r4
 800103a:	f7ff fde9 	bl	8000c10 <HAL_DACEx_ConvCpltCallbackCh2>
 800103e:	2301      	movs	r3, #1
 8001040:	7123      	strb	r3, [r4, #4]
 8001042:	bd10      	pop	{r4, pc}

08001044 <DAC_DMAHalfConvCpltCh2>:
 8001044:	b508      	push	{r3, lr}
 8001046:	6b80      	ldr	r0, [r0, #56]	@ 0x38
 8001048:	f7ff fdd8 	bl	8000bfc <HAL_DACEx_ConvHalfCpltCallbackCh2>
 800104c:	bd08      	pop	{r3, pc}

0800104e <DAC_DMAErrorCh2>:
 800104e:	b510      	push	{r4, lr}
 8001050:	6b84      	ldr	r4, [r0, #56]	@ 0x38
 8001052:	6923      	ldr	r3, [r4, #16]
 8001054:	f043 0304 	orr.w	r3, r3, #4
 8001058:	6123      	str	r3, [r4, #16]
 800105a:	4620      	mov	r0, r4
 800105c:	f7ff ffe8 	bl	8001030 <HAL_DACEx_ErrorCallbackCh2>
 8001060:	2301      	movs	r3, #1
 8001062:	7123      	strb	r3, [r4, #4]
 8001064:	bd10      	pop	{r4, pc}

08001066 <DMA_SetConfig>:
 8001066:	b430      	push	{r4, r5}
 8001068:	6805      	ldr	r5, [r0, #0]
 800106a:	682c      	ldr	r4, [r5, #0]
 800106c:	f424 2480 	bic.w	r4, r4, #262144	@ 0x40000
 8001070:	602c      	str	r4, [r5, #0]
 8001072:	6804      	ldr	r4, [r0, #0]
 8001074:	6063      	str	r3, [r4, #4]
 8001076:	6883      	ldr	r3, [r0, #8]
 8001078:	2b40      	cmp	r3, #64	@ 0x40
 800107a:	d005      	beq.n	8001088 <DMA_SetConfig+0x22>
 800107c:	6803      	ldr	r3, [r0, #0]
 800107e:	6099      	str	r1, [r3, #8]
 8001080:	6803      	ldr	r3, [r0, #0]
 8001082:	60da      	str	r2, [r3, #12]
 8001084:	bc30      	pop	{r4, r5}
 8001086:	4770      	bx	lr
 8001088:	6803      	ldr	r3, [r0, #0]
 800108a:	609a      	str	r2, [r3, #8]
 800108c:	6803      	ldr	r3, [r0, #0]
 800108e:	60d9      	str	r1, [r3, #12]
 8001090:	e7f8      	b.n	8001084 <DMA_SetConfig+0x1e>
	...

08001094 <DMA_CalcBaseAndBitshift>:
 8001094:	b410      	push	{r4}
 8001096:	6803      	ldr	r3, [r0, #0]
 8001098:	b2d9      	uxtb	r1, r3
 800109a:	3910      	subs	r1, #16
 800109c:	4a0a      	ldr	r2, [pc, #40]	@ (80010c8 <DMA_CalcBaseAndBitshift+0x34>)
 800109e:	fba2 4201 	umull	r4, r2, r2, r1
 80010a2:	0912      	lsrs	r2, r2, #4
 80010a4:	4c09      	ldr	r4, [pc, #36]	@ (80010cc <DMA_CalcBaseAndBitshift+0x38>)
 80010a6:	5ca2      	ldrb	r2, [r4, r2]
 80010a8:	65c2      	str	r2, [r0, #92]	@ 0x5c
 80010aa:	295f      	cmp	r1, #95	@ 0x5f
 80010ac:	d907      	bls.n	80010be <DMA_CalcBaseAndBitshift+0x2a>
 80010ae:	f36f 0309 	bfc	r3, #0, #10
 80010b2:	3304      	adds	r3, #4
 80010b4:	6583      	str	r3, [r0, #88]	@ 0x58
 80010b6:	6d80      	ldr	r0, [r0, #88]	@ 0x58
 80010b8:	f85d 4b04 	ldr.w	r4, [sp], #4
 80010bc:	4770      	bx	lr
 80010be:	f36f 0309 	bfc	r3, #0, #10
 80010c2:	6583      	str	r3, [r0, #88]	@ 0x58
 80010c4:	e7f7      	b.n	80010b6 <DMA_CalcBaseAndBitshift+0x22>
 80010c6:	bf00      	nop
 80010c8:	aaaaaaab 	.word	0xaaaaaaab
 80010cc:	08002e14 	.word	0x08002e14

080010d0 <DMA_CheckFifoParam>:
 80010d0:	6a83      	ldr	r3, [r0, #40]	@ 0x28
 80010d2:	6982      	ldr	r2, [r0, #24]
 80010d4:	b992      	cbnz	r2, 80010fc <DMA_CheckFifoParam+0x2c>
 80010d6:	2b01      	cmp	r3, #1
 80010d8:	d00a      	beq.n	80010f0 <DMA_CheckFifoParam+0x20>
 80010da:	2b02      	cmp	r3, #2
 80010dc:	d002      	beq.n	80010e4 <DMA_CheckFifoParam+0x14>
 80010de:	b10b      	cbz	r3, 80010e4 <DMA_CheckFifoParam+0x14>
 80010e0:	2000      	movs	r0, #0
 80010e2:	4770      	bx	lr
 80010e4:	6ac3      	ldr	r3, [r0, #44]	@ 0x2c
 80010e6:	f013 7f80 	tst.w	r3, #16777216	@ 0x1000000
 80010ea:	d128      	bne.n	800113e <DMA_CheckFifoParam+0x6e>
 80010ec:	2000      	movs	r0, #0
 80010ee:	4770      	bx	lr
 80010f0:	6ac3      	ldr	r3, [r0, #44]	@ 0x2c
 80010f2:	f1b3 7fc0 	cmp.w	r3, #25165824	@ 0x1800000
 80010f6:	d024      	beq.n	8001142 <DMA_CheckFifoParam+0x72>
 80010f8:	2000      	movs	r0, #0
 80010fa:	4770      	bx	lr
 80010fc:	f5b2 5f00 	cmp.w	r2, #8192	@ 0x2000
 8001100:	d009      	beq.n	8001116 <DMA_CheckFifoParam+0x46>
 8001102:	2b02      	cmp	r3, #2
 8001104:	d925      	bls.n	8001152 <DMA_CheckFifoParam+0x82>
 8001106:	2b03      	cmp	r3, #3
 8001108:	d125      	bne.n	8001156 <DMA_CheckFifoParam+0x86>
 800110a:	6ac3      	ldr	r3, [r0, #44]	@ 0x2c
 800110c:	f013 7f80 	tst.w	r3, #16777216	@ 0x1000000
 8001110:	d123      	bne.n	800115a <DMA_CheckFifoParam+0x8a>
 8001112:	2000      	movs	r0, #0
 8001114:	4770      	bx	lr
 8001116:	2b03      	cmp	r3, #3
 8001118:	d803      	bhi.n	8001122 <DMA_CheckFifoParam+0x52>
 800111a:	e8df f003 	tbb	[pc, r3]
 800111e:	0414      	.short	0x0414
 8001120:	0a14      	.short	0x0a14
 8001122:	2000      	movs	r0, #0
 8001124:	4770      	bx	lr
 8001126:	6ac3      	ldr	r3, [r0, #44]	@ 0x2c
 8001128:	f013 7f80 	tst.w	r3, #16777216	@ 0x1000000
 800112c:	d10d      	bne.n	800114a <DMA_CheckFifoParam+0x7a>
 800112e:	2000      	movs	r0, #0
 8001130:	4770      	bx	lr
 8001132:	6ac3      	ldr	r3, [r0, #44]	@ 0x2c
 8001134:	f1b3 7fc0 	cmp.w	r3, #25165824	@ 0x1800000
 8001138:	d009      	beq.n	800114e <DMA_CheckFifoParam+0x7e>
 800113a:	2000      	movs	r0, #0
 800113c:	4770      	bx	lr
 800113e:	2001      	movs	r0, #1
 8001140:	4770      	bx	lr
 8001142:	2001      	movs	r0, #1
 8001144:	4770      	bx	lr
 8001146:	2001      	movs	r0, #1
 8001148:	4770      	bx	lr
 800114a:	2001      	movs	r0, #1
 800114c:	4770      	bx	lr
 800114e:	2001      	movs	r0, #1
 8001150:	4770      	bx	lr
 8001152:	2001      	movs	r0, #1
 8001154:	4770      	bx	lr
 8001156:	2000      	movs	r0, #0
 8001158:	4770      	bx	lr
 800115a:	2001      	movs	r0, #1
 800115c:	4770      	bx	lr
	...

08001160 <HAL_DMA_Init>:
 8001160:	b570      	push	{r4, r5, r6, lr}
 8001162:	4604      	mov	r4, r0
 8001164:	f7ff fdaa 	bl	8000cbc <HAL_GetTick>
 8001168:	2c00      	cmp	r4, #0
 800116a:	d05b      	beq.n	8001224 <HAL_DMA_Init+0xc4>
 800116c:	4605      	mov	r5, r0
 800116e:	2302      	movs	r3, #2
 8001170:	f884 3035 	strb.w	r3, [r4, #53]	@ 0x35
 8001174:	2300      	movs	r3, #0
 8001176:	f884 3034 	strb.w	r3, [r4, #52]	@ 0x34
 800117a:	6822      	ldr	r2, [r4, #0]
 800117c:	6813      	ldr	r3, [r2, #0]
 800117e:	f023 0301 	bic.w	r3, r3, #1
 8001182:	6013      	str	r3, [r2, #0]
 8001184:	6823      	ldr	r3, [r4, #0]
 8001186:	681a      	ldr	r2, [r3, #0]
 8001188:	f012 0f01 	tst.w	r2, #1
 800118c:	d00a      	beq.n	80011a4 <HAL_DMA_Init+0x44>
 800118e:	f7ff fd95 	bl	8000cbc <HAL_GetTick>
 8001192:	1b43      	subs	r3, r0, r5
 8001194:	2b05      	cmp	r3, #5
 8001196:	d9f5      	bls.n	8001184 <HAL_DMA_Init+0x24>
 8001198:	2320      	movs	r3, #32
 800119a:	6563      	str	r3, [r4, #84]	@ 0x54
 800119c:	2003      	movs	r0, #3
 800119e:	f884 0035 	strb.w	r0, [r4, #53]	@ 0x35
 80011a2:	bd70      	pop	{r4, r5, r6, pc}
 80011a4:	681a      	ldr	r2, [r3, #0]
 80011a6:	4920      	ldr	r1, [pc, #128]	@ (8001228 <HAL_DMA_Init+0xc8>)
 80011a8:	4011      	ands	r1, r2
 80011aa:	6862      	ldr	r2, [r4, #4]
 80011ac:	68a0      	ldr	r0, [r4, #8]
 80011ae:	4302      	orrs	r2, r0
 80011b0:	68e0      	ldr	r0, [r4, #12]
 80011b2:	4302      	orrs	r2, r0
 80011b4:	6920      	ldr	r0, [r4, #16]
 80011b6:	4302      	orrs	r2, r0
 80011b8:	6960      	ldr	r0, [r4, #20]
 80011ba:	4302      	orrs	r2, r0
 80011bc:	69a0      	ldr	r0, [r4, #24]
 80011be:	4302      	orrs	r2, r0
 80011c0:	69e0      	ldr	r0, [r4, #28]
 80011c2:	4302      	orrs	r2, r0
 80011c4:	6a20      	ldr	r0, [r4, #32]
 80011c6:	4302      	orrs	r2, r0
 80011c8:	430a      	orrs	r2, r1
 80011ca:	6a61      	ldr	r1, [r4, #36]	@ 0x24
 80011cc:	2904      	cmp	r1, #4
 80011ce:	d01e      	beq.n	800120e <HAL_DMA_Init+0xae>
 80011d0:	601a      	str	r2, [r3, #0]
 80011d2:	6826      	ldr	r6, [r4, #0]
 80011d4:	6975      	ldr	r5, [r6, #20]
 80011d6:	f025 0507 	bic.w	r5, r5, #7
 80011da:	6a63      	ldr	r3, [r4, #36]	@ 0x24
 80011dc:	431d      	orrs	r5, r3
 80011de:	2b04      	cmp	r3, #4
 80011e0:	d107      	bne.n	80011f2 <HAL_DMA_Init+0x92>
 80011e2:	6aa3      	ldr	r3, [r4, #40]	@ 0x28
 80011e4:	431d      	orrs	r5, r3
 80011e6:	6ae3      	ldr	r3, [r4, #44]	@ 0x2c
 80011e8:	b11b      	cbz	r3, 80011f2 <HAL_DMA_Init+0x92>
 80011ea:	4620      	mov	r0, r4
 80011ec:	f7ff ff70 	bl	80010d0 <DMA_CheckFifoParam>
 80011f0:	b990      	cbnz	r0, 8001218 <HAL_DMA_Init+0xb8>
 80011f2:	6175      	str	r5, [r6, #20]
 80011f4:	4620      	mov	r0, r4
 80011f6:	f7ff ff4d 	bl	8001094 <DMA_CalcBaseAndBitshift>
 80011fa:	6de2      	ldr	r2, [r4, #92]	@ 0x5c
 80011fc:	233f      	movs	r3, #63	@ 0x3f
 80011fe:	4093      	lsls	r3, r2
 8001200:	6083      	str	r3, [r0, #8]
 8001202:	2000      	movs	r0, #0
 8001204:	6560      	str	r0, [r4, #84]	@ 0x54
 8001206:	2301      	movs	r3, #1
 8001208:	f884 3035 	strb.w	r3, [r4, #53]	@ 0x35
 800120c:	e7c9      	b.n	80011a2 <HAL_DMA_Init+0x42>
 800120e:	6ae1      	ldr	r1, [r4, #44]	@ 0x2c
 8001210:	6b20      	ldr	r0, [r4, #48]	@ 0x30
 8001212:	4301      	orrs	r1, r0
 8001214:	430a      	orrs	r2, r1
 8001216:	e7db      	b.n	80011d0 <HAL_DMA_Init+0x70>
 8001218:	2340      	movs	r3, #64	@ 0x40
 800121a:	6563      	str	r3, [r4, #84]	@ 0x54
 800121c:	2001      	movs	r0, #1
 800121e:	f884 0035 	strb.w	r0, [r4, #53]	@ 0x35
 8001222:	e7be      	b.n	80011a2 <HAL_DMA_Init+0x42>
 8001224:	2001      	movs	r0, #1
 8001226:	e7bc      	b.n	80011a2 <HAL_DMA_Init+0x42>
 8001228:	f010803f 	.word	0xf010803f

0800122c <HAL_DMA_Start_IT>:
 800122c:	b538      	push	{r3, r4, r5, lr}
 800122e:	4604      	mov	r4, r0
 8001230:	6d85      	ldr	r5, [r0, #88]	@ 0x58
 8001232:	f890 0034 	ldrb.w	r0, [r0, #52]	@ 0x34
 8001236:	2801      	cmp	r0, #1
 8001238:	d02b      	beq.n	8001292 <HAL_DMA_Start_IT+0x66>
 800123a:	2001      	movs	r0, #1
 800123c:	f884 0034 	strb.w	r0, [r4, #52]	@ 0x34
 8001240:	f894 0035 	ldrb.w	r0, [r4, #53]	@ 0x35
 8001244:	b2c0      	uxtb	r0, r0
 8001246:	2801      	cmp	r0, #1
 8001248:	d004      	beq.n	8001254 <HAL_DMA_Start_IT+0x28>
 800124a:	2300      	movs	r3, #0
 800124c:	f884 3034 	strb.w	r3, [r4, #52]	@ 0x34
 8001250:	2002      	movs	r0, #2
 8001252:	bd38      	pop	{r3, r4, r5, pc}
 8001254:	2002      	movs	r0, #2
 8001256:	f884 0035 	strb.w	r0, [r4, #53]	@ 0x35
 800125a:	2000      	movs	r0, #0
 800125c:	6560      	str	r0, [r4, #84]	@ 0x54
 800125e:	4620      	mov	r0, r4
 8001260:	f7ff ff01 	bl	8001066 <DMA_SetConfig>
 8001264:	6de2      	ldr	r2, [r4, #92]	@ 0x5c
 8001266:	233f      	movs	r3, #63	@ 0x3f
 8001268:	4093      	lsls	r3, r2
 800126a:	60ab      	str	r3, [r5, #8]
 800126c:	6822      	ldr	r2, [r4, #0]
 800126e:	6813      	ldr	r3, [r2, #0]
 8001270:	f043 0316 	orr.w	r3, r3, #22
 8001274:	6013      	str	r3, [r2, #0]
 8001276:	6c23      	ldr	r3, [r4, #64]	@ 0x40
 8001278:	b123      	cbz	r3, 8001284 <HAL_DMA_Start_IT+0x58>
 800127a:	6822      	ldr	r2, [r4, #0]
 800127c:	6813      	ldr	r3, [r2, #0]
 800127e:	f043 0308 	orr.w	r3, r3, #8
 8001282:	6013      	str	r3, [r2, #0]
 8001284:	6822      	ldr	r2, [r4, #0]
 8001286:	6813      	ldr	r3, [r2, #0]
 8001288:	f043 0301 	orr.w	r3, r3, #1
 800128c:	6013      	str	r3, [r2, #0]
 800128e:	2000      	movs	r0, #0
 8001290:	e7df      	b.n	8001252 <HAL_DMA_Start_IT+0x26>
 8001292:	2002      	movs	r0, #2
 8001294:	e7dd      	b.n	8001252 <HAL_DMA_Start_IT+0x26>

08001296 <HAL_DMA_Abort>:
 8001296:	b570      	push	{r4, r5, r6, lr}
 8001298:	4604      	mov	r4, r0
 800129a:	6d86      	ldr	r6, [r0, #88]	@ 0x58
 800129c:	f7ff fd0e 	bl	8000cbc <HAL_GetTick>
 80012a0:	f894 3035 	ldrb.w	r3, [r4, #53]	@ 0x35
 80012a4:	b2db      	uxtb	r3, r3
 80012a6:	2b02      	cmp	r3, #2
 80012a8:	d006      	beq.n	80012b8 <HAL_DMA_Abort+0x22>
 80012aa:	2380      	movs	r3, #128	@ 0x80
 80012ac:	6563      	str	r3, [r4, #84]	@ 0x54
 80012ae:	2300      	movs	r3, #0
 80012b0:	f884 3034 	strb.w	r3, [r4, #52]	@ 0x34
 80012b4:	2001      	movs	r0, #1
 80012b6:	bd70      	pop	{r4, r5, r6, pc}
 80012b8:	4605      	mov	r5, r0
 80012ba:	6822      	ldr	r2, [r4, #0]
 80012bc:	6813      	ldr	r3, [r2, #0]
 80012be:	f023 0316 	bic.w	r3, r3, #22
 80012c2:	6013      	str	r3, [r2, #0]
 80012c4:	6822      	ldr	r2, [r4, #0]
 80012c6:	6953      	ldr	r3, [r2, #20]
 80012c8:	f023 0380 	bic.w	r3, r3, #128	@ 0x80
 80012cc:	6153      	str	r3, [r2, #20]
 80012ce:	6c23      	ldr	r3, [r4, #64]	@ 0x40
 80012d0:	b1e3      	cbz	r3, 800130c <HAL_DMA_Abort+0x76>
 80012d2:	6822      	ldr	r2, [r4, #0]
 80012d4:	6813      	ldr	r3, [r2, #0]
 80012d6:	f023 0308 	bic.w	r3, r3, #8
 80012da:	6013      	str	r3, [r2, #0]
 80012dc:	6822      	ldr	r2, [r4, #0]
 80012de:	6813      	ldr	r3, [r2, #0]
 80012e0:	f023 0301 	bic.w	r3, r3, #1
 80012e4:	6013      	str	r3, [r2, #0]
 80012e6:	6823      	ldr	r3, [r4, #0]
 80012e8:	681b      	ldr	r3, [r3, #0]
 80012ea:	f013 0f01 	tst.w	r3, #1
 80012ee:	d011      	beq.n	8001314 <HAL_DMA_Abort+0x7e>
 80012f0:	f7ff fce4 	bl	8000cbc <HAL_GetTick>
 80012f4:	1b43      	subs	r3, r0, r5
 80012f6:	2b05      	cmp	r3, #5
 80012f8:	d9f5      	bls.n	80012e6 <HAL_DMA_Abort+0x50>
 80012fa:	2320      	movs	r3, #32
 80012fc:	6563      	str	r3, [r4, #84]	@ 0x54
 80012fe:	2003      	movs	r0, #3
 8001300:	f884 0035 	strb.w	r0, [r4, #53]	@ 0x35
 8001304:	2300      	movs	r3, #0
 8001306:	f884 3034 	strb.w	r3, [r4, #52]	@ 0x34
 800130a:	e7d4      	b.n	80012b6 <HAL_DMA_Abort+0x20>
 800130c:	6ca3      	ldr	r3, [r4, #72]	@ 0x48
 800130e:	2b00      	cmp	r3, #0
 8001310:	d1df      	bne.n	80012d2 <HAL_DMA_Abort+0x3c>
 8001312:	e7e3      	b.n	80012dc <HAL_DMA_Abort+0x46>
 8001314:	6de2      	ldr	r2, [r4, #92]	@ 0x5c
 8001316:	233f      	movs	r3, #63	@ 0x3f
 8001318:	4093      	lsls	r3, r2
 800131a:	60b3      	str	r3, [r6, #8]
 800131c:	2301      	movs	r3, #1
 800131e:	f884 3035 	strb.w	r3, [r4, #53]	@ 0x35
 8001322:	2000      	movs	r0, #0
 8001324:	f884 0034 	strb.w	r0, [r4, #52]	@ 0x34
 8001328:	e7c5      	b.n	80012b6 <HAL_DMA_Abort+0x20>

0800132a <HAL_DMA_Abort_IT>:
 800132a:	f890 3035 	ldrb.w	r3, [r0, #53]	@ 0x35
 800132e:	b2db      	uxtb	r3, r3
 8001330:	2b02      	cmp	r3, #2
 8001332:	d003      	beq.n	800133c <HAL_DMA_Abort_IT+0x12>
 8001334:	2380      	movs	r3, #128	@ 0x80
 8001336:	6543      	str	r3, [r0, #84]	@ 0x54
 8001338:	2001      	movs	r0, #1
 800133a:	4770      	bx	lr
 800133c:	2305      	movs	r3, #5
 800133e:	f880 3035 	strb.w	r3, [r0, #53]	@ 0x35
 8001342:	6802      	ldr	r2, [r0, #0]
 8001344:	6813      	ldr	r3, [r2, #0]
 8001346:	f023 0301 	bic.w	r3, r3, #1
 800134a:	6013      	str	r3, [r2, #0]
 800134c:	2000      	movs	r0, #0
 800134e:	4770      	bx	lr

08001350 <HAL_DMA_IRQHandler>:
 8001350:	b5f0      	push	{r4, r5, r6, r7, lr}
 8001352:	b083      	sub	sp, #12
 8001354:	4604      	mov	r4, r0
 8001356:	2300      	movs	r3, #0
 8001358:	9301      	str	r3, [sp, #4]
 800135a:	4b72      	ldr	r3, [pc, #456]	@ (8001524 <HAL_DMA_IRQHandler+0x1d4>)
 800135c:	681d      	ldr	r5, [r3, #0]
 800135e:	4b72      	ldr	r3, [pc, #456]	@ (8001528 <HAL_DMA_IRQHandler+0x1d8>)
 8001360:	fba3 3505 	umull	r3, r5, r3, r5
 8001364:	0aad      	lsrs	r5, r5, #10
 8001366:	6d87      	ldr	r7, [r0, #88]	@ 0x58
 8001368:	683e      	ldr	r6, [r7, #0]
 800136a:	6dc2      	ldr	r2, [r0, #92]	@ 0x5c
 800136c:	2308      	movs	r3, #8
 800136e:	4093      	lsls	r3, r2
 8001370:	4233      	tst	r3, r6
 8001372:	d010      	beq.n	8001396 <HAL_DMA_IRQHandler+0x46>
 8001374:	6803      	ldr	r3, [r0, #0]
 8001376:	681a      	ldr	r2, [r3, #0]
 8001378:	f012 0f04 	tst.w	r2, #4
 800137c:	d00b      	beq.n	8001396 <HAL_DMA_IRQHandler+0x46>
 800137e:	681a      	ldr	r2, [r3, #0]
 8001380:	f022 0204 	bic.w	r2, r2, #4
 8001384:	601a      	str	r2, [r3, #0]
 8001386:	6dc2      	ldr	r2, [r0, #92]	@ 0x5c
 8001388:	2308      	movs	r3, #8
 800138a:	4093      	lsls	r3, r2
 800138c:	60bb      	str	r3, [r7, #8]
 800138e:	6d43      	ldr	r3, [r0, #84]	@ 0x54
 8001390:	f043 0301 	orr.w	r3, r3, #1
 8001394:	6543      	str	r3, [r0, #84]	@ 0x54
 8001396:	6de2      	ldr	r2, [r4, #92]	@ 0x5c
 8001398:	2301      	movs	r3, #1
 800139a:	4093      	lsls	r3, r2
 800139c:	4233      	tst	r3, r6
 800139e:	d009      	beq.n	80013b4 <HAL_DMA_IRQHandler+0x64>
 80013a0:	6822      	ldr	r2, [r4, #0]
 80013a2:	6952      	ldr	r2, [r2, #20]
 80013a4:	f012 0f80 	tst.w	r2, #128	@ 0x80
 80013a8:	d004      	beq.n	80013b4 <HAL_DMA_IRQHandler+0x64>
 80013aa:	60bb      	str	r3, [r7, #8]
 80013ac:	6d63      	ldr	r3, [r4, #84]	@ 0x54
 80013ae:	f043 0302 	orr.w	r3, r3, #2
 80013b2:	6563      	str	r3, [r4, #84]	@ 0x54
 80013b4:	6de2      	ldr	r2, [r4, #92]	@ 0x5c
 80013b6:	2304      	movs	r3, #4
 80013b8:	4093      	lsls	r3, r2
 80013ba:	4233      	tst	r3, r6
 80013bc:	d009      	beq.n	80013d2 <HAL_DMA_IRQHandler+0x82>
 80013be:	6822      	ldr	r2, [r4, #0]
 80013c0:	6812      	ldr	r2, [r2, #0]
 80013c2:	f012 0f02 	tst.w	r2, #2
 80013c6:	d004      	beq.n	80013d2 <HAL_DMA_IRQHandler+0x82>
 80013c8:	60bb      	str	r3, [r7, #8]
 80013ca:	6d63      	ldr	r3, [r4, #84]	@ 0x54
 80013cc:	f043 0304 	orr.w	r3, r3, #4
 80013d0:	6563      	str	r3, [r4, #84]	@ 0x54
 80013d2:	6de2      	ldr	r2, [r4, #92]	@ 0x5c
 80013d4:	2310      	movs	r3, #16
 80013d6:	4093      	lsls	r3, r2
 80013d8:	4233      	tst	r3, r6
 80013da:	d024      	beq.n	8001426 <HAL_DMA_IRQHandler+0xd6>
 80013dc:	6822      	ldr	r2, [r4, #0]
 80013de:	6812      	ldr	r2, [r2, #0]
 80013e0:	f012 0f08 	tst.w	r2, #8
 80013e4:	d01f      	beq.n	8001426 <HAL_DMA_IRQHandler+0xd6>
 80013e6:	60bb      	str	r3, [r7, #8]
 80013e8:	6823      	ldr	r3, [r4, #0]
 80013ea:	681a      	ldr	r2, [r3, #0]
 80013ec:	f412 2f80 	tst.w	r2, #262144	@ 0x40000
 80013f0:	d00d      	beq.n	800140e <HAL_DMA_IRQHandler+0xbe>
 80013f2:	681b      	ldr	r3, [r3, #0]
 80013f4:	f413 2f00 	tst.w	r3, #524288	@ 0x80000
 80013f8:	d104      	bne.n	8001404 <HAL_DMA_IRQHandler+0xb4>
 80013fa:	6c23      	ldr	r3, [r4, #64]	@ 0x40
 80013fc:	b19b      	cbz	r3, 8001426 <HAL_DMA_IRQHandler+0xd6>
 80013fe:	4620      	mov	r0, r4
 8001400:	4798      	blx	r3
 8001402:	e010      	b.n	8001426 <HAL_DMA_IRQHandler+0xd6>
 8001404:	6ca3      	ldr	r3, [r4, #72]	@ 0x48
 8001406:	b173      	cbz	r3, 8001426 <HAL_DMA_IRQHandler+0xd6>
 8001408:	4620      	mov	r0, r4
 800140a:	4798      	blx	r3
 800140c:	e00b      	b.n	8001426 <HAL_DMA_IRQHandler+0xd6>
 800140e:	681a      	ldr	r2, [r3, #0]
 8001410:	f412 7f80 	tst.w	r2, #256	@ 0x100
 8001414:	d103      	bne.n	800141e <HAL_DMA_IRQHandler+0xce>
 8001416:	681a      	ldr	r2, [r3, #0]
 8001418:	f022 0208 	bic.w	r2, r2, #8
 800141c:	601a      	str	r2, [r3, #0]
 800141e:	6c23      	ldr	r3, [r4, #64]	@ 0x40
 8001420:	b10b      	cbz	r3, 8001426 <HAL_DMA_IRQHandler+0xd6>
 8001422:	4620      	mov	r0, r4
 8001424:	4798      	blx	r3
 8001426:	6de2      	ldr	r2, [r4, #92]	@ 0x5c
 8001428:	2320      	movs	r3, #32
 800142a:	4093      	lsls	r3, r2
 800142c:	4233      	tst	r3, r6
 800142e:	d055      	beq.n	80014dc <HAL_DMA_IRQHandler+0x18c>
 8001430:	6822      	ldr	r2, [r4, #0]
 8001432:	6812      	ldr	r2, [r2, #0]
 8001434:	f012 0f10 	tst.w	r2, #16
 8001438:	d050      	beq.n	80014dc <HAL_DMA_IRQHandler+0x18c>
 800143a:	60bb      	str	r3, [r7, #8]
 800143c:	f894 3035 	ldrb.w	r3, [r4, #53]	@ 0x35
 8001440:	b2db      	uxtb	r3, r3
 8001442:	2b05      	cmp	r3, #5
 8001444:	d00e      	beq.n	8001464 <HAL_DMA_IRQHandler+0x114>
 8001446:	6823      	ldr	r3, [r4, #0]
 8001448:	681a      	ldr	r2, [r3, #0]
 800144a:	f412 2f80 	tst.w	r2, #262144	@ 0x40000
 800144e:	d033      	beq.n	80014b8 <HAL_DMA_IRQHandler+0x168>
 8001450:	681b      	ldr	r3, [r3, #0]
 8001452:	f413 2f00 	tst.w	r3, #524288	@ 0x80000
 8001456:	d12a      	bne.n	80014ae <HAL_DMA_IRQHandler+0x15e>
 8001458:	6c63      	ldr	r3, [r4, #68]	@ 0x44
 800145a:	2b00      	cmp	r3, #0
 800145c:	d03e      	beq.n	80014dc <HAL_DMA_IRQHandler+0x18c>
 800145e:	4620      	mov	r0, r4
 8001460:	4798      	blx	r3
 8001462:	e03b      	b.n	80014dc <HAL_DMA_IRQHandler+0x18c>
 8001464:	6822      	ldr	r2, [r4, #0]
 8001466:	6813      	ldr	r3, [r2, #0]
 8001468:	f023 0316 	bic.w	r3, r3, #22
 800146c:	6013      	str	r3, [r2, #0]
 800146e:	6822      	ldr	r2, [r4, #0]
 8001470:	6953      	ldr	r3, [r2, #20]
 8001472:	f023 0380 	bic.w	r3, r3, #128	@ 0x80
 8001476:	6153      	str	r3, [r2, #20]
 8001478:	6c23      	ldr	r3, [r4, #64]	@ 0x40
 800147a:	b1a3      	cbz	r3, 80014a6 <HAL_DMA_IRQHandler+0x156>
 800147c:	6822      	ldr	r2, [r4, #0]
 800147e:	6813      	ldr	r3, [r2, #0]
 8001480:	f023 0308 	bic.w	r3, r3, #8
 8001484:	6013      	str	r3, [r2, #0]
 8001486:	6de2      	ldr	r2, [r4, #92]	@ 0x5c
 8001488:	233f      	movs	r3, #63	@ 0x3f
 800148a:	4093      	lsls	r3, r2
 800148c:	60bb      	str	r3, [r7, #8]
 800148e:	2301      	movs	r3, #1
 8001490:	f884 3035 	strb.w	r3, [r4, #53]	@ 0x35
 8001494:	2300      	movs	r3, #0
 8001496:	f884 3034 	strb.w	r3, [r4, #52]	@ 0x34
 800149a:	6d23      	ldr	r3, [r4, #80]	@ 0x50
 800149c:	2b00      	cmp	r3, #0
 800149e:	d03f      	beq.n	8001520 <HAL_DMA_IRQHandler+0x1d0>
 80014a0:	4620      	mov	r0, r4
 80014a2:	4798      	blx	r3
 80014a4:	e03c      	b.n	8001520 <HAL_DMA_IRQHandler+0x1d0>
 80014a6:	6ca3      	ldr	r3, [r4, #72]	@ 0x48
 80014a8:	2b00      	cmp	r3, #0
 80014aa:	d1e7      	bne.n	800147c <HAL_DMA_IRQHandler+0x12c>
 80014ac:	e7eb      	b.n	8001486 <HAL_DMA_IRQHandler+0x136>
 80014ae:	6be3      	ldr	r3, [r4, #60]	@ 0x3c
 80014b0:	b1a3      	cbz	r3, 80014dc <HAL_DMA_IRQHandler+0x18c>
 80014b2:	4620      	mov	r0, r4
 80014b4:	4798      	blx	r3
 80014b6:	e011      	b.n	80014dc <HAL_DMA_IRQHandler+0x18c>
 80014b8:	681a      	ldr	r2, [r3, #0]
 80014ba:	f412 7f80 	tst.w	r2, #256	@ 0x100
 80014be:	d109      	bne.n	80014d4 <HAL_DMA_IRQHandler+0x184>
 80014c0:	681a      	ldr	r2, [r3, #0]
 80014c2:	f022 0210 	bic.w	r2, r2, #16
 80014c6:	601a      	str	r2, [r3, #0]
 80014c8:	2301      	movs	r3, #1
 80014ca:	f884 3035 	strb.w	r3, [r4, #53]	@ 0x35
 80014ce:	2300      	movs	r3, #0
 80014d0:	f884 3034 	strb.w	r3, [r4, #52]	@ 0x34
 80014d4:	6be3      	ldr	r3, [r4, #60]	@ 0x3c
 80014d6:	b10b      	cbz	r3, 80014dc <HAL_DMA_IRQHandler+0x18c>
 80014d8:	4620      	mov	r0, r4
 80014da:	4798      	blx	r3
 80014dc:	6d63      	ldr	r3, [r4, #84]	@ 0x54
 80014de:	b1fb      	cbz	r3, 8001520 <HAL_DMA_IRQHandler+0x1d0>
 80014e0:	6d63      	ldr	r3, [r4, #84]	@ 0x54
 80014e2:	f013 0f01 	tst.w	r3, #1
 80014e6:	d017      	beq.n	8001518 <HAL_DMA_IRQHandler+0x1c8>
 80014e8:	2305      	movs	r3, #5
 80014ea:	f884 3035 	strb.w	r3, [r4, #53]	@ 0x35
 80014ee:	6822      	ldr	r2, [r4, #0]
 80014f0:	6813      	ldr	r3, [r2, #0]
 80014f2:	f023 0301 	bic.w	r3, r3, #1
 80014f6:	6013      	str	r3, [r2, #0]
 80014f8:	9b01      	ldr	r3, [sp, #4]
 80014fa:	3301      	adds	r3, #1
 80014fc:	9301      	str	r3, [sp, #4]
 80014fe:	42ab      	cmp	r3, r5
 8001500:	d804      	bhi.n	800150c <HAL_DMA_IRQHandler+0x1bc>
 8001502:	6823      	ldr	r3, [r4, #0]
 8001504:	681b      	ldr	r3, [r3, #0]
 8001506:	f013 0f01 	tst.w	r3, #1
 800150a:	d1f5      	bne.n	80014f8 <HAL_DMA_IRQHandler+0x1a8>
 800150c:	2301      	movs	r3, #1
 800150e:	f884 3035 	strb.w	r3, [r4, #53]	@ 0x35
 8001512:	2300      	movs	r3, #0
 8001514:	f884 3034 	strb.w	r3, [r4, #52]	@ 0x34
 8001518:	6ce3      	ldr	r3, [r4, #76]	@ 0x4c
 800151a:	b10b      	cbz	r3, 8001520 <HAL_DMA_IRQHandler+0x1d0>
 800151c:	4620      	mov	r0, r4
 800151e:	4798      	blx	r3
 8001520:	b003      	add	sp, #12
 8001522:	bdf0      	pop	{r4, r5, r6, r7, pc}
 8001524:	20000008 	.word	0x20000008
 8001528:	1b4e81b5 	.word	0x1b4e81b5

0800152c <HAL_GPIO_Init>:
 800152c:	2300      	movs	r3, #0
 800152e:	2b0f      	cmp	r3, #15
 8001530:	f200 80e3 	bhi.w	80016fa <HAL_GPIO_Init+0x1ce>
 8001534:	b570      	push	{r4, r5, r6, lr}
 8001536:	b082      	sub	sp, #8
 8001538:	e065      	b.n	8001606 <HAL_GPIO_Init+0xda>
 800153a:	6885      	ldr	r5, [r0, #8]
 800153c:	ea4f 0e43 	mov.w	lr, r3, lsl #1
 8001540:	2403      	movs	r4, #3
 8001542:	fa04 f40e 	lsl.w	r4, r4, lr
 8001546:	ea25 0504 	bic.w	r5, r5, r4
 800154a:	68cc      	ldr	r4, [r1, #12]
 800154c:	fa04 f40e 	lsl.w	r4, r4, lr
 8001550:	432c      	orrs	r4, r5
 8001552:	6084      	str	r4, [r0, #8]
 8001554:	6844      	ldr	r4, [r0, #4]
 8001556:	ea24 0402 	bic.w	r4, r4, r2
 800155a:	684a      	ldr	r2, [r1, #4]
 800155c:	f3c2 1200 	ubfx	r2, r2, #4, #1
 8001560:	409a      	lsls	r2, r3
 8001562:	4322      	orrs	r2, r4
 8001564:	6042      	str	r2, [r0, #4]
 8001566:	e05c      	b.n	8001622 <HAL_GPIO_Init+0xf6>
 8001568:	08dc      	lsrs	r4, r3, #3
 800156a:	3408      	adds	r4, #8
 800156c:	f850 2024 	ldr.w	r2, [r0, r4, lsl #2]
 8001570:	f003 0507 	and.w	r5, r3, #7
 8001574:	00ad      	lsls	r5, r5, #2
 8001576:	f04f 0e0f 	mov.w	lr, #15
 800157a:	fa0e fe05 	lsl.w	lr, lr, r5
 800157e:	ea22 0e0e 	bic.w	lr, r2, lr
 8001582:	690a      	ldr	r2, [r1, #16]
 8001584:	40aa      	lsls	r2, r5
 8001586:	ea42 020e 	orr.w	r2, r2, lr
 800158a:	f840 2024 	str.w	r2, [r0, r4, lsl #2]
 800158e:	e05c      	b.n	800164a <HAL_GPIO_Init+0x11e>
 8001590:	2206      	movs	r2, #6
 8001592:	e000      	b.n	8001596 <HAL_GPIO_Init+0x6a>
 8001594:	2200      	movs	r2, #0
 8001596:	fa02 f20e 	lsl.w	r2, r2, lr
 800159a:	432a      	orrs	r2, r5
 800159c:	3402      	adds	r4, #2
 800159e:	4d57      	ldr	r5, [pc, #348]	@ (80016fc <HAL_GPIO_Init+0x1d0>)
 80015a0:	f845 2024 	str.w	r2, [r5, r4, lsl #2]
 80015a4:	4a56      	ldr	r2, [pc, #344]	@ (8001700 <HAL_GPIO_Init+0x1d4>)
 80015a6:	6894      	ldr	r4, [r2, #8]
 80015a8:	ea6f 020c 	mvn.w	r2, ip
 80015ac:	ea24 050c 	bic.w	r5, r4, ip
 80015b0:	684e      	ldr	r6, [r1, #4]
 80015b2:	f416 1f80 	tst.w	r6, #1048576	@ 0x100000
 80015b6:	d001      	beq.n	80015bc <HAL_GPIO_Init+0x90>
 80015b8:	ea4c 0504 	orr.w	r5, ip, r4
 80015bc:	4c50      	ldr	r4, [pc, #320]	@ (8001700 <HAL_GPIO_Init+0x1d4>)
 80015be:	60a5      	str	r5, [r4, #8]
 80015c0:	68e4      	ldr	r4, [r4, #12]
 80015c2:	ea02 0504 	and.w	r5, r2, r4
 80015c6:	684e      	ldr	r6, [r1, #4]
 80015c8:	f416 1f00 	tst.w	r6, #2097152	@ 0x200000
 80015cc:	d001      	beq.n	80015d2 <HAL_GPIO_Init+0xa6>
 80015ce:	ea4c 0504 	orr.w	r5, ip, r4
 80015d2:	4c4b      	ldr	r4, [pc, #300]	@ (8001700 <HAL_GPIO_Init+0x1d4>)
 80015d4:	60e5      	str	r5, [r4, #12]
 80015d6:	6864      	ldr	r4, [r4, #4]
 80015d8:	ea02 0504 	and.w	r5, r2, r4
 80015dc:	684e      	ldr	r6, [r1, #4]
 80015de:	f416 3f00 	tst.w	r6, #131072	@ 0x20000
 80015e2:	d001      	beq.n	80015e8 <HAL_GPIO_Init+0xbc>
 80015e4:	ea4c 0504 	orr.w	r5, ip, r4
 80015e8:	4c45      	ldr	r4, [pc, #276]	@ (8001700 <HAL_GPIO_Init+0x1d4>)
 80015ea:	6065      	str	r5, [r4, #4]
 80015ec:	6824      	ldr	r4, [r4, #0]
 80015ee:	4022      	ands	r2, r4
 80015f0:	684d      	ldr	r5, [r1, #4]
 80015f2:	f415 3f80 	tst.w	r5, #65536	@ 0x10000
 80015f6:	d001      	beq.n	80015fc <HAL_GPIO_Init+0xd0>
 80015f8:	ea4c 0204 	orr.w	r2, ip, r4
 80015fc:	4c40      	ldr	r4, [pc, #256]	@ (8001700 <HAL_GPIO_Init+0x1d4>)
 80015fe:	6022      	str	r2, [r4, #0]
 8001600:	3301      	adds	r3, #1
 8001602:	2b0f      	cmp	r3, #15
 8001604:	d877      	bhi.n	80016f6 <HAL_GPIO_Init+0x1ca>
 8001606:	2201      	movs	r2, #1
 8001608:	409a      	lsls	r2, r3
 800160a:	680c      	ldr	r4, [r1, #0]
 800160c:	ea04 0c02 	and.w	ip, r4, r2
 8001610:	ea32 0404 	bics.w	r4, r2, r4
 8001614:	d1f4      	bne.n	8001600 <HAL_GPIO_Init+0xd4>
 8001616:	684c      	ldr	r4, [r1, #4]
 8001618:	f004 0403 	and.w	r4, r4, #3
 800161c:	3c01      	subs	r4, #1
 800161e:	2c01      	cmp	r4, #1
 8001620:	d98b      	bls.n	800153a <HAL_GPIO_Init+0xe>
 8001622:	684a      	ldr	r2, [r1, #4]
 8001624:	f002 0203 	and.w	r2, r2, #3
 8001628:	2a03      	cmp	r2, #3
 800162a:	d009      	beq.n	8001640 <HAL_GPIO_Init+0x114>
 800162c:	68c4      	ldr	r4, [r0, #12]
 800162e:	005d      	lsls	r5, r3, #1
 8001630:	2203      	movs	r2, #3
 8001632:	40aa      	lsls	r2, r5
 8001634:	ea24 0402 	bic.w	r4, r4, r2
 8001638:	688a      	ldr	r2, [r1, #8]
 800163a:	40aa      	lsls	r2, r5
 800163c:	4322      	orrs	r2, r4
 800163e:	60c2      	str	r2, [r0, #12]
 8001640:	684a      	ldr	r2, [r1, #4]
 8001642:	f002 0203 	and.w	r2, r2, #3
 8001646:	2a02      	cmp	r2, #2
 8001648:	d08e      	beq.n	8001568 <HAL_GPIO_Init+0x3c>
 800164a:	6804      	ldr	r4, [r0, #0]
 800164c:	ea4f 0e43 	mov.w	lr, r3, lsl #1
 8001650:	2203      	movs	r2, #3
 8001652:	fa02 f20e 	lsl.w	r2, r2, lr
 8001656:	ea24 0402 	bic.w	r4, r4, r2
 800165a:	684a      	ldr	r2, [r1, #4]
 800165c:	f002 0203 	and.w	r2, r2, #3
 8001660:	fa02 f20e 	lsl.w	r2, r2, lr
 8001664:	4322      	orrs	r2, r4
 8001666:	6002      	str	r2, [r0, #0]
 8001668:	684a      	ldr	r2, [r1, #4]
 800166a:	f412 3f40 	tst.w	r2, #196608	@ 0x30000
 800166e:	d0c7      	beq.n	8001600 <HAL_GPIO_Init+0xd4>
 8001670:	2200      	movs	r2, #0
 8001672:	9201      	str	r2, [sp, #4]
 8001674:	4a23      	ldr	r2, [pc, #140]	@ (8001704 <HAL_GPIO_Init+0x1d8>)
 8001676:	6c54      	ldr	r4, [r2, #68]	@ 0x44
 8001678:	f444 4480 	orr.w	r4, r4, #16384	@ 0x4000
 800167c:	6454      	str	r4, [r2, #68]	@ 0x44
 800167e:	6c52      	ldr	r2, [r2, #68]	@ 0x44
 8001680:	f402 4280 	and.w	r2, r2, #16384	@ 0x4000
 8001684:	9201      	str	r2, [sp, #4]
 8001686:	9a01      	ldr	r2, [sp, #4]
 8001688:	089c      	lsrs	r4, r3, #2
 800168a:	1ca5      	adds	r5, r4, #2
 800168c:	4a1b      	ldr	r2, [pc, #108]	@ (80016fc <HAL_GPIO_Init+0x1d0>)
 800168e:	f852 5025 	ldr.w	r5, [r2, r5, lsl #2]
 8001692:	f003 0e03 	and.w	lr, r3, #3
 8001696:	ea4f 0e8e 	mov.w	lr, lr, lsl #2
 800169a:	220f      	movs	r2, #15
 800169c:	fa02 f20e 	lsl.w	r2, r2, lr
 80016a0:	ea25 0502 	bic.w	r5, r5, r2
 80016a4:	4a18      	ldr	r2, [pc, #96]	@ (8001708 <HAL_GPIO_Init+0x1dc>)
 80016a6:	4290      	cmp	r0, r2
 80016a8:	f43f af74 	beq.w	8001594 <HAL_GPIO_Init+0x68>
 80016ac:	f502 6280 	add.w	r2, r2, #1024	@ 0x400
 80016b0:	4290      	cmp	r0, r2
 80016b2:	d016      	beq.n	80016e2 <HAL_GPIO_Init+0x1b6>
 80016b4:	f502 6280 	add.w	r2, r2, #1024	@ 0x400
 80016b8:	4290      	cmp	r0, r2
 80016ba:	d014      	beq.n	80016e6 <HAL_GPIO_Init+0x1ba>
 80016bc:	f502 6280 	add.w	r2, r2, #1024	@ 0x400
 80016c0:	4290      	cmp	r0, r2
 80016c2:	d012      	beq.n	80016ea <HAL_GPIO_Init+0x1be>
 80016c4:	f502 6280 	add.w	r2, r2, #1024	@ 0x400
 80016c8:	4290      	cmp	r0, r2
 80016ca:	d010      	beq.n	80016ee <HAL_GPIO_Init+0x1c2>
 80016cc:	f502 6280 	add.w	r2, r2, #1024	@ 0x400
 80016d0:	4290      	cmp	r0, r2
 80016d2:	d00e      	beq.n	80016f2 <HAL_GPIO_Init+0x1c6>
 80016d4:	f502 6280 	add.w	r2, r2, #1024	@ 0x400
 80016d8:	4290      	cmp	r0, r2
 80016da:	f43f af59 	beq.w	8001590 <HAL_GPIO_Init+0x64>
 80016de:	2207      	movs	r2, #7
 80016e0:	e759      	b.n	8001596 <HAL_GPIO_Init+0x6a>
 80016e2:	2201      	movs	r2, #1
 80016e4:	e757      	b.n	8001596 <HAL_GPIO_Init+0x6a>
 80016e6:	2202      	movs	r2, #2
 80016e8:	e755      	b.n	8001596 <HAL_GPIO_Init+0x6a>
 80016ea:	2203      	movs	r2, #3
 80016ec:	e753      	b.n	8001596 <HAL_GPIO_Init+0x6a>
 80016ee:	2204      	movs	r2, #4
 80016f0:	e751      	b.n	8001596 <HAL_GPIO_Init+0x6a>
 80016f2:	2205      	movs	r2, #5
 80016f4:	e74f      	b.n	8001596 <HAL_GPIO_Init+0x6a>
 80016f6:	b002      	add	sp, #8
 80016f8:	bd70      	pop	{r4, r5, r6, pc}
 80016fa:	4770      	bx	lr
 80016fc:	40013800 	.word	0x40013800
 8001700:	40013c00 	.word	0x40013c00
 8001704:	40023800 	.word	0x40023800
 8001708:	40020000 	.word	0x40020000

0800170c <HAL_GPIO_WritePin>:
 800170c:	b10a      	cbz	r2, 8001712 <HAL_GPIO_WritePin+0x6>
 800170e:	6181      	str	r1, [r0, #24]
 8001710:	4770      	bx	lr
 8001712:	0409      	lsls	r1, r1, #16
 8001714:	6181      	str	r1, [r0, #24]
 8001716:	4770      	bx	lr

08001718 <HAL_GPIO_EXTI_IRQHandler>:
 8001718:	b508      	push	{r3, lr}
 800171a:	4b05      	ldr	r3, [pc, #20]	@ (8001730 <HAL_GPIO_EXTI_IRQHandler+0x18>)
 800171c:	695b      	ldr	r3, [r3, #20]
 800171e:	4203      	tst	r3, r0
 8001720:	d100      	bne.n	8001724 <HAL_GPIO_EXTI_IRQHandler+0xc>
 8001722:	bd08      	pop	{r3, pc}
 8001724:	4b02      	ldr	r3, [pc, #8]	@ (8001730 <HAL_GPIO_EXTI_IRQHandler+0x18>)
 8001726:	6158      	str	r0, [r3, #20]
 8001728:	f7ff fa38 	bl	8000b9c <HAL_GPIO_EXTI_Callback>
 800172c:	e7f9      	b.n	8001722 <HAL_GPIO_EXTI_IRQHandler+0xa>
 800172e:	bf00      	nop
 8001730:	40013c00 	.word	0x40013c00

08001734 <HAL_MspInit>:
 8001734:	b500      	push	{lr}
 8001736:	b083      	sub	sp, #12
 8001738:	2100      	movs	r1, #0
 800173a:	9100      	str	r1, [sp, #0]
 800173c:	4b0c      	ldr	r3, [pc, #48]	@ (8001770 <HAL_MspInit+0x3c>)
 800173e:	6c5a      	ldr	r2, [r3, #68]	@ 0x44
 8001740:	f442 4280 	orr.w	r2, r2, #16384	@ 0x4000
 8001744:	645a      	str	r2, [r3, #68]	@ 0x44
 8001746:	6c5a      	ldr	r2, [r3, #68]	@ 0x44
 8001748:	f402 4280 	and.w	r2, r2, #16384	@ 0x4000
 800174c:	9200      	str	r2, [sp, #0]
 800174e:	9a00      	ldr	r2, [sp, #0]
 8001750:	9101      	str	r1, [sp, #4]
 8001752:	6c1a      	ldr	r2, [r3, #64]	@ 0x40
 8001754:	f042 5280 	orr.w	r2, r2, #268435456	@ 0x10000000
 8001758:	641a      	str	r2, [r3, #64]	@ 0x40
 800175a:	6c1b      	ldr	r3, [r3, #64]	@ 0x40
 800175c:	f003 5380 	and.w	r3, r3, #268435456	@ 0x10000000
 8001760:	9301      	str	r3, [sp, #4]
 8001762:	9b01      	ldr	r3, [sp, #4]
 8001764:	2007      	movs	r0, #7
 8001766:	f7ff fae3 	bl	8000d30 <HAL_NVIC_SetPriorityGrouping>
 800176a:	b003      	add	sp, #12
 800176c:	f85d fb04 	ldr.w	pc, [sp], #4
 8001770:	40023800 	.word	0x40023800

08001774 <HAL_DAC_MspInit>:
 8001774:	b570      	push	{r4, r5, r6, lr}
 8001776:	b088      	sub	sp, #32
 8001778:	2300      	movs	r3, #0
 800177a:	9303      	str	r3, [sp, #12]
 800177c:	9304      	str	r3, [sp, #16]
 800177e:	9305      	str	r3, [sp, #20]
 8001780:	9306      	str	r3, [sp, #24]
 8001782:	9307      	str	r3, [sp, #28]
 8001784:	6802      	ldr	r2, [r0, #0]
 8001786:	4b2c      	ldr	r3, [pc, #176]	@ (8001838 <HAL_DAC_MspInit+0xc4>)
 8001788:	429a      	cmp	r2, r3
 800178a:	d001      	beq.n	8001790 <HAL_DAC_MspInit+0x1c>
 800178c:	b008      	add	sp, #32
 800178e:	bd70      	pop	{r4, r5, r6, pc}
 8001790:	4604      	mov	r4, r0
 8001792:	2600      	movs	r6, #0
 8001794:	9600      	str	r6, [sp, #0]
 8001796:	4d29      	ldr	r5, [pc, #164]	@ (800183c <HAL_DAC_MspInit+0xc8>)
 8001798:	6c2b      	ldr	r3, [r5, #64]	@ 0x40
 800179a:	f043 5300 	orr.w	r3, r3, #536870912	@ 0x20000000
 800179e:	642b      	str	r3, [r5, #64]	@ 0x40
 80017a0:	6c2b      	ldr	r3, [r5, #64]	@ 0x40
 80017a2:	f003 5300 	and.w	r3, r3, #536870912	@ 0x20000000
 80017a6:	9300      	str	r3, [sp, #0]
 80017a8:	9b00      	ldr	r3, [sp, #0]
 80017aa:	9601      	str	r6, [sp, #4]
 80017ac:	6b2b      	ldr	r3, [r5, #48]	@ 0x30
 80017ae:	f043 0301 	orr.w	r3, r3, #1
 80017b2:	632b      	str	r3, [r5, #48]	@ 0x30
 80017b4:	6b2b      	ldr	r3, [r5, #48]	@ 0x30
 80017b6:	f003 0301 	and.w	r3, r3, #1
 80017ba:	9301      	str	r3, [sp, #4]
 80017bc:	9b01      	ldr	r3, [sp, #4]
 80017be:	2320      	movs	r3, #32
 80017c0:	9303      	str	r3, [sp, #12]
 80017c2:	2303      	movs	r3, #3
 80017c4:	9304      	str	r3, [sp, #16]
 80017c6:	a903      	add	r1, sp, #12
 80017c8:	481d      	ldr	r0, [pc, #116]	@ (8001840 <HAL_DAC_MspInit+0xcc>)
 80017ca:	f7ff feaf 	bl	800152c <HAL_GPIO_Init>
 80017ce:	9602      	str	r6, [sp, #8]
 80017d0:	6b2b      	ldr	r3, [r5, #48]	@ 0x30
 80017d2:	f443 1300 	orr.w	r3, r3, #2097152	@ 0x200000
 80017d6:	632b      	str	r3, [r5, #48]	@ 0x30
 80017d8:	6b2b      	ldr	r3, [r5, #48]	@ 0x30
 80017da:	f403 1300 	and.w	r3, r3, #2097152	@ 0x200000
 80017de:	9302      	str	r3, [sp, #8]
 80017e0:	9b02      	ldr	r3, [sp, #8]
 80017e2:	4818      	ldr	r0, [pc, #96]	@ (8001844 <HAL_DAC_MspInit+0xd0>)
 80017e4:	4b18      	ldr	r3, [pc, #96]	@ (8001848 <HAL_DAC_MspInit+0xd4>)
 80017e6:	6003      	str	r3, [r0, #0]
 80017e8:	f04f 6360 	mov.w	r3, #234881024	@ 0xe000000
 80017ec:	6043      	str	r3, [r0, #4]
 80017ee:	2340      	movs	r3, #64	@ 0x40
 80017f0:	6083      	str	r3, [r0, #8]
 80017f2:	60c6      	str	r6, [r0, #12]
 80017f4:	f44f 6380 	mov.w	r3, #1024	@ 0x400
 80017f8:	6103      	str	r3, [r0, #16]
 80017fa:	f44f 6300 	mov.w	r3, #2048	@ 0x800
 80017fe:	6143      	str	r3, [r0, #20]
 8001800:	f44f 5300 	mov.w	r3, #8192	@ 0x2000
 8001804:	6183      	str	r3, [r0, #24]
 8001806:	f44f 7380 	mov.w	r3, #256	@ 0x100
 800180a:	61c3      	str	r3, [r0, #28]
 800180c:	f44f 3300 	mov.w	r3, #131072	@ 0x20000
 8001810:	6203      	str	r3, [r0, #32]
 8001812:	6246      	str	r6, [r0, #36]	@ 0x24
 8001814:	f7ff fca4 	bl	8001160 <HAL_DMA_Init>
 8001818:	b958      	cbnz	r0, 8001832 <HAL_DAC_MspInit+0xbe>
 800181a:	4b0a      	ldr	r3, [pc, #40]	@ (8001844 <HAL_DAC_MspInit+0xd0>)
 800181c:	60e3      	str	r3, [r4, #12]
 800181e:	639c      	str	r4, [r3, #56]	@ 0x38
 8001820:	2200      	movs	r2, #0
 8001822:	4611      	mov	r1, r2
 8001824:	2036      	movs	r0, #54	@ 0x36
 8001826:	f7ff fa95 	bl	8000d54 <HAL_NVIC_SetPriority>
 800182a:	2036      	movs	r0, #54	@ 0x36
 800182c:	f7ff faa2 	bl	8000d74 <HAL_NVIC_EnableIRQ>
 8001830:	e7ac      	b.n	800178c <HAL_DAC_MspInit+0x18>
 8001832:	f7fe ff5f 	bl	80006f4 <Error_Handler>
 8001836:	e7f0      	b.n	800181a <HAL_DAC_MspInit+0xa6>
 8001838:	40007400 	.word	0x40007400
 800183c:	40023800 	.word	0x40023800
 8001840:	40020000 	.word	0x40020000
 8001844:	200020c0 	.word	0x200020c0
 8001848:	400260a0 	.word	0x400260a0

0800184c <HAL_TIM_Base_MspInit>:
 800184c:	b510      	push	{r4, lr}
 800184e:	b082      	sub	sp, #8
 8001850:	4604      	mov	r4, r0
 8001852:	6803      	ldr	r3, [r0, #0]
 8001854:	f1b3 4f80 	cmp.w	r3, #1073741824	@ 0x40000000
 8001858:	d005      	beq.n	8001866 <HAL_TIM_Base_MspInit+0x1a>
 800185a:	6822      	ldr	r2, [r4, #0]
 800185c:	4b17      	ldr	r3, [pc, #92]	@ (80018bc <HAL_TIM_Base_MspInit+0x70>)
 800185e:	429a      	cmp	r2, r3
 8001860:	d016      	beq.n	8001890 <HAL_TIM_Base_MspInit+0x44>
 8001862:	b002      	add	sp, #8
 8001864:	bd10      	pop	{r4, pc}
 8001866:	2100      	movs	r1, #0
 8001868:	9100      	str	r1, [sp, #0]
 800186a:	f503 330e 	add.w	r3, r3, #145408	@ 0x23800
 800186e:	6c1a      	ldr	r2, [r3, #64]	@ 0x40
 8001870:	f042 0201 	orr.w	r2, r2, #1
 8001874:	641a      	str	r2, [r3, #64]	@ 0x40
 8001876:	6c1b      	ldr	r3, [r3, #64]	@ 0x40
 8001878:	f003 0301 	and.w	r3, r3, #1
 800187c:	9300      	str	r3, [sp, #0]
 800187e:	9b00      	ldr	r3, [sp, #0]
 8001880:	460a      	mov	r2, r1
 8001882:	201c      	movs	r0, #28
 8001884:	f7ff fa66 	bl	8000d54 <HAL_NVIC_SetPriority>
 8001888:	201c      	movs	r0, #28
 800188a:	f7ff fa73 	bl	8000d74 <HAL_NVIC_EnableIRQ>
 800188e:	e7e4      	b.n	800185a <HAL_TIM_Base_MspInit+0xe>
 8001890:	2100      	movs	r1, #0
 8001892:	9101      	str	r1, [sp, #4]
 8001894:	f503 330d 	add.w	r3, r3, #144384	@ 0x23400
 8001898:	6c1a      	ldr	r2, [r3, #64]	@ 0x40
 800189a:	f042 0202 	orr.w	r2, r2, #2
 800189e:	641a      	str	r2, [r3, #64]	@ 0x40
 80018a0:	6c1b      	ldr	r3, [r3, #64]	@ 0x40
 80018a2:	f003 0302 	and.w	r3, r3, #2
 80018a6:	9301      	str	r3, [sp, #4]
 80018a8:	9b01      	ldr	r3, [sp, #4]
 80018aa:	460a      	mov	r2, r1
 80018ac:	201d      	movs	r0, #29
 80018ae:	f7ff fa51 	bl	8000d54 <HAL_NVIC_SetPriority>
 80018b2:	201d      	movs	r0, #29
 80018b4:	f7ff fa5e 	bl	8000d74 <HAL_NVIC_EnableIRQ>
 80018b8:	e7d3      	b.n	8001862 <HAL_TIM_Base_MspInit+0x16>
 80018ba:	bf00      	nop
 80018bc:	40000400 	.word	0x40000400

080018c0 <HAL_UART_MspInit>:
 80018c0:	b510      	push	{r4, lr}
 80018c2:	b088      	sub	sp, #32
 80018c4:	2300      	movs	r3, #0
 80018c6:	9303      	str	r3, [sp, #12]
 80018c8:	9304      	str	r3, [sp, #16]
 80018ca:	9305      	str	r3, [sp, #20]
 80018cc:	9306      	str	r3, [sp, #24]
 80018ce:	9307      	str	r3, [sp, #28]
 80018d0:	6802      	ldr	r2, [r0, #0]
 80018d2:	4b18      	ldr	r3, [pc, #96]	@ (8001934 <HAL_UART_MspInit+0x74>)
 80018d4:	429a      	cmp	r2, r3
 80018d6:	d001      	beq.n	80018dc <HAL_UART_MspInit+0x1c>
 80018d8:	b008      	add	sp, #32
 80018da:	bd10      	pop	{r4, pc}
 80018dc:	2400      	movs	r4, #0
 80018de:	9401      	str	r4, [sp, #4]
 80018e0:	f503 33fa 	add.w	r3, r3, #128000	@ 0x1f400
 80018e4:	6c1a      	ldr	r2, [r3, #64]	@ 0x40
 80018e6:	f442 3200 	orr.w	r2, r2, #131072	@ 0x20000
 80018ea:	641a      	str	r2, [r3, #64]	@ 0x40
 80018ec:	6c1a      	ldr	r2, [r3, #64]	@ 0x40
 80018ee:	f402 3200 	and.w	r2, r2, #131072	@ 0x20000
 80018f2:	9201      	str	r2, [sp, #4]
 80018f4:	9a01      	ldr	r2, [sp, #4]
 80018f6:	9402      	str	r4, [sp, #8]
 80018f8:	6b1a      	ldr	r2, [r3, #48]	@ 0x30
 80018fa:	f042 0201 	orr.w	r2, r2, #1
 80018fe:	631a      	str	r2, [r3, #48]	@ 0x30
 8001900:	6b1b      	ldr	r3, [r3, #48]	@ 0x30
 8001902:	f003 0301 	and.w	r3, r3, #1
 8001906:	9302      	str	r3, [sp, #8]
 8001908:	9b02      	ldr	r3, [sp, #8]
 800190a:	230c      	movs	r3, #12
 800190c:	9303      	str	r3, [sp, #12]
 800190e:	2302      	movs	r3, #2
 8001910:	9304      	str	r3, [sp, #16]
 8001912:	2303      	movs	r3, #3
 8001914:	9306      	str	r3, [sp, #24]
 8001916:	2307      	movs	r3, #7
 8001918:	9307      	str	r3, [sp, #28]
 800191a:	a903      	add	r1, sp, #12
 800191c:	4806      	ldr	r0, [pc, #24]	@ (8001938 <HAL_UART_MspInit+0x78>)
 800191e:	f7ff fe05 	bl	800152c <HAL_GPIO_Init>
 8001922:	4622      	mov	r2, r4
 8001924:	4621      	mov	r1, r4
 8001926:	2026      	movs	r0, #38	@ 0x26
 8001928:	f7ff fa14 	bl	8000d54 <HAL_NVIC_SetPriority>
 800192c:	2026      	movs	r0, #38	@ 0x26
 800192e:	f7ff fa21 	bl	8000d74 <HAL_NVIC_EnableIRQ>
 8001932:	e7d1      	b.n	80018d8 <HAL_UART_MspInit+0x18>
 8001934:	40004400 	.word	0x40004400
 8001938:	40020000 	.word	0x40020000

0800193c <HAL_PWREx_EnableOverDrive>:
 800193c:	b510      	push	{r4, lr}
 800193e:	b082      	sub	sp, #8
 8001940:	2300      	movs	r3, #0
 8001942:	9301      	str	r3, [sp, #4]
 8001944:	4b19      	ldr	r3, [pc, #100]	@ (80019ac <HAL_PWREx_EnableOverDrive+0x70>)
 8001946:	6c1a      	ldr	r2, [r3, #64]	@ 0x40
 8001948:	f042 5280 	orr.w	r2, r2, #268435456	@ 0x10000000
 800194c:	641a      	str	r2, [r3, #64]	@ 0x40
 800194e:	6c1b      	ldr	r3, [r3, #64]	@ 0x40
 8001950:	f003 5380 	and.w	r3, r3, #268435456	@ 0x10000000
 8001954:	9301      	str	r3, [sp, #4]
 8001956:	9b01      	ldr	r3, [sp, #4]
 8001958:	4b15      	ldr	r3, [pc, #84]	@ (80019b0 <HAL_PWREx_EnableOverDrive+0x74>)
 800195a:	2201      	movs	r2, #1
 800195c:	641a      	str	r2, [r3, #64]	@ 0x40
 800195e:	f7ff f9ad 	bl	8000cbc <HAL_GetTick>
 8001962:	4604      	mov	r4, r0
 8001964:	4b13      	ldr	r3, [pc, #76]	@ (80019b4 <HAL_PWREx_EnableOverDrive+0x78>)
 8001966:	685b      	ldr	r3, [r3, #4]
 8001968:	f413 3f80 	tst.w	r3, #65536	@ 0x10000
 800196c:	d108      	bne.n	8001980 <HAL_PWREx_EnableOverDrive+0x44>
 800196e:	f7ff f9a5 	bl	8000cbc <HAL_GetTick>
 8001972:	1b00      	subs	r0, r0, r4
 8001974:	f5b0 7f7a 	cmp.w	r0, #1000	@ 0x3e8
 8001978:	d9f4      	bls.n	8001964 <HAL_PWREx_EnableOverDrive+0x28>
 800197a:	2003      	movs	r0, #3
 800197c:	b002      	add	sp, #8
 800197e:	bd10      	pop	{r4, pc}
 8001980:	4b0b      	ldr	r3, [pc, #44]	@ (80019b0 <HAL_PWREx_EnableOverDrive+0x74>)
 8001982:	2201      	movs	r2, #1
 8001984:	645a      	str	r2, [r3, #68]	@ 0x44
 8001986:	f7ff f999 	bl	8000cbc <HAL_GetTick>
 800198a:	4604      	mov	r4, r0
 800198c:	4b09      	ldr	r3, [pc, #36]	@ (80019b4 <HAL_PWREx_EnableOverDrive+0x78>)
 800198e:	685b      	ldr	r3, [r3, #4]
 8001990:	f413 3f00 	tst.w	r3, #131072	@ 0x20000
 8001994:	d107      	bne.n	80019a6 <HAL_PWREx_EnableOverDrive+0x6a>
 8001996:	f7ff f991 	bl	8000cbc <HAL_GetTick>
 800199a:	1b00      	subs	r0, r0, r4
 800199c:	f5b0 7f7a 	cmp.w	r0, #1000	@ 0x3e8
 80019a0:	d9f4      	bls.n	800198c <HAL_PWREx_EnableOverDrive+0x50>
 80019a2:	2003      	movs	r0, #3
 80019a4:	e7ea      	b.n	800197c <HAL_PWREx_EnableOverDrive+0x40>
 80019a6:	2000      	movs	r0, #0
 80019a8:	e7e8      	b.n	800197c <HAL_PWREx_EnableOverDrive+0x40>
 80019aa:	bf00      	nop
 80019ac:	40023800 	.word	0x40023800
 80019b0:	420e0000 	.word	0x420e0000
 80019b4:	40007000 	.word	0x40007000

080019b8 <HAL_RCC_ClockConfig>:
 80019b8:	2800      	cmp	r0, #0
 80019ba:	f000 809b 	beq.w	8001af4 <HAL_RCC_ClockConfig+0x13c>
 80019be:	b570      	push	{r4, r5, r6, lr}
 80019c0:	460d      	mov	r5, r1
 80019c2:	4604      	mov	r4, r0
 80019c4:	4b4f      	ldr	r3, [pc, #316]	@ (8001b04 <HAL_RCC_ClockConfig+0x14c>)
 80019c6:	681b      	ldr	r3, [r3, #0]
 80019c8:	f003 030f 	and.w	r3, r3, #15
 80019cc:	428b      	cmp	r3, r1
 80019ce:	d208      	bcs.n	80019e2 <HAL_RCC_ClockConfig+0x2a>
 80019d0:	b2cb      	uxtb	r3, r1
 80019d2:	4a4c      	ldr	r2, [pc, #304]	@ (8001b04 <HAL_RCC_ClockConfig+0x14c>)
 80019d4:	7013      	strb	r3, [r2, #0]
 80019d6:	6813      	ldr	r3, [r2, #0]
 80019d8:	f003 030f 	and.w	r3, r3, #15
 80019dc:	428b      	cmp	r3, r1
 80019de:	f040 808b 	bne.w	8001af8 <HAL_RCC_ClockConfig+0x140>
 80019e2:	6823      	ldr	r3, [r4, #0]
 80019e4:	f013 0f02 	tst.w	r3, #2
 80019e8:	d017      	beq.n	8001a1a <HAL_RCC_ClockConfig+0x62>
 80019ea:	f013 0f04 	tst.w	r3, #4
 80019ee:	d004      	beq.n	80019fa <HAL_RCC_ClockConfig+0x42>
 80019f0:	4a45      	ldr	r2, [pc, #276]	@ (8001b08 <HAL_RCC_ClockConfig+0x150>)
 80019f2:	6893      	ldr	r3, [r2, #8]
 80019f4:	f443 53e0 	orr.w	r3, r3, #7168	@ 0x1c00
 80019f8:	6093      	str	r3, [r2, #8]
 80019fa:	6823      	ldr	r3, [r4, #0]
 80019fc:	f013 0f08 	tst.w	r3, #8
 8001a00:	d004      	beq.n	8001a0c <HAL_RCC_ClockConfig+0x54>
 8001a02:	4a41      	ldr	r2, [pc, #260]	@ (8001b08 <HAL_RCC_ClockConfig+0x150>)
 8001a04:	6893      	ldr	r3, [r2, #8]
 8001a06:	f443 4360 	orr.w	r3, r3, #57344	@ 0xe000
 8001a0a:	6093      	str	r3, [r2, #8]
 8001a0c:	4a3e      	ldr	r2, [pc, #248]	@ (8001b08 <HAL_RCC_ClockConfig+0x150>)
 8001a0e:	6893      	ldr	r3, [r2, #8]
 8001a10:	f023 03f0 	bic.w	r3, r3, #240	@ 0xf0
 8001a14:	68a1      	ldr	r1, [r4, #8]
 8001a16:	430b      	orrs	r3, r1
 8001a18:	6093      	str	r3, [r2, #8]
 8001a1a:	6823      	ldr	r3, [r4, #0]
 8001a1c:	f013 0f01 	tst.w	r3, #1
 8001a20:	d032      	beq.n	8001a88 <HAL_RCC_ClockConfig+0xd0>
 8001a22:	6863      	ldr	r3, [r4, #4]
 8001a24:	2b01      	cmp	r3, #1
 8001a26:	d021      	beq.n	8001a6c <HAL_RCC_ClockConfig+0xb4>
 8001a28:	1e9a      	subs	r2, r3, #2
 8001a2a:	2a01      	cmp	r2, #1
 8001a2c:	d925      	bls.n	8001a7a <HAL_RCC_ClockConfig+0xc2>
 8001a2e:	4a36      	ldr	r2, [pc, #216]	@ (8001b08 <HAL_RCC_ClockConfig+0x150>)
 8001a30:	6812      	ldr	r2, [r2, #0]
 8001a32:	f012 0f02 	tst.w	r2, #2
 8001a36:	d061      	beq.n	8001afc <HAL_RCC_ClockConfig+0x144>
 8001a38:	4933      	ldr	r1, [pc, #204]	@ (8001b08 <HAL_RCC_ClockConfig+0x150>)
 8001a3a:	688a      	ldr	r2, [r1, #8]
 8001a3c:	f022 0203 	bic.w	r2, r2, #3
 8001a40:	4313      	orrs	r3, r2
 8001a42:	608b      	str	r3, [r1, #8]
 8001a44:	f7ff f93a 	bl	8000cbc <HAL_GetTick>
 8001a48:	4606      	mov	r6, r0
 8001a4a:	4b2f      	ldr	r3, [pc, #188]	@ (8001b08 <HAL_RCC_ClockConfig+0x150>)
 8001a4c:	689b      	ldr	r3, [r3, #8]
 8001a4e:	f003 030c 	and.w	r3, r3, #12
 8001a52:	6862      	ldr	r2, [r4, #4]
 8001a54:	ebb3 0f82 	cmp.w	r3, r2, lsl #2
 8001a58:	d016      	beq.n	8001a88 <HAL_RCC_ClockConfig+0xd0>
 8001a5a:	f7ff f92f 	bl	8000cbc <HAL_GetTick>
 8001a5e:	1b80      	subs	r0, r0, r6
 8001a60:	f241 3388 	movw	r3, #5000	@ 0x1388
 8001a64:	4298      	cmp	r0, r3
 8001a66:	d9f0      	bls.n	8001a4a <HAL_RCC_ClockConfig+0x92>
 8001a68:	2003      	movs	r0, #3
 8001a6a:	e042      	b.n	8001af2 <HAL_RCC_ClockConfig+0x13a>
 8001a6c:	4a26      	ldr	r2, [pc, #152]	@ (8001b08 <HAL_RCC_ClockConfig+0x150>)
 8001a6e:	6812      	ldr	r2, [r2, #0]
 8001a70:	f412 3f00 	tst.w	r2, #131072	@ 0x20000
 8001a74:	d1e0      	bne.n	8001a38 <HAL_RCC_ClockConfig+0x80>
 8001a76:	2001      	movs	r0, #1
 8001a78:	e03b      	b.n	8001af2 <HAL_RCC_ClockConfig+0x13a>
 8001a7a:	4a23      	ldr	r2, [pc, #140]	@ (8001b08 <HAL_RCC_ClockConfig+0x150>)
 8001a7c:	6812      	ldr	r2, [r2, #0]
 8001a7e:	f012 7f00 	tst.w	r2, #33554432	@ 0x2000000
 8001a82:	d1d9      	bne.n	8001a38 <HAL_RCC_ClockConfig+0x80>
 8001a84:	2001      	movs	r0, #1
 8001a86:	e034      	b.n	8001af2 <HAL_RCC_ClockConfig+0x13a>
 8001a88:	4b1e      	ldr	r3, [pc, #120]	@ (8001b04 <HAL_RCC_ClockConfig+0x14c>)
 8001a8a:	681b      	ldr	r3, [r3, #0]
 8001a8c:	f003 030f 	and.w	r3, r3, #15
 8001a90:	42ab      	cmp	r3, r5
 8001a92:	d907      	bls.n	8001aa4 <HAL_RCC_ClockConfig+0xec>
 8001a94:	b2ea      	uxtb	r2, r5
 8001a96:	4b1b      	ldr	r3, [pc, #108]	@ (8001b04 <HAL_RCC_ClockConfig+0x14c>)
 8001a98:	701a      	strb	r2, [r3, #0]
 8001a9a:	681b      	ldr	r3, [r3, #0]
 8001a9c:	f003 030f 	and.w	r3, r3, #15
 8001aa0:	42ab      	cmp	r3, r5
 8001aa2:	d12d      	bne.n	8001b00 <HAL_RCC_ClockConfig+0x148>
 8001aa4:	6823      	ldr	r3, [r4, #0]
 8001aa6:	f013 0f04 	tst.w	r3, #4
 8001aaa:	d006      	beq.n	8001aba <HAL_RCC_ClockConfig+0x102>
 8001aac:	4a16      	ldr	r2, [pc, #88]	@ (8001b08 <HAL_RCC_ClockConfig+0x150>)
 8001aae:	6893      	ldr	r3, [r2, #8]
 8001ab0:	f423 53e0 	bic.w	r3, r3, #7168	@ 0x1c00
 8001ab4:	68e1      	ldr	r1, [r4, #12]
 8001ab6:	430b      	orrs	r3, r1
 8001ab8:	6093      	str	r3, [r2, #8]
 8001aba:	6823      	ldr	r3, [r4, #0]
 8001abc:	f013 0f08 	tst.w	r3, #8
 8001ac0:	d007      	beq.n	8001ad2 <HAL_RCC_ClockConfig+0x11a>
 8001ac2:	4a11      	ldr	r2, [pc, #68]	@ (8001b08 <HAL_RCC_ClockConfig+0x150>)
 8001ac4:	6893      	ldr	r3, [r2, #8]
 8001ac6:	f423 4360 	bic.w	r3, r3, #57344	@ 0xe000
 8001aca:	6921      	ldr	r1, [r4, #16]
 8001acc:	ea43 03c1 	orr.w	r3, r3, r1, lsl #3
 8001ad0:	6093      	str	r3, [r2, #8]
 8001ad2:	f000 f847 	bl	8001b64 <HAL_RCC_GetSysClockFreq>
 8001ad6:	4b0c      	ldr	r3, [pc, #48]	@ (8001b08 <HAL_RCC_ClockConfig+0x150>)
 8001ad8:	689b      	ldr	r3, [r3, #8]
 8001ada:	f3c3 1303 	ubfx	r3, r3, #4, #4
 8001ade:	4a0b      	ldr	r2, [pc, #44]	@ (8001b0c <HAL_RCC_ClockConfig+0x154>)
 8001ae0:	5cd3      	ldrb	r3, [r2, r3]
 8001ae2:	40d8      	lsrs	r0, r3
 8001ae4:	4b0a      	ldr	r3, [pc, #40]	@ (8001b10 <HAL_RCC_ClockConfig+0x158>)
 8001ae6:	6018      	str	r0, [r3, #0]
 8001ae8:	4b0a      	ldr	r3, [pc, #40]	@ (8001b14 <HAL_RCC_ClockConfig+0x15c>)
 8001aea:	6818      	ldr	r0, [r3, #0]
 8001aec:	f7ff f89a 	bl	8000c24 <HAL_InitTick>
 8001af0:	2000      	movs	r0, #0
 8001af2:	bd70      	pop	{r4, r5, r6, pc}
 8001af4:	2001      	movs	r0, #1
 8001af6:	4770      	bx	lr
 8001af8:	2001      	movs	r0, #1
 8001afa:	e7fa      	b.n	8001af2 <HAL_RCC_ClockConfig+0x13a>
 8001afc:	2001      	movs	r0, #1
 8001afe:	e7f8      	b.n	8001af2 <HAL_RCC_ClockConfig+0x13a>
 8001b00:	2001      	movs	r0, #1
 8001b02:	e7f6      	b.n	8001af2 <HAL_RCC_ClockConfig+0x13a>
 8001b04:	40023c00 	.word	0x40023c00
 8001b08:	40023800 	.word	0x40023800
 8001b0c:	08002e24 	.word	0x08002e24
 8001b10:	20000008 	.word	0x20000008
 8001b14:	20000004 	.word	0x20000004

08001b18 <HAL_RCC_GetHCLKFreq>:
 8001b18:	4b01      	ldr	r3, [pc, #4]	@ (8001b20 <HAL_RCC_GetHCLKFreq+0x8>)
 8001b1a:	6818      	ldr	r0, [r3, #0]
 8001b1c:	4770      	bx	lr
 8001b1e:	bf00      	nop
 8001b20:	20000008 	.word	0x20000008

08001b24 <HAL_RCC_GetPCLK1Freq>:
 8001b24:	b508      	push	{r3, lr}
 8001b26:	f7ff fff7 	bl	8001b18 <HAL_RCC_GetHCLKFreq>
 8001b2a:	4b04      	ldr	r3, [pc, #16]	@ (8001b3c <HAL_RCC_GetPCLK1Freq+0x18>)
 8001b2c:	689b      	ldr	r3, [r3, #8]
 8001b2e:	f3c3 2382 	ubfx	r3, r3, #10, #3
 8001b32:	4a03      	ldr	r2, [pc, #12]	@ (8001b40 <HAL_RCC_GetPCLK1Freq+0x1c>)
 8001b34:	5cd3      	ldrb	r3, [r2, r3]
 8001b36:	40d8      	lsrs	r0, r3
 8001b38:	bd08      	pop	{r3, pc}
 8001b3a:	bf00      	nop
 8001b3c:	40023800 	.word	0x40023800
 8001b40:	08002e1c 	.word	0x08002e1c

08001b44 <HAL_RCC_GetPCLK2Freq>:
 8001b44:	b508      	push	{r3, lr}
 8001b46:	f7ff ffe7 	bl	8001b18 <HAL_RCC_GetHCLKFreq>
 8001b4a:	4b04      	ldr	r3, [pc, #16]	@ (8001b5c <HAL_RCC_GetPCLK2Freq+0x18>)
 8001b4c:	689b      	ldr	r3, [r3, #8]
 8001b4e:	f3c3 3342 	ubfx	r3, r3, #13, #3
 8001b52:	4a03      	ldr	r2, [pc, #12]	@ (8001b60 <HAL_RCC_GetPCLK2Freq+0x1c>)
 8001b54:	5cd3      	ldrb	r3, [r2, r3]
 8001b56:	40d8      	lsrs	r0, r3
 8001b58:	bd08      	pop	{r3, pc}
 8001b5a:	bf00      	nop
 8001b5c:	40023800 	.word	0x40023800
 8001b60:	08002e1c 	.word	0x08002e1c

08001b64 <HAL_RCC_GetSysClockFreq>:
 8001b64:	b508      	push	{r3, lr}
 8001b66:	4b60      	ldr	r3, [pc, #384]	@ (8001ce8 <HAL_RCC_GetSysClockFreq+0x184>)
 8001b68:	689b      	ldr	r3, [r3, #8]
 8001b6a:	f003 030c 	and.w	r3, r3, #12
 8001b6e:	2b08      	cmp	r3, #8
 8001b70:	d006      	beq.n	8001b80 <HAL_RCC_GetSysClockFreq+0x1c>
 8001b72:	2b0c      	cmp	r3, #12
 8001b74:	d05e      	beq.n	8001c34 <HAL_RCC_GetSysClockFreq+0xd0>
 8001b76:	2b04      	cmp	r3, #4
 8001b78:	f040 80b4 	bne.w	8001ce4 <HAL_RCC_GetSysClockFreq+0x180>
 8001b7c:	485b      	ldr	r0, [pc, #364]	@ (8001cec <HAL_RCC_GetSysClockFreq+0x188>)
 8001b7e:	e033      	b.n	8001be8 <HAL_RCC_GetSysClockFreq+0x84>
 8001b80:	4b59      	ldr	r3, [pc, #356]	@ (8001ce8 <HAL_RCC_GetSysClockFreq+0x184>)
 8001b82:	685a      	ldr	r2, [r3, #4]
 8001b84:	f002 023f 	and.w	r2, r2, #63	@ 0x3f
 8001b88:	685b      	ldr	r3, [r3, #4]
 8001b8a:	f413 0f80 	tst.w	r3, #4194304	@ 0x400000
 8001b8e:	d02c      	beq.n	8001bea <HAL_RCC_GetSysClockFreq+0x86>
 8001b90:	4b55      	ldr	r3, [pc, #340]	@ (8001ce8 <HAL_RCC_GetSysClockFreq+0x184>)
 8001b92:	6858      	ldr	r0, [r3, #4]
 8001b94:	f3c0 1088 	ubfx	r0, r0, #6, #9
 8001b98:	ea4f 1c40 	mov.w	ip, r0, lsl #5
 8001b9c:	ebbc 0c00 	subs.w	ip, ip, r0
 8001ba0:	eb6e 0e0e 	sbc.w	lr, lr, lr
 8001ba4:	ea4f 138e 	mov.w	r3, lr, lsl #6
 8001ba8:	ea43 639c 	orr.w	r3, r3, ip, lsr #26
 8001bac:	ea4f 118c 	mov.w	r1, ip, lsl #6
 8001bb0:	ebb1 010c 	subs.w	r1, r1, ip
 8001bb4:	eb63 030e 	sbc.w	r3, r3, lr
 8001bb8:	00db      	lsls	r3, r3, #3
 8001bba:	ea43 7351 	orr.w	r3, r3, r1, lsr #29
 8001bbe:	00c9      	lsls	r1, r1, #3
 8001bc0:	eb11 0c00 	adds.w	ip, r1, r0
 8001bc4:	f143 0300 	adc.w	r3, r3, #0
 8001bc8:	0259      	lsls	r1, r3, #9
 8001bca:	2300      	movs	r3, #0
 8001bcc:	ea4f 204c 	mov.w	r0, ip, lsl #9
 8001bd0:	ea41 51dc 	orr.w	r1, r1, ip, lsr #23
 8001bd4:	f7fe fb16 	bl	8000204 <__aeabi_uldivmod>
 8001bd8:	4b43      	ldr	r3, [pc, #268]	@ (8001ce8 <HAL_RCC_GetSysClockFreq+0x184>)
 8001bda:	685b      	ldr	r3, [r3, #4]
 8001bdc:	f3c3 4301 	ubfx	r3, r3, #16, #2
 8001be0:	3301      	adds	r3, #1
 8001be2:	005b      	lsls	r3, r3, #1
 8001be4:	fbb0 f0f3 	udiv	r0, r0, r3
 8001be8:	bd08      	pop	{r3, pc}
 8001bea:	4b3f      	ldr	r3, [pc, #252]	@ (8001ce8 <HAL_RCC_GetSysClockFreq+0x184>)
 8001bec:	6858      	ldr	r0, [r3, #4]
 8001bee:	f3c0 1088 	ubfx	r0, r0, #6, #9
 8001bf2:	ea4f 1c40 	mov.w	ip, r0, lsl #5
 8001bf6:	ebbc 0c00 	subs.w	ip, ip, r0
 8001bfa:	eb6e 0e0e 	sbc.w	lr, lr, lr
 8001bfe:	ea4f 138e 	mov.w	r3, lr, lsl #6
 8001c02:	ea43 639c 	orr.w	r3, r3, ip, lsr #26
 8001c06:	ea4f 118c 	mov.w	r1, ip, lsl #6
 8001c0a:	ebb1 010c 	subs.w	r1, r1, ip
 8001c0e:	eb63 030e 	sbc.w	r3, r3, lr
 8001c12:	00db      	lsls	r3, r3, #3
 8001c14:	ea43 7351 	orr.w	r3, r3, r1, lsr #29
 8001c18:	00c9      	lsls	r1, r1, #3
 8001c1a:	eb11 0c00 	adds.w	ip, r1, r0
 8001c1e:	f143 0300 	adc.w	r3, r3, #0
 8001c22:	0299      	lsls	r1, r3, #10
 8001c24:	2300      	movs	r3, #0
 8001c26:	ea4f 208c 	mov.w	r0, ip, lsl #10
 8001c2a:	ea41 519c 	orr.w	r1, r1, ip, lsr #22
 8001c2e:	f7fe fae9 	bl	8000204 <__aeabi_uldivmod>
 8001c32:	e7d1      	b.n	8001bd8 <HAL_RCC_GetSysClockFreq+0x74>
 8001c34:	4b2c      	ldr	r3, [pc, #176]	@ (8001ce8 <HAL_RCC_GetSysClockFreq+0x184>)
 8001c36:	685a      	ldr	r2, [r3, #4]
 8001c38:	f002 023f 	and.w	r2, r2, #63	@ 0x3f
 8001c3c:	685b      	ldr	r3, [r3, #4]
 8001c3e:	f413 0f80 	tst.w	r3, #4194304	@ 0x400000
 8001c42:	d02a      	beq.n	8001c9a <HAL_RCC_GetSysClockFreq+0x136>
 8001c44:	4b28      	ldr	r3, [pc, #160]	@ (8001ce8 <HAL_RCC_GetSysClockFreq+0x184>)
 8001c46:	6858      	ldr	r0, [r3, #4]
 8001c48:	f3c0 1088 	ubfx	r0, r0, #6, #9
 8001c4c:	ea4f 1c40 	mov.w	ip, r0, lsl #5
 8001c50:	ebbc 0c00 	subs.w	ip, ip, r0
 8001c54:	eb6e 0e0e 	sbc.w	lr, lr, lr
 8001c58:	ea4f 138e 	mov.w	r3, lr, lsl #6
 8001c5c:	ea43 639c 	orr.w	r3, r3, ip, lsr #26
 8001c60:	ea4f 118c 	mov.w	r1, ip, lsl #6
 8001c64:	ebb1 010c 	subs.w	r1, r1, ip
 8001c68:	eb63 030e 	sbc.w	r3, r3, lr
 8001c6c:	00db      	lsls	r3, r3, #3
 8001c6e:	ea43 7351 	orr.w	r3, r3, r1, lsr #29
 8001c72:	00c9      	lsls	r1, r1, #3
 8001c74:	eb11 0c00 	adds.w	ip, r1, r0
 8001c78:	f143 0300 	adc.w	r3, r3, #0
 8001c7c:	0259      	lsls	r1, r3, #9
 8001c7e:	2300      	movs	r3, #0
 8001c80:	ea4f 204c 	mov.w	r0, ip, lsl #9
 8001c84:	ea41 51dc 	orr.w	r1, r1, ip, lsr #23
 8001c88:	f7fe fabc 	bl	8000204 <__aeabi_uldivmod>
 8001c8c:	4b16      	ldr	r3, [pc, #88]	@ (8001ce8 <HAL_RCC_GetSysClockFreq+0x184>)
 8001c8e:	685b      	ldr	r3, [r3, #4]
 8001c90:	f3c3 7302 	ubfx	r3, r3, #28, #3
 8001c94:	fbb0 f0f3 	udiv	r0, r0, r3
 8001c98:	e7a6      	b.n	8001be8 <HAL_RCC_GetSysClockFreq+0x84>
 8001c9a:	4b13      	ldr	r3, [pc, #76]	@ (8001ce8 <HAL_RCC_GetSysClockFreq+0x184>)
 8001c9c:	6858      	ldr	r0, [r3, #4]
 8001c9e:	f3c0 1088 	ubfx	r0, r0, #6, #9
 8001ca2:	ea4f 1c40 	mov.w	ip, r0, lsl #5
 8001ca6:	ebbc 0c00 	subs.w	ip, ip, r0
 8001caa:	eb6e 0e0e 	sbc.w	lr, lr, lr
 8001cae:	ea4f 138e 	mov.w	r3, lr, lsl #6
 8001cb2:	ea43 639c 	orr.w	r3, r3, ip, lsr #26
 8001cb6:	ea4f 118c 	mov.w	r1, ip, lsl #6
 8001cba:	ebb1 010c 	subs.w	r1, r1, ip
 8001cbe:	eb63 030e 	sbc.w	r3, r3, lr
 8001cc2:	00db      	lsls	r3, r3, #3
 8001cc4:	ea43 7351 	orr.w	r3, r3, r1, lsr #29
 8001cc8:	00c9      	lsls	r1, r1, #3
 8001cca:	eb11 0c00 	adds.w	ip, r1, r0
 8001cce:	f143 0300 	adc.w	r3, r3, #0
 8001cd2:	0299      	lsls	r1, r3, #10
 8001cd4:	2300      	movs	r3, #0
 8001cd6:	ea4f 208c 	mov.w	r0, ip, lsl #10
 8001cda:	ea41 519c 	orr.w	r1, r1, ip, lsr #22
 8001cde:	f7fe fa91 	bl	8000204 <__aeabi_uldivmod>
 8001ce2:	e7d3      	b.n	8001c8c <HAL_RCC_GetSysClockFreq+0x128>
 8001ce4:	4802      	ldr	r0, [pc, #8]	@ (8001cf0 <HAL_RCC_GetSysClockFreq+0x18c>)
 8001ce6:	e77f      	b.n	8001be8 <HAL_RCC_GetSysClockFreq+0x84>
 8001ce8:	40023800 	.word	0x40023800
 8001cec:	007a1200 	.word	0x007a1200
 8001cf0:	00f42400 	.word	0x00f42400

08001cf4 <HAL_RCC_OscConfig>:
 8001cf4:	2800      	cmp	r0, #0
 8001cf6:	f000 8201 	beq.w	80020fc <HAL_RCC_OscConfig+0x408>
 8001cfa:	b570      	push	{r4, r5, r6, lr}
 8001cfc:	b082      	sub	sp, #8
 8001cfe:	4604      	mov	r4, r0
 8001d00:	6803      	ldr	r3, [r0, #0]
 8001d02:	f013 0f01 	tst.w	r3, #1
 8001d06:	d041      	beq.n	8001d8c <HAL_RCC_OscConfig+0x98>
 8001d08:	4b99      	ldr	r3, [pc, #612]	@ (8001f70 <HAL_RCC_OscConfig+0x27c>)
 8001d0a:	689b      	ldr	r3, [r3, #8]
 8001d0c:	f003 030c 	and.w	r3, r3, #12
 8001d10:	2b04      	cmp	r3, #4
 8001d12:	d032      	beq.n	8001d7a <HAL_RCC_OscConfig+0x86>
 8001d14:	4b96      	ldr	r3, [pc, #600]	@ (8001f70 <HAL_RCC_OscConfig+0x27c>)
 8001d16:	689b      	ldr	r3, [r3, #8]
 8001d18:	f003 030c 	and.w	r3, r3, #12
 8001d1c:	2b08      	cmp	r3, #8
 8001d1e:	d027      	beq.n	8001d70 <HAL_RCC_OscConfig+0x7c>
 8001d20:	4b93      	ldr	r3, [pc, #588]	@ (8001f70 <HAL_RCC_OscConfig+0x27c>)
 8001d22:	689b      	ldr	r3, [r3, #8]
 8001d24:	f003 030c 	and.w	r3, r3, #12
 8001d28:	2b0c      	cmp	r3, #12
 8001d2a:	d059      	beq.n	8001de0 <HAL_RCC_OscConfig+0xec>
 8001d2c:	6863      	ldr	r3, [r4, #4]
 8001d2e:	f5b3 3f80 	cmp.w	r3, #65536	@ 0x10000
 8001d32:	d05b      	beq.n	8001dec <HAL_RCC_OscConfig+0xf8>
 8001d34:	f5b3 2fa0 	cmp.w	r3, #327680	@ 0x50000
 8001d38:	d05e      	beq.n	8001df8 <HAL_RCC_OscConfig+0x104>
 8001d3a:	4b8d      	ldr	r3, [pc, #564]	@ (8001f70 <HAL_RCC_OscConfig+0x27c>)
 8001d3c:	681a      	ldr	r2, [r3, #0]
 8001d3e:	f422 3280 	bic.w	r2, r2, #65536	@ 0x10000
 8001d42:	601a      	str	r2, [r3, #0]
 8001d44:	681a      	ldr	r2, [r3, #0]
 8001d46:	f422 2280 	bic.w	r2, r2, #262144	@ 0x40000
 8001d4a:	601a      	str	r2, [r3, #0]
 8001d4c:	6863      	ldr	r3, [r4, #4]
 8001d4e:	2b00      	cmp	r3, #0
 8001d50:	d05c      	beq.n	8001e0c <HAL_RCC_OscConfig+0x118>
 8001d52:	f7fe ffb3 	bl	8000cbc <HAL_GetTick>
 8001d56:	4605      	mov	r5, r0
 8001d58:	4b85      	ldr	r3, [pc, #532]	@ (8001f70 <HAL_RCC_OscConfig+0x27c>)
 8001d5a:	681b      	ldr	r3, [r3, #0]
 8001d5c:	f413 3f00 	tst.w	r3, #131072	@ 0x20000
 8001d60:	d114      	bne.n	8001d8c <HAL_RCC_OscConfig+0x98>
 8001d62:	f7fe ffab 	bl	8000cbc <HAL_GetTick>
 8001d66:	1b40      	subs	r0, r0, r5
 8001d68:	2864      	cmp	r0, #100	@ 0x64
 8001d6a:	d9f5      	bls.n	8001d58 <HAL_RCC_OscConfig+0x64>
 8001d6c:	2003      	movs	r0, #3
 8001d6e:	e1cc      	b.n	800210a <HAL_RCC_OscConfig+0x416>
 8001d70:	4b7f      	ldr	r3, [pc, #508]	@ (8001f70 <HAL_RCC_OscConfig+0x27c>)
 8001d72:	685b      	ldr	r3, [r3, #4]
 8001d74:	f413 0f80 	tst.w	r3, #4194304	@ 0x400000
 8001d78:	d0d2      	beq.n	8001d20 <HAL_RCC_OscConfig+0x2c>
 8001d7a:	4b7d      	ldr	r3, [pc, #500]	@ (8001f70 <HAL_RCC_OscConfig+0x27c>)
 8001d7c:	681b      	ldr	r3, [r3, #0]
 8001d7e:	f413 3f00 	tst.w	r3, #131072	@ 0x20000
 8001d82:	d003      	beq.n	8001d8c <HAL_RCC_OscConfig+0x98>
 8001d84:	6863      	ldr	r3, [r4, #4]
 8001d86:	2b00      	cmp	r3, #0
 8001d88:	f000 81ba 	beq.w	8002100 <HAL_RCC_OscConfig+0x40c>
 8001d8c:	6823      	ldr	r3, [r4, #0]
 8001d8e:	f013 0f02 	tst.w	r3, #2
 8001d92:	d060      	beq.n	8001e56 <HAL_RCC_OscConfig+0x162>
 8001d94:	4b76      	ldr	r3, [pc, #472]	@ (8001f70 <HAL_RCC_OscConfig+0x27c>)
 8001d96:	689b      	ldr	r3, [r3, #8]
 8001d98:	f013 0f0c 	tst.w	r3, #12
 8001d9c:	d04a      	beq.n	8001e34 <HAL_RCC_OscConfig+0x140>
 8001d9e:	4b74      	ldr	r3, [pc, #464]	@ (8001f70 <HAL_RCC_OscConfig+0x27c>)
 8001da0:	689b      	ldr	r3, [r3, #8]
 8001da2:	f003 030c 	and.w	r3, r3, #12
 8001da6:	2b08      	cmp	r3, #8
 8001da8:	d03f      	beq.n	8001e2a <HAL_RCC_OscConfig+0x136>
 8001daa:	4b71      	ldr	r3, [pc, #452]	@ (8001f70 <HAL_RCC_OscConfig+0x27c>)
 8001dac:	689b      	ldr	r3, [r3, #8]
 8001dae:	f003 030c 	and.w	r3, r3, #12
 8001db2:	2b0c      	cmp	r3, #12
 8001db4:	d069      	beq.n	8001e8a <HAL_RCC_OscConfig+0x196>
 8001db6:	68e3      	ldr	r3, [r4, #12]
 8001db8:	2b00      	cmp	r3, #0
 8001dba:	d075      	beq.n	8001ea8 <HAL_RCC_OscConfig+0x1b4>
 8001dbc:	4b6d      	ldr	r3, [pc, #436]	@ (8001f74 <HAL_RCC_OscConfig+0x280>)
 8001dbe:	2201      	movs	r2, #1
 8001dc0:	601a      	str	r2, [r3, #0]
 8001dc2:	f7fe ff7b 	bl	8000cbc <HAL_GetTick>
 8001dc6:	4605      	mov	r5, r0
 8001dc8:	4b69      	ldr	r3, [pc, #420]	@ (8001f70 <HAL_RCC_OscConfig+0x27c>)
 8001dca:	681b      	ldr	r3, [r3, #0]
 8001dcc:	f013 0f02 	tst.w	r3, #2
 8001dd0:	d161      	bne.n	8001e96 <HAL_RCC_OscConfig+0x1a2>
 8001dd2:	f7fe ff73 	bl	8000cbc <HAL_GetTick>
 8001dd6:	1b40      	subs	r0, r0, r5
 8001dd8:	2802      	cmp	r0, #2
 8001dda:	d9f5      	bls.n	8001dc8 <HAL_RCC_OscConfig+0xd4>
 8001ddc:	2003      	movs	r0, #3
 8001dde:	e194      	b.n	800210a <HAL_RCC_OscConfig+0x416>
 8001de0:	4b63      	ldr	r3, [pc, #396]	@ (8001f70 <HAL_RCC_OscConfig+0x27c>)
 8001de2:	685b      	ldr	r3, [r3, #4]
 8001de4:	f413 0f80 	tst.w	r3, #4194304	@ 0x400000
 8001de8:	d0a0      	beq.n	8001d2c <HAL_RCC_OscConfig+0x38>
 8001dea:	e7c6      	b.n	8001d7a <HAL_RCC_OscConfig+0x86>
 8001dec:	4a60      	ldr	r2, [pc, #384]	@ (8001f70 <HAL_RCC_OscConfig+0x27c>)
 8001dee:	6813      	ldr	r3, [r2, #0]
 8001df0:	f443 3380 	orr.w	r3, r3, #65536	@ 0x10000
 8001df4:	6013      	str	r3, [r2, #0]
 8001df6:	e7a9      	b.n	8001d4c <HAL_RCC_OscConfig+0x58>
 8001df8:	4b5d      	ldr	r3, [pc, #372]	@ (8001f70 <HAL_RCC_OscConfig+0x27c>)
 8001dfa:	681a      	ldr	r2, [r3, #0]
 8001dfc:	f442 2280 	orr.w	r2, r2, #262144	@ 0x40000
 8001e00:	601a      	str	r2, [r3, #0]
 8001e02:	681a      	ldr	r2, [r3, #0]
 8001e04:	f442 3280 	orr.w	r2, r2, #65536	@ 0x10000
 8001e08:	601a      	str	r2, [r3, #0]
 8001e0a:	e79f      	b.n	8001d4c <HAL_RCC_OscConfig+0x58>
 8001e0c:	f7fe ff56 	bl	8000cbc <HAL_GetTick>
 8001e10:	4605      	mov	r5, r0
 8001e12:	4b57      	ldr	r3, [pc, #348]	@ (8001f70 <HAL_RCC_OscConfig+0x27c>)
 8001e14:	681b      	ldr	r3, [r3, #0]
 8001e16:	f413 3f00 	tst.w	r3, #131072	@ 0x20000
 8001e1a:	d0b7      	beq.n	8001d8c <HAL_RCC_OscConfig+0x98>
 8001e1c:	f7fe ff4e 	bl	8000cbc <HAL_GetTick>
 8001e20:	1b40      	subs	r0, r0, r5
 8001e22:	2864      	cmp	r0, #100	@ 0x64
 8001e24:	d9f5      	bls.n	8001e12 <HAL_RCC_OscConfig+0x11e>
 8001e26:	2003      	movs	r0, #3
 8001e28:	e16f      	b.n	800210a <HAL_RCC_OscConfig+0x416>
 8001e2a:	4b51      	ldr	r3, [pc, #324]	@ (8001f70 <HAL_RCC_OscConfig+0x27c>)
 8001e2c:	685b      	ldr	r3, [r3, #4]
 8001e2e:	f413 0f80 	tst.w	r3, #4194304	@ 0x400000
 8001e32:	d1ba      	bne.n	8001daa <HAL_RCC_OscConfig+0xb6>
 8001e34:	4b4e      	ldr	r3, [pc, #312]	@ (8001f70 <HAL_RCC_OscConfig+0x27c>)
 8001e36:	681b      	ldr	r3, [r3, #0]
 8001e38:	f013 0f02 	tst.w	r3, #2
 8001e3c:	d003      	beq.n	8001e46 <HAL_RCC_OscConfig+0x152>
 8001e3e:	68e3      	ldr	r3, [r4, #12]
 8001e40:	2b01      	cmp	r3, #1
 8001e42:	f040 815f 	bne.w	8002104 <HAL_RCC_OscConfig+0x410>
 8001e46:	4a4a      	ldr	r2, [pc, #296]	@ (8001f70 <HAL_RCC_OscConfig+0x27c>)
 8001e48:	6813      	ldr	r3, [r2, #0]
 8001e4a:	f023 03f8 	bic.w	r3, r3, #248	@ 0xf8
 8001e4e:	6921      	ldr	r1, [r4, #16]
 8001e50:	ea43 03c1 	orr.w	r3, r3, r1, lsl #3
 8001e54:	6013      	str	r3, [r2, #0]
 8001e56:	6823      	ldr	r3, [r4, #0]
 8001e58:	f013 0f08 	tst.w	r3, #8
 8001e5c:	d049      	beq.n	8001ef2 <HAL_RCC_OscConfig+0x1fe>
 8001e5e:	6963      	ldr	r3, [r4, #20]
 8001e60:	2b00      	cmp	r3, #0
 8001e62:	d033      	beq.n	8001ecc <HAL_RCC_OscConfig+0x1d8>
 8001e64:	4b43      	ldr	r3, [pc, #268]	@ (8001f74 <HAL_RCC_OscConfig+0x280>)
 8001e66:	2201      	movs	r2, #1
 8001e68:	f8c3 2e80 	str.w	r2, [r3, #3712]	@ 0xe80
 8001e6c:	f7fe ff26 	bl	8000cbc <HAL_GetTick>
 8001e70:	4605      	mov	r5, r0
 8001e72:	4b3f      	ldr	r3, [pc, #252]	@ (8001f70 <HAL_RCC_OscConfig+0x27c>)
 8001e74:	6f5b      	ldr	r3, [r3, #116]	@ 0x74
 8001e76:	f013 0f02 	tst.w	r3, #2
 8001e7a:	d13a      	bne.n	8001ef2 <HAL_RCC_OscConfig+0x1fe>
 8001e7c:	f7fe ff1e 	bl	8000cbc <HAL_GetTick>
 8001e80:	1b40      	subs	r0, r0, r5
 8001e82:	2802      	cmp	r0, #2
 8001e84:	d9f5      	bls.n	8001e72 <HAL_RCC_OscConfig+0x17e>
 8001e86:	2003      	movs	r0, #3
 8001e88:	e13f      	b.n	800210a <HAL_RCC_OscConfig+0x416>
 8001e8a:	4b39      	ldr	r3, [pc, #228]	@ (8001f70 <HAL_RCC_OscConfig+0x27c>)
 8001e8c:	685b      	ldr	r3, [r3, #4]
 8001e8e:	f413 0f80 	tst.w	r3, #4194304	@ 0x400000
 8001e92:	d190      	bne.n	8001db6 <HAL_RCC_OscConfig+0xc2>
 8001e94:	e7ce      	b.n	8001e34 <HAL_RCC_OscConfig+0x140>
 8001e96:	4a36      	ldr	r2, [pc, #216]	@ (8001f70 <HAL_RCC_OscConfig+0x27c>)
 8001e98:	6813      	ldr	r3, [r2, #0]
 8001e9a:	f023 03f8 	bic.w	r3, r3, #248	@ 0xf8
 8001e9e:	6921      	ldr	r1, [r4, #16]
 8001ea0:	ea43 03c1 	orr.w	r3, r3, r1, lsl #3
 8001ea4:	6013      	str	r3, [r2, #0]
 8001ea6:	e7d6      	b.n	8001e56 <HAL_RCC_OscConfig+0x162>
 8001ea8:	4b32      	ldr	r3, [pc, #200]	@ (8001f74 <HAL_RCC_OscConfig+0x280>)
 8001eaa:	2200      	movs	r2, #0
 8001eac:	601a      	str	r2, [r3, #0]
 8001eae:	f7fe ff05 	bl	8000cbc <HAL_GetTick>
 8001eb2:	4605      	mov	r5, r0
 8001eb4:	4b2e      	ldr	r3, [pc, #184]	@ (8001f70 <HAL_RCC_OscConfig+0x27c>)
 8001eb6:	681b      	ldr	r3, [r3, #0]
 8001eb8:	f013 0f02 	tst.w	r3, #2
 8001ebc:	d0cb      	beq.n	8001e56 <HAL_RCC_OscConfig+0x162>
 8001ebe:	f7fe fefd 	bl	8000cbc <HAL_GetTick>
 8001ec2:	1b40      	subs	r0, r0, r5
 8001ec4:	2802      	cmp	r0, #2
 8001ec6:	d9f5      	bls.n	8001eb4 <HAL_RCC_OscConfig+0x1c0>
 8001ec8:	2003      	movs	r0, #3
 8001eca:	e11e      	b.n	800210a <HAL_RCC_OscConfig+0x416>
 8001ecc:	4b29      	ldr	r3, [pc, #164]	@ (8001f74 <HAL_RCC_OscConfig+0x280>)
 8001ece:	2200      	movs	r2, #0
 8001ed0:	f8c3 2e80 	str.w	r2, [r3, #3712]	@ 0xe80
 8001ed4:	f7fe fef2 	bl	8000cbc <HAL_GetTick>
 8001ed8:	4605      	mov	r5, r0
 8001eda:	4b25      	ldr	r3, [pc, #148]	@ (8001f70 <HAL_RCC_OscConfig+0x27c>)
 8001edc:	6f5b      	ldr	r3, [r3, #116]	@ 0x74
 8001ede:	f013 0f02 	tst.w	r3, #2
 8001ee2:	d006      	beq.n	8001ef2 <HAL_RCC_OscConfig+0x1fe>
 8001ee4:	f7fe feea 	bl	8000cbc <HAL_GetTick>
 8001ee8:	1b40      	subs	r0, r0, r5
 8001eea:	2802      	cmp	r0, #2
 8001eec:	d9f5      	bls.n	8001eda <HAL_RCC_OscConfig+0x1e6>
 8001eee:	2003      	movs	r0, #3
 8001ef0:	e10b      	b.n	800210a <HAL_RCC_OscConfig+0x416>
 8001ef2:	6823      	ldr	r3, [r4, #0]
 8001ef4:	f013 0f04 	tst.w	r3, #4
 8001ef8:	d076      	beq.n	8001fe8 <HAL_RCC_OscConfig+0x2f4>
 8001efa:	4b1d      	ldr	r3, [pc, #116]	@ (8001f70 <HAL_RCC_OscConfig+0x27c>)
 8001efc:	6c1b      	ldr	r3, [r3, #64]	@ 0x40
 8001efe:	f013 5f80 	tst.w	r3, #268435456	@ 0x10000000
 8001f02:	d133      	bne.n	8001f6c <HAL_RCC_OscConfig+0x278>
 8001f04:	2300      	movs	r3, #0
 8001f06:	9301      	str	r3, [sp, #4]
 8001f08:	4b19      	ldr	r3, [pc, #100]	@ (8001f70 <HAL_RCC_OscConfig+0x27c>)
 8001f0a:	6c1a      	ldr	r2, [r3, #64]	@ 0x40
 8001f0c:	f042 5280 	orr.w	r2, r2, #268435456	@ 0x10000000
 8001f10:	641a      	str	r2, [r3, #64]	@ 0x40
 8001f12:	6c1b      	ldr	r3, [r3, #64]	@ 0x40
 8001f14:	f003 5380 	and.w	r3, r3, #268435456	@ 0x10000000
 8001f18:	9301      	str	r3, [sp, #4]
 8001f1a:	9b01      	ldr	r3, [sp, #4]
 8001f1c:	2501      	movs	r5, #1
 8001f1e:	4b16      	ldr	r3, [pc, #88]	@ (8001f78 <HAL_RCC_OscConfig+0x284>)
 8001f20:	681b      	ldr	r3, [r3, #0]
 8001f22:	f413 7f80 	tst.w	r3, #256	@ 0x100
 8001f26:	d029      	beq.n	8001f7c <HAL_RCC_OscConfig+0x288>
 8001f28:	68a3      	ldr	r3, [r4, #8]
 8001f2a:	2b01      	cmp	r3, #1
 8001f2c:	d03a      	beq.n	8001fa4 <HAL_RCC_OscConfig+0x2b0>
 8001f2e:	2b05      	cmp	r3, #5
 8001f30:	d03e      	beq.n	8001fb0 <HAL_RCC_OscConfig+0x2bc>
 8001f32:	4b0f      	ldr	r3, [pc, #60]	@ (8001f70 <HAL_RCC_OscConfig+0x27c>)
 8001f34:	6f1a      	ldr	r2, [r3, #112]	@ 0x70
 8001f36:	f022 0201 	bic.w	r2, r2, #1
 8001f3a:	671a      	str	r2, [r3, #112]	@ 0x70
 8001f3c:	6f1a      	ldr	r2, [r3, #112]	@ 0x70
 8001f3e:	f022 0204 	bic.w	r2, r2, #4
 8001f42:	671a      	str	r2, [r3, #112]	@ 0x70
 8001f44:	68a3      	ldr	r3, [r4, #8]
 8001f46:	2b00      	cmp	r3, #0
 8001f48:	d03c      	beq.n	8001fc4 <HAL_RCC_OscConfig+0x2d0>
 8001f4a:	f7fe feb7 	bl	8000cbc <HAL_GetTick>
 8001f4e:	4606      	mov	r6, r0
 8001f50:	4b07      	ldr	r3, [pc, #28]	@ (8001f70 <HAL_RCC_OscConfig+0x27c>)
 8001f52:	6f1b      	ldr	r3, [r3, #112]	@ 0x70
 8001f54:	f013 0f02 	tst.w	r3, #2
 8001f58:	d145      	bne.n	8001fe6 <HAL_RCC_OscConfig+0x2f2>
 8001f5a:	f7fe feaf 	bl	8000cbc <HAL_GetTick>
 8001f5e:	1b80      	subs	r0, r0, r6
 8001f60:	f241 3388 	movw	r3, #5000	@ 0x1388
 8001f64:	4298      	cmp	r0, r3
 8001f66:	d9f3      	bls.n	8001f50 <HAL_RCC_OscConfig+0x25c>
 8001f68:	2003      	movs	r0, #3
 8001f6a:	e0ce      	b.n	800210a <HAL_RCC_OscConfig+0x416>
 8001f6c:	2500      	movs	r5, #0
 8001f6e:	e7d6      	b.n	8001f1e <HAL_RCC_OscConfig+0x22a>
 8001f70:	40023800 	.word	0x40023800
 8001f74:	42470000 	.word	0x42470000
 8001f78:	40007000 	.word	0x40007000
 8001f7c:	4a6b      	ldr	r2, [pc, #428]	@ (800212c <HAL_RCC_OscConfig+0x438>)
 8001f7e:	6813      	ldr	r3, [r2, #0]
 8001f80:	f443 7380 	orr.w	r3, r3, #256	@ 0x100
 8001f84:	6013      	str	r3, [r2, #0]
 8001f86:	f7fe fe99 	bl	8000cbc <HAL_GetTick>
 8001f8a:	4606      	mov	r6, r0
 8001f8c:	4b67      	ldr	r3, [pc, #412]	@ (800212c <HAL_RCC_OscConfig+0x438>)
 8001f8e:	681b      	ldr	r3, [r3, #0]
 8001f90:	f413 7f80 	tst.w	r3, #256	@ 0x100
 8001f94:	d1c8      	bne.n	8001f28 <HAL_RCC_OscConfig+0x234>
 8001f96:	f7fe fe91 	bl	8000cbc <HAL_GetTick>
 8001f9a:	1b80      	subs	r0, r0, r6
 8001f9c:	2802      	cmp	r0, #2
 8001f9e:	d9f5      	bls.n	8001f8c <HAL_RCC_OscConfig+0x298>
 8001fa0:	2003      	movs	r0, #3
 8001fa2:	e0b2      	b.n	800210a <HAL_RCC_OscConfig+0x416>
 8001fa4:	4a62      	ldr	r2, [pc, #392]	@ (8002130 <HAL_RCC_OscConfig+0x43c>)
 8001fa6:	6f13      	ldr	r3, [r2, #112]	@ 0x70
 8001fa8:	f043 0301 	orr.w	r3, r3, #1
 8001fac:	6713      	str	r3, [r2, #112]	@ 0x70
 8001fae:	e7c9      	b.n	8001f44 <HAL_RCC_OscConfig+0x250>
 8001fb0:	4b5f      	ldr	r3, [pc, #380]	@ (8002130 <HAL_RCC_OscConfig+0x43c>)
 8001fb2:	6f1a      	ldr	r2, [r3, #112]	@ 0x70
 8001fb4:	f042 0204 	orr.w	r2, r2, #4
 8001fb8:	671a      	str	r2, [r3, #112]	@ 0x70
 8001fba:	6f1a      	ldr	r2, [r3, #112]	@ 0x70
 8001fbc:	f042 0201 	orr.w	r2, r2, #1
 8001fc0:	671a      	str	r2, [r3, #112]	@ 0x70
 8001fc2:	e7bf      	b.n	8001f44 <HAL_RCC_OscConfig+0x250>
 8001fc4:	f7fe fe7a 	bl	8000cbc <HAL_GetTick>
 8001fc8:	4606      	mov	r6, r0
 8001fca:	4b59      	ldr	r3, [pc, #356]	@ (8002130 <HAL_RCC_OscConfig+0x43c>)
 8001fcc:	6f1b      	ldr	r3, [r3, #112]	@ 0x70
 8001fce:	f013 0f02 	tst.w	r3, #2
 8001fd2:	d008      	beq.n	8001fe6 <HAL_RCC_OscConfig+0x2f2>
 8001fd4:	f7fe fe72 	bl	8000cbc <HAL_GetTick>
 8001fd8:	1b80      	subs	r0, r0, r6
 8001fda:	f241 3388 	movw	r3, #5000	@ 0x1388
 8001fde:	4298      	cmp	r0, r3
 8001fe0:	d9f3      	bls.n	8001fca <HAL_RCC_OscConfig+0x2d6>
 8001fe2:	2003      	movs	r0, #3
 8001fe4:	e091      	b.n	800210a <HAL_RCC_OscConfig+0x416>
 8001fe6:	b9ed      	cbnz	r5, 8002024 <HAL_RCC_OscConfig+0x330>
 8001fe8:	69a3      	ldr	r3, [r4, #24]
 8001fea:	2b00      	cmp	r3, #0
 8001fec:	f000 808c 	beq.w	8002108 <HAL_RCC_OscConfig+0x414>
 8001ff0:	4a4f      	ldr	r2, [pc, #316]	@ (8002130 <HAL_RCC_OscConfig+0x43c>)
 8001ff2:	6892      	ldr	r2, [r2, #8]
 8001ff4:	f002 020c 	and.w	r2, r2, #12
 8001ff8:	2a08      	cmp	r2, #8
 8001ffa:	d054      	beq.n	80020a6 <HAL_RCC_OscConfig+0x3b2>
 8001ffc:	2b02      	cmp	r3, #2
 8001ffe:	d017      	beq.n	8002030 <HAL_RCC_OscConfig+0x33c>
 8002000:	4b4c      	ldr	r3, [pc, #304]	@ (8002134 <HAL_RCC_OscConfig+0x440>)
 8002002:	2200      	movs	r2, #0
 8002004:	661a      	str	r2, [r3, #96]	@ 0x60
 8002006:	f7fe fe59 	bl	8000cbc <HAL_GetTick>
 800200a:	4604      	mov	r4, r0
 800200c:	4b48      	ldr	r3, [pc, #288]	@ (8002130 <HAL_RCC_OscConfig+0x43c>)
 800200e:	681b      	ldr	r3, [r3, #0]
 8002010:	f013 7f00 	tst.w	r3, #33554432	@ 0x2000000
 8002014:	d045      	beq.n	80020a2 <HAL_RCC_OscConfig+0x3ae>
 8002016:	f7fe fe51 	bl	8000cbc <HAL_GetTick>
 800201a:	1b00      	subs	r0, r0, r4
 800201c:	2802      	cmp	r0, #2
 800201e:	d9f5      	bls.n	800200c <HAL_RCC_OscConfig+0x318>
 8002020:	2003      	movs	r0, #3
 8002022:	e072      	b.n	800210a <HAL_RCC_OscConfig+0x416>
 8002024:	4a42      	ldr	r2, [pc, #264]	@ (8002130 <HAL_RCC_OscConfig+0x43c>)
 8002026:	6c13      	ldr	r3, [r2, #64]	@ 0x40
 8002028:	f023 5380 	bic.w	r3, r3, #268435456	@ 0x10000000
 800202c:	6413      	str	r3, [r2, #64]	@ 0x40
 800202e:	e7db      	b.n	8001fe8 <HAL_RCC_OscConfig+0x2f4>
 8002030:	4b40      	ldr	r3, [pc, #256]	@ (8002134 <HAL_RCC_OscConfig+0x440>)
 8002032:	2200      	movs	r2, #0
 8002034:	661a      	str	r2, [r3, #96]	@ 0x60
 8002036:	f7fe fe41 	bl	8000cbc <HAL_GetTick>
 800203a:	4605      	mov	r5, r0
 800203c:	4b3c      	ldr	r3, [pc, #240]	@ (8002130 <HAL_RCC_OscConfig+0x43c>)
 800203e:	681b      	ldr	r3, [r3, #0]
 8002040:	f013 7f00 	tst.w	r3, #33554432	@ 0x2000000
 8002044:	d006      	beq.n	8002054 <HAL_RCC_OscConfig+0x360>
 8002046:	f7fe fe39 	bl	8000cbc <HAL_GetTick>
 800204a:	1b40      	subs	r0, r0, r5
 800204c:	2802      	cmp	r0, #2
 800204e:	d9f5      	bls.n	800203c <HAL_RCC_OscConfig+0x348>
 8002050:	2003      	movs	r0, #3
 8002052:	e05a      	b.n	800210a <HAL_RCC_OscConfig+0x416>
 8002054:	69e3      	ldr	r3, [r4, #28]
 8002056:	6a22      	ldr	r2, [r4, #32]
 8002058:	4313      	orrs	r3, r2
 800205a:	6a62      	ldr	r2, [r4, #36]	@ 0x24
 800205c:	ea43 1382 	orr.w	r3, r3, r2, lsl #6
 8002060:	6aa2      	ldr	r2, [r4, #40]	@ 0x28
 8002062:	0852      	lsrs	r2, r2, #1
 8002064:	3a01      	subs	r2, #1
 8002066:	ea43 4302 	orr.w	r3, r3, r2, lsl #16
 800206a:	6ae2      	ldr	r2, [r4, #44]	@ 0x2c
 800206c:	ea43 6302 	orr.w	r3, r3, r2, lsl #24
 8002070:	6b22      	ldr	r2, [r4, #48]	@ 0x30
 8002072:	ea43 7302 	orr.w	r3, r3, r2, lsl #28
 8002076:	4a2e      	ldr	r2, [pc, #184]	@ (8002130 <HAL_RCC_OscConfig+0x43c>)
 8002078:	6053      	str	r3, [r2, #4]
 800207a:	4b2e      	ldr	r3, [pc, #184]	@ (8002134 <HAL_RCC_OscConfig+0x440>)
 800207c:	2201      	movs	r2, #1
 800207e:	661a      	str	r2, [r3, #96]	@ 0x60
 8002080:	f7fe fe1c 	bl	8000cbc <HAL_GetTick>
 8002084:	4604      	mov	r4, r0
 8002086:	4b2a      	ldr	r3, [pc, #168]	@ (8002130 <HAL_RCC_OscConfig+0x43c>)
 8002088:	681b      	ldr	r3, [r3, #0]
 800208a:	f013 7f00 	tst.w	r3, #33554432	@ 0x2000000
 800208e:	d106      	bne.n	800209e <HAL_RCC_OscConfig+0x3aa>
 8002090:	f7fe fe14 	bl	8000cbc <HAL_GetTick>
 8002094:	1b00      	subs	r0, r0, r4
 8002096:	2802      	cmp	r0, #2
 8002098:	d9f5      	bls.n	8002086 <HAL_RCC_OscConfig+0x392>
 800209a:	2003      	movs	r0, #3
 800209c:	e035      	b.n	800210a <HAL_RCC_OscConfig+0x416>
 800209e:	2000      	movs	r0, #0
 80020a0:	e033      	b.n	800210a <HAL_RCC_OscConfig+0x416>
 80020a2:	2000      	movs	r0, #0
 80020a4:	e031      	b.n	800210a <HAL_RCC_OscConfig+0x416>
 80020a6:	2b01      	cmp	r3, #1
 80020a8:	d031      	beq.n	800210e <HAL_RCC_OscConfig+0x41a>
 80020aa:	4b21      	ldr	r3, [pc, #132]	@ (8002130 <HAL_RCC_OscConfig+0x43c>)
 80020ac:	685b      	ldr	r3, [r3, #4]
 80020ae:	f403 0180 	and.w	r1, r3, #4194304	@ 0x400000
 80020b2:	69e2      	ldr	r2, [r4, #28]
 80020b4:	4291      	cmp	r1, r2
 80020b6:	d12c      	bne.n	8002112 <HAL_RCC_OscConfig+0x41e>
 80020b8:	f003 023f 	and.w	r2, r3, #63	@ 0x3f
 80020bc:	6a21      	ldr	r1, [r4, #32]
 80020be:	428a      	cmp	r2, r1
 80020c0:	d129      	bne.n	8002116 <HAL_RCC_OscConfig+0x422>
 80020c2:	6a61      	ldr	r1, [r4, #36]	@ 0x24
 80020c4:	f647 72c0 	movw	r2, #32704	@ 0x7fc0
 80020c8:	401a      	ands	r2, r3
 80020ca:	ebb2 1f81 	cmp.w	r2, r1, lsl #6
 80020ce:	d124      	bne.n	800211a <HAL_RCC_OscConfig+0x426>
 80020d0:	f403 3140 	and.w	r1, r3, #196608	@ 0x30000
 80020d4:	6aa2      	ldr	r2, [r4, #40]	@ 0x28
 80020d6:	0852      	lsrs	r2, r2, #1
 80020d8:	3a01      	subs	r2, #1
 80020da:	ebb1 4f02 	cmp.w	r1, r2, lsl #16
 80020de:	d11e      	bne.n	800211e <HAL_RCC_OscConfig+0x42a>
 80020e0:	f003 6270 	and.w	r2, r3, #251658240	@ 0xf000000
 80020e4:	6ae1      	ldr	r1, [r4, #44]	@ 0x2c
 80020e6:	ebb2 6f01 	cmp.w	r2, r1, lsl #24
 80020ea:	d11a      	bne.n	8002122 <HAL_RCC_OscConfig+0x42e>
 80020ec:	f003 43e0 	and.w	r3, r3, #1879048192	@ 0x70000000
 80020f0:	6b22      	ldr	r2, [r4, #48]	@ 0x30
 80020f2:	ebb3 7f02 	cmp.w	r3, r2, lsl #28
 80020f6:	d116      	bne.n	8002126 <HAL_RCC_OscConfig+0x432>
 80020f8:	2000      	movs	r0, #0
 80020fa:	e006      	b.n	800210a <HAL_RCC_OscConfig+0x416>
 80020fc:	2001      	movs	r0, #1
 80020fe:	4770      	bx	lr
 8002100:	2001      	movs	r0, #1
 8002102:	e002      	b.n	800210a <HAL_RCC_OscConfig+0x416>
 8002104:	2001      	movs	r0, #1
 8002106:	e000      	b.n	800210a <HAL_RCC_OscConfig+0x416>
 8002108:	2000      	movs	r0, #0
 800210a:	b002      	add	sp, #8
 800210c:	bd70      	pop	{r4, r5, r6, pc}
 800210e:	2001      	movs	r0, #1
 8002110:	e7fb      	b.n	800210a <HAL_RCC_OscConfig+0x416>
 8002112:	2001      	movs	r0, #1
 8002114:	e7f9      	b.n	800210a <HAL_RCC_OscConfig+0x416>
 8002116:	2001      	movs	r0, #1
 8002118:	e7f7      	b.n	800210a <HAL_RCC_OscConfig+0x416>
 800211a:	2001      	movs	r0, #1
 800211c:	e7f5      	b.n	800210a <HAL_RCC_OscConfig+0x416>
 800211e:	2001      	movs	r0, #1
 8002120:	e7f3      	b.n	800210a <HAL_RCC_OscConfig+0x416>
 8002122:	2001      	movs	r0, #1
 8002124:	e7f1      	b.n	800210a <HAL_RCC_OscConfig+0x416>
 8002126:	2001      	movs	r0, #1
 8002128:	e7ef      	b.n	800210a <HAL_RCC_OscConfig+0x416>
 800212a:	bf00      	nop
 800212c:	40007000 	.word	0x40007000
 8002130:	40023800 	.word	0x40023800
 8002134:	42470000 	.word	0x42470000

08002138 <TIM_TI1_ConfigInputStage>:
 8002138:	b410      	push	{r4}
 800213a:	6a03      	ldr	r3, [r0, #32]
 800213c:	6a04      	ldr	r4, [r0, #32]
 800213e:	f024 0401 	bic.w	r4, r4, #1
 8002142:	6204      	str	r4, [r0, #32]
 8002144:	6984      	ldr	r4, [r0, #24]
 8002146:	f024 0cf0 	bic.w	ip, r4, #240	@ 0xf0
 800214a:	ea4c 1202 	orr.w	r2, ip, r2, lsl #4
 800214e:	f023 030a 	bic.w	r3, r3, #10
 8002152:	430b      	orrs	r3, r1
 8002154:	6182      	str	r2, [r0, #24]
 8002156:	6203      	str	r3, [r0, #32]
 8002158:	f85d 4b04 	ldr.w	r4, [sp], #4
 800215c:	4770      	bx	lr

0800215e <TIM_TI2_ConfigInputStage>:
 800215e:	b410      	push	{r4}
 8002160:	6a03      	ldr	r3, [r0, #32]
 8002162:	f023 0310 	bic.w	r3, r3, #16
 8002166:	6203      	str	r3, [r0, #32]
 8002168:	6984      	ldr	r4, [r0, #24]
 800216a:	6a03      	ldr	r3, [r0, #32]
 800216c:	f424 4c70 	bic.w	ip, r4, #61440	@ 0xf000
 8002170:	ea4c 3202 	orr.w	r2, ip, r2, lsl #12
 8002174:	f023 03a0 	bic.w	r3, r3, #160	@ 0xa0
 8002178:	ea43 1301 	orr.w	r3, r3, r1, lsl #4
 800217c:	6182      	str	r2, [r0, #24]
 800217e:	6203      	str	r3, [r0, #32]
 8002180:	f85d 4b04 	ldr.w	r4, [sp], #4
 8002184:	4770      	bx	lr

08002186 <TIM_ITRx_SetConfig>:
 8002186:	6883      	ldr	r3, [r0, #8]
 8002188:	f023 0370 	bic.w	r3, r3, #112	@ 0x70
 800218c:	430b      	orrs	r3, r1
 800218e:	f043 0307 	orr.w	r3, r3, #7
 8002192:	6083      	str	r3, [r0, #8]
 8002194:	4770      	bx	lr
	...

08002198 <HAL_TIM_Base_Start>:
 8002198:	f890 303d 	ldrb.w	r3, [r0, #61]	@ 0x3d
 800219c:	b2db      	uxtb	r3, r3
 800219e:	2b01      	cmp	r3, #1
 80021a0:	d132      	bne.n	8002208 <HAL_TIM_Base_Start+0x70>
 80021a2:	2302      	movs	r3, #2
 80021a4:	f880 303d 	strb.w	r3, [r0, #61]	@ 0x3d
 80021a8:	6803      	ldr	r3, [r0, #0]
 80021aa:	4a19      	ldr	r2, [pc, #100]	@ (8002210 <HAL_TIM_Base_Start+0x78>)
 80021ac:	4293      	cmp	r3, r2
 80021ae:	d020      	beq.n	80021f2 <HAL_TIM_Base_Start+0x5a>
 80021b0:	f1b3 4f80 	cmp.w	r3, #1073741824	@ 0x40000000
 80021b4:	d01d      	beq.n	80021f2 <HAL_TIM_Base_Start+0x5a>
 80021b6:	f5a2 427c 	sub.w	r2, r2, #64512	@ 0xfc00
 80021ba:	4293      	cmp	r3, r2
 80021bc:	d019      	beq.n	80021f2 <HAL_TIM_Base_Start+0x5a>
 80021be:	f502 6280 	add.w	r2, r2, #1024	@ 0x400
 80021c2:	4293      	cmp	r3, r2
 80021c4:	d015      	beq.n	80021f2 <HAL_TIM_Base_Start+0x5a>
 80021c6:	f502 6280 	add.w	r2, r2, #1024	@ 0x400
 80021ca:	4293      	cmp	r3, r2
 80021cc:	d011      	beq.n	80021f2 <HAL_TIM_Base_Start+0x5a>
 80021ce:	f502 4278 	add.w	r2, r2, #63488	@ 0xf800
 80021d2:	4293      	cmp	r3, r2
 80021d4:	d00d      	beq.n	80021f2 <HAL_TIM_Base_Start+0x5a>
 80021d6:	f502 5270 	add.w	r2, r2, #15360	@ 0x3c00
 80021da:	4293      	cmp	r3, r2
 80021dc:	d009      	beq.n	80021f2 <HAL_TIM_Base_Start+0x5a>
 80021de:	f5a2 3294 	sub.w	r2, r2, #75776	@ 0x12800
 80021e2:	4293      	cmp	r3, r2
 80021e4:	d005      	beq.n	80021f2 <HAL_TIM_Base_Start+0x5a>
 80021e6:	681a      	ldr	r2, [r3, #0]
 80021e8:	f042 0201 	orr.w	r2, r2, #1
 80021ec:	601a      	str	r2, [r3, #0]
 80021ee:	2000      	movs	r0, #0
 80021f0:	4770      	bx	lr
 80021f2:	689a      	ldr	r2, [r3, #8]
 80021f4:	f002 0207 	and.w	r2, r2, #7
 80021f8:	2a06      	cmp	r2, #6
 80021fa:	d007      	beq.n	800220c <HAL_TIM_Base_Start+0x74>
 80021fc:	681a      	ldr	r2, [r3, #0]
 80021fe:	f042 0201 	orr.w	r2, r2, #1
 8002202:	601a      	str	r2, [r3, #0]
 8002204:	2000      	movs	r0, #0
 8002206:	4770      	bx	lr
 8002208:	2001      	movs	r0, #1
 800220a:	4770      	bx	lr
 800220c:	2000      	movs	r0, #0
 800220e:	4770      	bx	lr
 8002210:	40010000 	.word	0x40010000

08002214 <HAL_TIM_Base_Stop>:
 8002214:	6803      	ldr	r3, [r0, #0]
 8002216:	6a19      	ldr	r1, [r3, #32]
 8002218:	f241 1211 	movw	r2, #4369	@ 0x1111
 800221c:	4211      	tst	r1, r2
 800221e:	d108      	bne.n	8002232 <HAL_TIM_Base_Stop+0x1e>
 8002220:	6a19      	ldr	r1, [r3, #32]
 8002222:	f240 4244 	movw	r2, #1092	@ 0x444
 8002226:	4211      	tst	r1, r2
 8002228:	d103      	bne.n	8002232 <HAL_TIM_Base_Stop+0x1e>
 800222a:	681a      	ldr	r2, [r3, #0]
 800222c:	f022 0201 	bic.w	r2, r2, #1
 8002230:	601a      	str	r2, [r3, #0]
 8002232:	2301      	movs	r3, #1
 8002234:	f880 303d 	strb.w	r3, [r0, #61]	@ 0x3d
 8002238:	2000      	movs	r0, #0
 800223a:	4770      	bx	lr

0800223c <HAL_TIM_PeriodElapsedCallback>:
 800223c:	4770      	bx	lr

0800223e <HAL_TIM_OC_DelayElapsedCallback>:
 800223e:	4770      	bx	lr

08002240 <HAL_TIM_IC_CaptureCallback>:
 8002240:	4770      	bx	lr

08002242 <HAL_TIM_PWM_PulseFinishedCallback>:
 8002242:	4770      	bx	lr

08002244 <HAL_TIM_TriggerCallback>:
 8002244:	4770      	bx	lr

08002246 <HAL_TIM_IRQHandler>:
 8002246:	b510      	push	{r4, lr}
 8002248:	4604      	mov	r4, r0
 800224a:	6803      	ldr	r3, [r0, #0]
 800224c:	691a      	ldr	r2, [r3, #16]
 800224e:	f012 0f02 	tst.w	r2, #2
 8002252:	d011      	beq.n	8002278 <HAL_TIM_IRQHandler+0x32>
 8002254:	68da      	ldr	r2, [r3, #12]
 8002256:	f012 0f02 	tst.w	r2, #2
 800225a:	d00d      	beq.n	8002278 <HAL_TIM_IRQHandler+0x32>
 800225c:	f06f 0202 	mvn.w	r2, #2
 8002260:	611a      	str	r2, [r3, #16]
 8002262:	2301      	movs	r3, #1
 8002264:	7703      	strb	r3, [r0, #28]
 8002266:	6803      	ldr	r3, [r0, #0]
 8002268:	699b      	ldr	r3, [r3, #24]
 800226a:	f013 0f03 	tst.w	r3, #3
 800226e:	d070      	beq.n	8002352 <HAL_TIM_IRQHandler+0x10c>
 8002270:	f7ff ffe6 	bl	8002240 <HAL_TIM_IC_CaptureCallback>
 8002274:	2300      	movs	r3, #0
 8002276:	7723      	strb	r3, [r4, #28]
 8002278:	6823      	ldr	r3, [r4, #0]
 800227a:	691a      	ldr	r2, [r3, #16]
 800227c:	f012 0f04 	tst.w	r2, #4
 8002280:	d012      	beq.n	80022a8 <HAL_TIM_IRQHandler+0x62>
 8002282:	68da      	ldr	r2, [r3, #12]
 8002284:	f012 0f04 	tst.w	r2, #4
 8002288:	d00e      	beq.n	80022a8 <HAL_TIM_IRQHandler+0x62>
 800228a:	f06f 0204 	mvn.w	r2, #4
 800228e:	611a      	str	r2, [r3, #16]
 8002290:	2302      	movs	r3, #2
 8002292:	7723      	strb	r3, [r4, #28]
 8002294:	6823      	ldr	r3, [r4, #0]
 8002296:	699b      	ldr	r3, [r3, #24]
 8002298:	f413 7f40 	tst.w	r3, #768	@ 0x300
 800229c:	d05f      	beq.n	800235e <HAL_TIM_IRQHandler+0x118>
 800229e:	4620      	mov	r0, r4
 80022a0:	f7ff ffce 	bl	8002240 <HAL_TIM_IC_CaptureCallback>
 80022a4:	2300      	movs	r3, #0
 80022a6:	7723      	strb	r3, [r4, #28]
 80022a8:	6823      	ldr	r3, [r4, #0]
 80022aa:	691a      	ldr	r2, [r3, #16]
 80022ac:	f012 0f08 	tst.w	r2, #8
 80022b0:	d012      	beq.n	80022d8 <HAL_TIM_IRQHandler+0x92>
 80022b2:	68da      	ldr	r2, [r3, #12]
 80022b4:	f012 0f08 	tst.w	r2, #8
 80022b8:	d00e      	beq.n	80022d8 <HAL_TIM_IRQHandler+0x92>
 80022ba:	f06f 0208 	mvn.w	r2, #8
 80022be:	611a      	str	r2, [r3, #16]
 80022c0:	2304      	movs	r3, #4
 80022c2:	7723      	strb	r3, [r4, #28]
 80022c4:	6823      	ldr	r3, [r4, #0]
 80022c6:	69db      	ldr	r3, [r3, #28]
 80022c8:	f013 0f03 	tst.w	r3, #3
 80022cc:	d04e      	beq.n	800236c <HAL_TIM_IRQHandler+0x126>
 80022ce:	4620      	mov	r0, r4
 80022d0:	f7ff ffb6 	bl	8002240 <HAL_TIM_IC_CaptureCallback>
 80022d4:	2300      	movs	r3, #0
 80022d6:	7723      	strb	r3, [r4, #28]
 80022d8:	6823      	ldr	r3, [r4, #0]
 80022da:	691a      	ldr	r2, [r3, #16]
 80022dc:	f012 0f10 	tst.w	r2, #16
 80022e0:	d012      	beq.n	8002308 <HAL_TIM_IRQHandler+0xc2>
 80022e2:	68da      	ldr	r2, [r3, #12]
 80022e4:	f012 0f10 	tst.w	r2, #16
 80022e8:	d00e      	beq.n	8002308 <HAL_TIM_IRQHandler+0xc2>
 80022ea:	f06f 0210 	mvn.w	r2, #16
 80022ee:	611a      	str	r2, [r3, #16]
 80022f0:	2308      	movs	r3, #8
 80022f2:	7723      	strb	r3, [r4, #28]
 80022f4:	6823      	ldr	r3, [r4, #0]
 80022f6:	69db      	ldr	r3, [r3, #28]
 80022f8:	f413 7f40 	tst.w	r3, #768	@ 0x300
 80022fc:	d03d      	beq.n	800237a <HAL_TIM_IRQHandler+0x134>
 80022fe:	4620      	mov	r0, r4
 8002300:	f7ff ff9e 	bl	8002240 <HAL_TIM_IC_CaptureCallback>
 8002304:	2300      	movs	r3, #0
 8002306:	7723      	strb	r3, [r4, #28]
 8002308:	6823      	ldr	r3, [r4, #0]
 800230a:	691a      	ldr	r2, [r3, #16]
 800230c:	f012 0f01 	tst.w	r2, #1
 8002310:	d003      	beq.n	800231a <HAL_TIM_IRQHandler+0xd4>
 8002312:	68da      	ldr	r2, [r3, #12]
 8002314:	f012 0f01 	tst.w	r2, #1
 8002318:	d136      	bne.n	8002388 <HAL_TIM_IRQHandler+0x142>
 800231a:	6823      	ldr	r3, [r4, #0]
 800231c:	691a      	ldr	r2, [r3, #16]
 800231e:	f012 0f80 	tst.w	r2, #128	@ 0x80
 8002322:	d003      	beq.n	800232c <HAL_TIM_IRQHandler+0xe6>
 8002324:	68da      	ldr	r2, [r3, #12]
 8002326:	f012 0f80 	tst.w	r2, #128	@ 0x80
 800232a:	d134      	bne.n	8002396 <HAL_TIM_IRQHandler+0x150>
 800232c:	6823      	ldr	r3, [r4, #0]
 800232e:	691a      	ldr	r2, [r3, #16]
 8002330:	f012 0f40 	tst.w	r2, #64	@ 0x40
 8002334:	d003      	beq.n	800233e <HAL_TIM_IRQHandler+0xf8>
 8002336:	68da      	ldr	r2, [r3, #12]
 8002338:	f012 0f40 	tst.w	r2, #64	@ 0x40
 800233c:	d132      	bne.n	80023a4 <HAL_TIM_IRQHandler+0x15e>
 800233e:	6823      	ldr	r3, [r4, #0]
 8002340:	691a      	ldr	r2, [r3, #16]
 8002342:	f012 0f20 	tst.w	r2, #32
 8002346:	d003      	beq.n	8002350 <HAL_TIM_IRQHandler+0x10a>
 8002348:	68da      	ldr	r2, [r3, #12]
 800234a:	f012 0f20 	tst.w	r2, #32
 800234e:	d130      	bne.n	80023b2 <HAL_TIM_IRQHandler+0x16c>
 8002350:	bd10      	pop	{r4, pc}
 8002352:	f7ff ff74 	bl	800223e <HAL_TIM_OC_DelayElapsedCallback>
 8002356:	4620      	mov	r0, r4
 8002358:	f7ff ff73 	bl	8002242 <HAL_TIM_PWM_PulseFinishedCallback>
 800235c:	e78a      	b.n	8002274 <HAL_TIM_IRQHandler+0x2e>
 800235e:	4620      	mov	r0, r4
 8002360:	f7ff ff6d 	bl	800223e <HAL_TIM_OC_DelayElapsedCallback>
 8002364:	4620      	mov	r0, r4
 8002366:	f7ff ff6c 	bl	8002242 <HAL_TIM_PWM_PulseFinishedCallback>
 800236a:	e79b      	b.n	80022a4 <HAL_TIM_IRQHandler+0x5e>
 800236c:	4620      	mov	r0, r4
 800236e:	f7ff ff66 	bl	800223e <HAL_TIM_OC_DelayElapsedCallback>
 8002372:	4620      	mov	r0, r4
 8002374:	f7ff ff65 	bl	8002242 <HAL_TIM_PWM_PulseFinishedCallback>
 8002378:	e7ac      	b.n	80022d4 <HAL_TIM_IRQHandler+0x8e>
 800237a:	4620      	mov	r0, r4
 800237c:	f7ff ff5f 	bl	800223e <HAL_TIM_OC_DelayElapsedCallback>
 8002380:	4620      	mov	r0, r4
 8002382:	f7ff ff5e 	bl	8002242 <HAL_TIM_PWM_PulseFinishedCallback>
 8002386:	e7bd      	b.n	8002304 <HAL_TIM_IRQHandler+0xbe>
 8002388:	f06f 0201 	mvn.w	r2, #1
 800238c:	611a      	str	r2, [r3, #16]
 800238e:	4620      	mov	r0, r4
 8002390:	f7ff ff54 	bl	800223c <HAL_TIM_PeriodElapsedCallback>
 8002394:	e7c1      	b.n	800231a <HAL_TIM_IRQHandler+0xd4>
 8002396:	f06f 0280 	mvn.w	r2, #128	@ 0x80
 800239a:	611a      	str	r2, [r3, #16]
 800239c:	4620      	mov	r0, r4
 800239e:	f000 f972 	bl	8002686 <HAL_TIMEx_BreakCallback>
 80023a2:	e7c3      	b.n	800232c <HAL_TIM_IRQHandler+0xe6>
 80023a4:	f06f 0240 	mvn.w	r2, #64	@ 0x40
 80023a8:	611a      	str	r2, [r3, #16]
 80023aa:	4620      	mov	r0, r4
 80023ac:	f7ff ff4a 	bl	8002244 <HAL_TIM_TriggerCallback>
 80023b0:	e7c5      	b.n	800233e <HAL_TIM_IRQHandler+0xf8>
 80023b2:	f06f 0220 	mvn.w	r2, #32
 80023b6:	611a      	str	r2, [r3, #16]
 80023b8:	4620      	mov	r0, r4
 80023ba:	f000 f963 	bl	8002684 <HAL_TIMEx_CommutCallback>
 80023be:	e7c7      	b.n	8002350 <HAL_TIM_IRQHandler+0x10a>

080023c0 <TIM_Base_SetConfig>:
 80023c0:	6803      	ldr	r3, [r0, #0]
 80023c2:	4a30      	ldr	r2, [pc, #192]	@ (8002484 <TIM_Base_SetConfig+0xc4>)
 80023c4:	4290      	cmp	r0, r2
 80023c6:	d012      	beq.n	80023ee <TIM_Base_SetConfig+0x2e>
 80023c8:	f1b0 4f80 	cmp.w	r0, #1073741824	@ 0x40000000
 80023cc:	d00f      	beq.n	80023ee <TIM_Base_SetConfig+0x2e>
 80023ce:	f5a2 427c 	sub.w	r2, r2, #64512	@ 0xfc00
 80023d2:	4290      	cmp	r0, r2
 80023d4:	d00b      	beq.n	80023ee <TIM_Base_SetConfig+0x2e>
 80023d6:	f502 6280 	add.w	r2, r2, #1024	@ 0x400
 80023da:	4290      	cmp	r0, r2
 80023dc:	d007      	beq.n	80023ee <TIM_Base_SetConfig+0x2e>
 80023de:	f502 6280 	add.w	r2, r2, #1024	@ 0x400
 80023e2:	4290      	cmp	r0, r2
 80023e4:	d003      	beq.n	80023ee <TIM_Base_SetConfig+0x2e>
 80023e6:	f502 4278 	add.w	r2, r2, #63488	@ 0xf800
 80023ea:	4290      	cmp	r0, r2
 80023ec:	d103      	bne.n	80023f6 <TIM_Base_SetConfig+0x36>
 80023ee:	f023 0370 	bic.w	r3, r3, #112	@ 0x70
 80023f2:	684a      	ldr	r2, [r1, #4]
 80023f4:	4313      	orrs	r3, r2
 80023f6:	4a23      	ldr	r2, [pc, #140]	@ (8002484 <TIM_Base_SetConfig+0xc4>)
 80023f8:	4290      	cmp	r0, r2
 80023fa:	d02a      	beq.n	8002452 <TIM_Base_SetConfig+0x92>
 80023fc:	f1b0 4f80 	cmp.w	r0, #1073741824	@ 0x40000000
 8002400:	d027      	beq.n	8002452 <TIM_Base_SetConfig+0x92>
 8002402:	f5a2 427c 	sub.w	r2, r2, #64512	@ 0xfc00
 8002406:	4290      	cmp	r0, r2
 8002408:	d023      	beq.n	8002452 <TIM_Base_SetConfig+0x92>
 800240a:	f502 6280 	add.w	r2, r2, #1024	@ 0x400
 800240e:	4290      	cmp	r0, r2
 8002410:	d01f      	beq.n	8002452 <TIM_Base_SetConfig+0x92>
 8002412:	f502 6280 	add.w	r2, r2, #1024	@ 0x400
 8002416:	4290      	cmp	r0, r2
 8002418:	d01b      	beq.n	8002452 <TIM_Base_SetConfig+0x92>
 800241a:	f502 4278 	add.w	r2, r2, #63488	@ 0xf800
 800241e:	4290      	cmp	r0, r2
 8002420:	d017      	beq.n	8002452 <TIM_Base_SetConfig+0x92>
 8002422:	f502 5270 	add.w	r2, r2, #15360	@ 0x3c00
 8002426:	4290      	cmp	r0, r2
 8002428:	d013      	beq.n	8002452 <TIM_Base_SetConfig+0x92>
 800242a:	f502 6280 	add.w	r2, r2, #1024	@ 0x400
 800242e:	4290      	cmp	r0, r2
 8002430:	d00f      	beq.n	8002452 <TIM_Base_SetConfig+0x92>
 8002432:	f502 6280 	add.w	r2, r2, #1024	@ 0x400
 8002436:	4290      	cmp	r0, r2
 8002438:	d00b      	beq.n	8002452 <TIM_Base_SetConfig+0x92>
 800243a:	f5a2 3298 	sub.w	r2, r2, #77824	@ 0x13000
 800243e:	4290      	cmp	r0, r2
 8002440:	d007      	beq.n	8002452 <TIM_Base_SetConfig+0x92>
 8002442:	f502 6280 	add.w	r2, r2, #1024	@ 0x400
 8002446:	4290      	cmp	r0, r2
 8002448:	d003      	beq.n	8002452 <TIM_Base_SetConfig+0x92>
 800244a:	f502 6280 	add.w	r2, r2, #1024	@ 0x400
 800244e:	4290      	cmp	r0, r2
 8002450:	d103      	bne.n	800245a <TIM_Base_SetConfig+0x9a>
 8002452:	f423 7340 	bic.w	r3, r3, #768	@ 0x300
 8002456:	68ca      	ldr	r2, [r1, #12]
 8002458:	4313      	orrs	r3, r2
 800245a:	f023 0380 	bic.w	r3, r3, #128	@ 0x80
 800245e:	694a      	ldr	r2, [r1, #20]
 8002460:	4313      	orrs	r3, r2
 8002462:	6003      	str	r3, [r0, #0]
 8002464:	688b      	ldr	r3, [r1, #8]
 8002466:	62c3      	str	r3, [r0, #44]	@ 0x2c
 8002468:	680b      	ldr	r3, [r1, #0]
 800246a:	6283      	str	r3, [r0, #40]	@ 0x28
 800246c:	4b05      	ldr	r3, [pc, #20]	@ (8002484 <TIM_Base_SetConfig+0xc4>)
 800246e:	4298      	cmp	r0, r3
 8002470:	d003      	beq.n	800247a <TIM_Base_SetConfig+0xba>
 8002472:	f503 6380 	add.w	r3, r3, #1024	@ 0x400
 8002476:	4298      	cmp	r0, r3
 8002478:	d101      	bne.n	800247e <TIM_Base_SetConfig+0xbe>
 800247a:	690b      	ldr	r3, [r1, #16]
 800247c:	6303      	str	r3, [r0, #48]	@ 0x30
 800247e:	2301      	movs	r3, #1
 8002480:	6143      	str	r3, [r0, #20]
 8002482:	4770      	bx	lr
 8002484:	40010000 	.word	0x40010000

08002488 <HAL_TIM_Base_Init>:
 8002488:	b340      	cbz	r0, 80024dc <HAL_TIM_Base_Init+0x54>
 800248a:	b510      	push	{r4, lr}
 800248c:	4604      	mov	r4, r0
 800248e:	f890 303d 	ldrb.w	r3, [r0, #61]	@ 0x3d
 8002492:	b1f3      	cbz	r3, 80024d2 <HAL_TIM_Base_Init+0x4a>
 8002494:	2302      	movs	r3, #2
 8002496:	f884 303d 	strb.w	r3, [r4, #61]	@ 0x3d
 800249a:	4621      	mov	r1, r4
 800249c:	f851 0b04 	ldr.w	r0, [r1], #4
 80024a0:	f7ff ff8e 	bl	80023c0 <TIM_Base_SetConfig>
 80024a4:	2301      	movs	r3, #1
 80024a6:	f884 3046 	strb.w	r3, [r4, #70]	@ 0x46
 80024aa:	f884 303e 	strb.w	r3, [r4, #62]	@ 0x3e
 80024ae:	f884 303f 	strb.w	r3, [r4, #63]	@ 0x3f
 80024b2:	f884 3040 	strb.w	r3, [r4, #64]	@ 0x40
 80024b6:	f884 3041 	strb.w	r3, [r4, #65]	@ 0x41
 80024ba:	f884 3042 	strb.w	r3, [r4, #66]	@ 0x42
 80024be:	f884 3043 	strb.w	r3, [r4, #67]	@ 0x43
 80024c2:	f884 3044 	strb.w	r3, [r4, #68]	@ 0x44
 80024c6:	f884 3045 	strb.w	r3, [r4, #69]	@ 0x45
 80024ca:	f884 303d 	strb.w	r3, [r4, #61]	@ 0x3d
 80024ce:	2000      	movs	r0, #0
 80024d0:	bd10      	pop	{r4, pc}
 80024d2:	f880 303c 	strb.w	r3, [r0, #60]	@ 0x3c
 80024d6:	f7ff f9b9 	bl	800184c <HAL_TIM_Base_MspInit>
 80024da:	e7db      	b.n	8002494 <HAL_TIM_Base_Init+0xc>
 80024dc:	2001      	movs	r0, #1
 80024de:	4770      	bx	lr

080024e0 <TIM_ETR_SetConfig>:
 80024e0:	b410      	push	{r4}
 80024e2:	6884      	ldr	r4, [r0, #8]
 80024e4:	f424 4c7f 	bic.w	ip, r4, #65280	@ 0xff00
 80024e8:	ea42 2203 	orr.w	r2, r2, r3, lsl #8
 80024ec:	430a      	orrs	r2, r1
 80024ee:	ea42 020c 	orr.w	r2, r2, ip
 80024f2:	6082      	str	r2, [r0, #8]
 80024f4:	f85d 4b04 	ldr.w	r4, [sp], #4
 80024f8:	4770      	bx	lr

080024fa <HAL_TIM_ConfigClockSource>:
 80024fa:	f890 303c 	ldrb.w	r3, [r0, #60]	@ 0x3c
 80024fe:	2b01      	cmp	r3, #1
 8002500:	d078      	beq.n	80025f4 <HAL_TIM_ConfigClockSource+0xfa>
 8002502:	b510      	push	{r4, lr}
 8002504:	4604      	mov	r4, r0
 8002506:	2301      	movs	r3, #1
 8002508:	f880 303c 	strb.w	r3, [r0, #60]	@ 0x3c
 800250c:	2302      	movs	r3, #2
 800250e:	f880 303d 	strb.w	r3, [r0, #61]	@ 0x3d
 8002512:	6802      	ldr	r2, [r0, #0]
 8002514:	6893      	ldr	r3, [r2, #8]
 8002516:	f423 437f 	bic.w	r3, r3, #65280	@ 0xff00
 800251a:	f023 0377 	bic.w	r3, r3, #119	@ 0x77
 800251e:	6093      	str	r3, [r2, #8]
 8002520:	680b      	ldr	r3, [r1, #0]
 8002522:	2b60      	cmp	r3, #96	@ 0x60
 8002524:	d04c      	beq.n	80025c0 <HAL_TIM_ConfigClockSource+0xc6>
 8002526:	d823      	bhi.n	8002570 <HAL_TIM_ConfigClockSource+0x76>
 8002528:	2b40      	cmp	r3, #64	@ 0x40
 800252a:	d054      	beq.n	80025d6 <HAL_TIM_ConfigClockSource+0xdc>
 800252c:	d811      	bhi.n	8002552 <HAL_TIM_ConfigClockSource+0x58>
 800252e:	2b20      	cmp	r3, #32
 8002530:	d003      	beq.n	800253a <HAL_TIM_ConfigClockSource+0x40>
 8002532:	d80a      	bhi.n	800254a <HAL_TIM_ConfigClockSource+0x50>
 8002534:	b10b      	cbz	r3, 800253a <HAL_TIM_ConfigClockSource+0x40>
 8002536:	2b10      	cmp	r3, #16
 8002538:	d105      	bne.n	8002546 <HAL_TIM_ConfigClockSource+0x4c>
 800253a:	4619      	mov	r1, r3
 800253c:	6820      	ldr	r0, [r4, #0]
 800253e:	f7ff fe22 	bl	8002186 <TIM_ITRx_SetConfig>
 8002542:	2000      	movs	r0, #0
 8002544:	e028      	b.n	8002598 <HAL_TIM_ConfigClockSource+0x9e>
 8002546:	2001      	movs	r0, #1
 8002548:	e026      	b.n	8002598 <HAL_TIM_ConfigClockSource+0x9e>
 800254a:	2b30      	cmp	r3, #48	@ 0x30
 800254c:	d0f5      	beq.n	800253a <HAL_TIM_ConfigClockSource+0x40>
 800254e:	2001      	movs	r0, #1
 8002550:	e022      	b.n	8002598 <HAL_TIM_ConfigClockSource+0x9e>
 8002552:	2b50      	cmp	r3, #80	@ 0x50
 8002554:	d10a      	bne.n	800256c <HAL_TIM_ConfigClockSource+0x72>
 8002556:	68ca      	ldr	r2, [r1, #12]
 8002558:	6849      	ldr	r1, [r1, #4]
 800255a:	6800      	ldr	r0, [r0, #0]
 800255c:	f7ff fdec 	bl	8002138 <TIM_TI1_ConfigInputStage>
 8002560:	2150      	movs	r1, #80	@ 0x50
 8002562:	6820      	ldr	r0, [r4, #0]
 8002564:	f7ff fe0f 	bl	8002186 <TIM_ITRx_SetConfig>
 8002568:	2000      	movs	r0, #0
 800256a:	e015      	b.n	8002598 <HAL_TIM_ConfigClockSource+0x9e>
 800256c:	2001      	movs	r0, #1
 800256e:	e013      	b.n	8002598 <HAL_TIM_ConfigClockSource+0x9e>
 8002570:	f5b3 5f80 	cmp.w	r3, #4096	@ 0x1000
 8002574:	d03a      	beq.n	80025ec <HAL_TIM_ConfigClockSource+0xf2>
 8002576:	f5b3 5f00 	cmp.w	r3, #8192	@ 0x2000
 800257a:	d014      	beq.n	80025a6 <HAL_TIM_ConfigClockSource+0xac>
 800257c:	2b70      	cmp	r3, #112	@ 0x70
 800257e:	d137      	bne.n	80025f0 <HAL_TIM_ConfigClockSource+0xf6>
 8002580:	68cb      	ldr	r3, [r1, #12]
 8002582:	684a      	ldr	r2, [r1, #4]
 8002584:	6889      	ldr	r1, [r1, #8]
 8002586:	6800      	ldr	r0, [r0, #0]
 8002588:	f7ff ffaa 	bl	80024e0 <TIM_ETR_SetConfig>
 800258c:	6822      	ldr	r2, [r4, #0]
 800258e:	6893      	ldr	r3, [r2, #8]
 8002590:	f043 0377 	orr.w	r3, r3, #119	@ 0x77
 8002594:	6093      	str	r3, [r2, #8]
 8002596:	2000      	movs	r0, #0
 8002598:	2301      	movs	r3, #1
 800259a:	f884 303d 	strb.w	r3, [r4, #61]	@ 0x3d
 800259e:	2300      	movs	r3, #0
 80025a0:	f884 303c 	strb.w	r3, [r4, #60]	@ 0x3c
 80025a4:	bd10      	pop	{r4, pc}
 80025a6:	68cb      	ldr	r3, [r1, #12]
 80025a8:	684a      	ldr	r2, [r1, #4]
 80025aa:	6889      	ldr	r1, [r1, #8]
 80025ac:	6800      	ldr	r0, [r0, #0]
 80025ae:	f7ff ff97 	bl	80024e0 <TIM_ETR_SetConfig>
 80025b2:	6822      	ldr	r2, [r4, #0]
 80025b4:	6893      	ldr	r3, [r2, #8]
 80025b6:	f443 4380 	orr.w	r3, r3, #16384	@ 0x4000
 80025ba:	6093      	str	r3, [r2, #8]
 80025bc:	2000      	movs	r0, #0
 80025be:	e7eb      	b.n	8002598 <HAL_TIM_ConfigClockSource+0x9e>
 80025c0:	68ca      	ldr	r2, [r1, #12]
 80025c2:	6849      	ldr	r1, [r1, #4]
 80025c4:	6800      	ldr	r0, [r0, #0]
 80025c6:	f7ff fdca 	bl	800215e <TIM_TI2_ConfigInputStage>
 80025ca:	2160      	movs	r1, #96	@ 0x60
 80025cc:	6820      	ldr	r0, [r4, #0]
 80025ce:	f7ff fdda 	bl	8002186 <TIM_ITRx_SetConfig>
 80025d2:	2000      	movs	r0, #0
 80025d4:	e7e0      	b.n	8002598 <HAL_TIM_ConfigClockSource+0x9e>
 80025d6:	68ca      	ldr	r2, [r1, #12]
 80025d8:	6849      	ldr	r1, [r1, #4]
 80025da:	6800      	ldr	r0, [r0, #0]
 80025dc:	f7ff fdac 	bl	8002138 <TIM_TI1_ConfigInputStage>
 80025e0:	2140      	movs	r1, #64	@ 0x40
 80025e2:	6820      	ldr	r0, [r4, #0]
 80025e4:	f7ff fdcf 	bl	8002186 <TIM_ITRx_SetConfig>
 80025e8:	2000      	movs	r0, #0
 80025ea:	e7d5      	b.n	8002598 <HAL_TIM_ConfigClockSource+0x9e>
 80025ec:	2000      	movs	r0, #0
 80025ee:	e7d3      	b.n	8002598 <HAL_TIM_ConfigClockSource+0x9e>
 80025f0:	2001      	movs	r0, #1
 80025f2:	e7d1      	b.n	8002598 <HAL_TIM_ConfigClockSource+0x9e>
 80025f4:	2002      	movs	r0, #2
 80025f6:	4770      	bx	lr

080025f8 <HAL_TIMEx_MasterConfigSynchronization>:
 80025f8:	f890 203c 	ldrb.w	r2, [r0, #60]	@ 0x3c
 80025fc:	2a01      	cmp	r2, #1
 80025fe:	d03d      	beq.n	800267c <HAL_TIMEx_MasterConfigSynchronization+0x84>
 8002600:	b410      	push	{r4}
 8002602:	4603      	mov	r3, r0
 8002604:	2201      	movs	r2, #1
 8002606:	f880 203c 	strb.w	r2, [r0, #60]	@ 0x3c
 800260a:	2202      	movs	r2, #2
 800260c:	f880 203d 	strb.w	r2, [r0, #61]	@ 0x3d
 8002610:	6802      	ldr	r2, [r0, #0]
 8002612:	6850      	ldr	r0, [r2, #4]
 8002614:	6894      	ldr	r4, [r2, #8]
 8002616:	f020 0c70 	bic.w	ip, r0, #112	@ 0x70
 800261a:	6808      	ldr	r0, [r1, #0]
 800261c:	ea40 000c 	orr.w	r0, r0, ip
 8002620:	6050      	str	r0, [r2, #4]
 8002622:	681a      	ldr	r2, [r3, #0]
 8002624:	4816      	ldr	r0, [pc, #88]	@ (8002680 <HAL_TIMEx_MasterConfigSynchronization+0x88>)
 8002626:	4282      	cmp	r2, r0
 8002628:	d01a      	beq.n	8002660 <HAL_TIMEx_MasterConfigSynchronization+0x68>
 800262a:	f1b2 4f80 	cmp.w	r2, #1073741824	@ 0x40000000
 800262e:	d017      	beq.n	8002660 <HAL_TIMEx_MasterConfigSynchronization+0x68>
 8002630:	f5a0 407c 	sub.w	r0, r0, #64512	@ 0xfc00
 8002634:	4282      	cmp	r2, r0
 8002636:	d013      	beq.n	8002660 <HAL_TIMEx_MasterConfigSynchronization+0x68>
 8002638:	f500 6080 	add.w	r0, r0, #1024	@ 0x400
 800263c:	4282      	cmp	r2, r0
 800263e:	d00f      	beq.n	8002660 <HAL_TIMEx_MasterConfigSynchronization+0x68>
 8002640:	f500 6080 	add.w	r0, r0, #1024	@ 0x400
 8002644:	4282      	cmp	r2, r0
 8002646:	d00b      	beq.n	8002660 <HAL_TIMEx_MasterConfigSynchronization+0x68>
 8002648:	f500 4078 	add.w	r0, r0, #63488	@ 0xf800
 800264c:	4282      	cmp	r2, r0
 800264e:	d007      	beq.n	8002660 <HAL_TIMEx_MasterConfigSynchronization+0x68>
 8002650:	f500 5070 	add.w	r0, r0, #15360	@ 0x3c00
 8002654:	4282      	cmp	r2, r0
 8002656:	d003      	beq.n	8002660 <HAL_TIMEx_MasterConfigSynchronization+0x68>
 8002658:	f5a0 3094 	sub.w	r0, r0, #75776	@ 0x12800
 800265c:	4282      	cmp	r2, r0
 800265e:	d104      	bne.n	800266a <HAL_TIMEx_MasterConfigSynchronization+0x72>
 8002660:	f024 0480 	bic.w	r4, r4, #128	@ 0x80
 8002664:	6849      	ldr	r1, [r1, #4]
 8002666:	4321      	orrs	r1, r4
 8002668:	6091      	str	r1, [r2, #8]
 800266a:	2201      	movs	r2, #1
 800266c:	f883 203d 	strb.w	r2, [r3, #61]	@ 0x3d
 8002670:	2000      	movs	r0, #0
 8002672:	f883 003c 	strb.w	r0, [r3, #60]	@ 0x3c
 8002676:	f85d 4b04 	ldr.w	r4, [sp], #4
 800267a:	4770      	bx	lr
 800267c:	2002      	movs	r0, #2
 800267e:	4770      	bx	lr
 8002680:	40010000 	.word	0x40010000

08002684 <HAL_TIMEx_CommutCallback>:
 8002684:	4770      	bx	lr

08002686 <HAL_TIMEx_BreakCallback>:
 8002686:	4770      	bx	lr

08002688 <UART_EndRxTransfer>:
 8002688:	6802      	ldr	r2, [r0, #0]
 800268a:	f102 030c 	add.w	r3, r2, #12
 800268e:	e853 3f00 	ldrex	r3, [r3]
 8002692:	f423 7390 	bic.w	r3, r3, #288	@ 0x120
 8002696:	320c      	adds	r2, #12
 8002698:	e842 3100 	strex	r1, r3, [r2]
 800269c:	2900      	cmp	r1, #0
 800269e:	d1f3      	bne.n	8002688 <UART_EndRxTransfer>
 80026a0:	6802      	ldr	r2, [r0, #0]
 80026a2:	f102 0314 	add.w	r3, r2, #20
 80026a6:	e853 3f00 	ldrex	r3, [r3]
 80026aa:	f023 0301 	bic.w	r3, r3, #1
 80026ae:	3214      	adds	r2, #20
 80026b0:	e842 3100 	strex	r1, r3, [r2]
 80026b4:	2900      	cmp	r1, #0
 80026b6:	d1f3      	bne.n	80026a0 <UART_EndRxTransfer+0x18>
 80026b8:	6b03      	ldr	r3, [r0, #48]	@ 0x30
 80026ba:	2b01      	cmp	r3, #1
 80026bc:	d005      	beq.n	80026ca <UART_EndRxTransfer+0x42>
 80026be:	2320      	movs	r3, #32
 80026c0:	f880 303e 	strb.w	r3, [r0, #62]	@ 0x3e
 80026c4:	2300      	movs	r3, #0
 80026c6:	6303      	str	r3, [r0, #48]	@ 0x30
 80026c8:	4770      	bx	lr
 80026ca:	6802      	ldr	r2, [r0, #0]
 80026cc:	f102 030c 	add.w	r3, r2, #12
 80026d0:	e853 3f00 	ldrex	r3, [r3]
 80026d4:	f023 0310 	bic.w	r3, r3, #16
 80026d8:	320c      	adds	r2, #12
 80026da:	e842 3100 	strex	r1, r3, [r2]
 80026de:	2900      	cmp	r1, #0
 80026e0:	d1f3      	bne.n	80026ca <UART_EndRxTransfer+0x42>
 80026e2:	e7ec      	b.n	80026be <UART_EndRxTransfer+0x36>

080026e4 <UART_Transmit_IT>:
 80026e4:	f890 303d 	ldrb.w	r3, [r0, #61]	@ 0x3d
 80026e8:	b2db      	uxtb	r3, r3
 80026ea:	2b21      	cmp	r3, #33	@ 0x21
 80026ec:	d001      	beq.n	80026f2 <UART_Transmit_IT+0xe>
 80026ee:	2002      	movs	r0, #2
 80026f0:	4770      	bx	lr
 80026f2:	6883      	ldr	r3, [r0, #8]
 80026f4:	f5b3 5f80 	cmp.w	r3, #4096	@ 0x1000
 80026f8:	d017      	beq.n	800272a <UART_Transmit_IT+0x46>
 80026fa:	6a03      	ldr	r3, [r0, #32]
 80026fc:	1c5a      	adds	r2, r3, #1
 80026fe:	6202      	str	r2, [r0, #32]
 8002700:	781a      	ldrb	r2, [r3, #0]
 8002702:	6803      	ldr	r3, [r0, #0]
 8002704:	605a      	str	r2, [r3, #4]
 8002706:	8cc3      	ldrh	r3, [r0, #38]	@ 0x26
 8002708:	b29b      	uxth	r3, r3
 800270a:	3b01      	subs	r3, #1
 800270c:	b29b      	uxth	r3, r3
 800270e:	84c3      	strh	r3, [r0, #38]	@ 0x26
 8002710:	b94b      	cbnz	r3, 8002726 <UART_Transmit_IT+0x42>
 8002712:	6802      	ldr	r2, [r0, #0]
 8002714:	68d3      	ldr	r3, [r2, #12]
 8002716:	f023 0380 	bic.w	r3, r3, #128	@ 0x80
 800271a:	60d3      	str	r3, [r2, #12]
 800271c:	6802      	ldr	r2, [r0, #0]
 800271e:	68d3      	ldr	r3, [r2, #12]
 8002720:	f043 0340 	orr.w	r3, r3, #64	@ 0x40
 8002724:	60d3      	str	r3, [r2, #12]
 8002726:	2000      	movs	r0, #0
 8002728:	4770      	bx	lr
 800272a:	6903      	ldr	r3, [r0, #16]
 800272c:	2b00      	cmp	r3, #0
 800272e:	d1e4      	bne.n	80026fa <UART_Transmit_IT+0x16>
 8002730:	6a03      	ldr	r3, [r0, #32]
 8002732:	881b      	ldrh	r3, [r3, #0]
 8002734:	6802      	ldr	r2, [r0, #0]
 8002736:	f3c3 0308 	ubfx	r3, r3, #0, #9
 800273a:	6053      	str	r3, [r2, #4]
 800273c:	6a03      	ldr	r3, [r0, #32]
 800273e:	3302      	adds	r3, #2
 8002740:	6203      	str	r3, [r0, #32]
 8002742:	e7e0      	b.n	8002706 <UART_Transmit_IT+0x22>

08002744 <UART_SetConfig>:
 8002744:	b510      	push	{r4, lr}
 8002746:	4604      	mov	r4, r0
 8002748:	6802      	ldr	r2, [r0, #0]
 800274a:	6913      	ldr	r3, [r2, #16]
 800274c:	f423 5340 	bic.w	r3, r3, #12288	@ 0x3000
 8002750:	68c1      	ldr	r1, [r0, #12]
 8002752:	430b      	orrs	r3, r1
 8002754:	6113      	str	r3, [r2, #16]
 8002756:	6883      	ldr	r3, [r0, #8]
 8002758:	6902      	ldr	r2, [r0, #16]
 800275a:	431a      	orrs	r2, r3
 800275c:	6943      	ldr	r3, [r0, #20]
 800275e:	431a      	orrs	r2, r3
 8002760:	69c3      	ldr	r3, [r0, #28]
 8002762:	431a      	orrs	r2, r3
 8002764:	6801      	ldr	r1, [r0, #0]
 8002766:	68cb      	ldr	r3, [r1, #12]
 8002768:	f423 4316 	bic.w	r3, r3, #38400	@ 0x9600
 800276c:	f023 030c 	bic.w	r3, r3, #12
 8002770:	4313      	orrs	r3, r2
 8002772:	60cb      	str	r3, [r1, #12]
 8002774:	6802      	ldr	r2, [r0, #0]
 8002776:	6953      	ldr	r3, [r2, #20]
 8002778:	f423 7340 	bic.w	r3, r3, #768	@ 0x300
 800277c:	6981      	ldr	r1, [r0, #24]
 800277e:	430b      	orrs	r3, r1
 8002780:	6153      	str	r3, [r2, #20]
 8002782:	6803      	ldr	r3, [r0, #0]
 8002784:	4a31      	ldr	r2, [pc, #196]	@ (800284c <UART_SetConfig+0x108>)
 8002786:	4293      	cmp	r3, r2
 8002788:	d006      	beq.n	8002798 <UART_SetConfig+0x54>
 800278a:	f502 6280 	add.w	r2, r2, #1024	@ 0x400
 800278e:	4293      	cmp	r3, r2
 8002790:	d002      	beq.n	8002798 <UART_SetConfig+0x54>
 8002792:	f7ff f9c7 	bl	8001b24 <HAL_RCC_GetPCLK1Freq>
 8002796:	e001      	b.n	800279c <UART_SetConfig+0x58>
 8002798:	f7ff f9d4 	bl	8001b44 <HAL_RCC_GetPCLK2Freq>
 800279c:	69e3      	ldr	r3, [r4, #28]
 800279e:	f5b3 4f00 	cmp.w	r3, #32768	@ 0x8000
 80027a2:	d029      	beq.n	80027f8 <UART_SetConfig+0xb4>
 80027a4:	2100      	movs	r1, #0
 80027a6:	1803      	adds	r3, r0, r0
 80027a8:	4149      	adcs	r1, r1
 80027aa:	181b      	adds	r3, r3, r0
 80027ac:	f141 0100 	adc.w	r1, r1, #0
 80027b0:	00c9      	lsls	r1, r1, #3
 80027b2:	ea41 7153 	orr.w	r1, r1, r3, lsr #29
 80027b6:	00db      	lsls	r3, r3, #3
 80027b8:	1818      	adds	r0, r3, r0
 80027ba:	6863      	ldr	r3, [r4, #4]
 80027bc:	ea4f 0283 	mov.w	r2, r3, lsl #2
 80027c0:	ea4f 7393 	mov.w	r3, r3, lsr #30
 80027c4:	f141 0100 	adc.w	r1, r1, #0
 80027c8:	f7fd fd1c 	bl	8000204 <__aeabi_uldivmod>
 80027cc:	4a20      	ldr	r2, [pc, #128]	@ (8002850 <UART_SetConfig+0x10c>)
 80027ce:	fba2 3100 	umull	r3, r1, r2, r0
 80027d2:	0949      	lsrs	r1, r1, #5
 80027d4:	2364      	movs	r3, #100	@ 0x64
 80027d6:	fb03 0311 	mls	r3, r3, r1, r0
 80027da:	011b      	lsls	r3, r3, #4
 80027dc:	3332      	adds	r3, #50	@ 0x32
 80027de:	fba2 2303 	umull	r2, r3, r2, r3
 80027e2:	095b      	lsrs	r3, r3, #5
 80027e4:	f003 02f0 	and.w	r2, r3, #240	@ 0xf0
 80027e8:	eb02 1201 	add.w	r2, r2, r1, lsl #4
 80027ec:	f003 030f 	and.w	r3, r3, #15
 80027f0:	6821      	ldr	r1, [r4, #0]
 80027f2:	4413      	add	r3, r2
 80027f4:	608b      	str	r3, [r1, #8]
 80027f6:	bd10      	pop	{r4, pc}
 80027f8:	2300      	movs	r3, #0
 80027fa:	1802      	adds	r2, r0, r0
 80027fc:	eb43 0103 	adc.w	r1, r3, r3
 8002800:	1812      	adds	r2, r2, r0
 8002802:	f141 0100 	adc.w	r1, r1, #0
 8002806:	00c9      	lsls	r1, r1, #3
 8002808:	ea41 7152 	orr.w	r1, r1, r2, lsr #29
 800280c:	00d2      	lsls	r2, r2, #3
 800280e:	1810      	adds	r0, r2, r0
 8002810:	f141 0100 	adc.w	r1, r1, #0
 8002814:	6862      	ldr	r2, [r4, #4]
 8002816:	1892      	adds	r2, r2, r2
 8002818:	415b      	adcs	r3, r3
 800281a:	f7fd fcf3 	bl	8000204 <__aeabi_uldivmod>
 800281e:	4a0c      	ldr	r2, [pc, #48]	@ (8002850 <UART_SetConfig+0x10c>)
 8002820:	fba2 3100 	umull	r3, r1, r2, r0
 8002824:	0949      	lsrs	r1, r1, #5
 8002826:	2364      	movs	r3, #100	@ 0x64
 8002828:	fb03 0311 	mls	r3, r3, r1, r0
 800282c:	00db      	lsls	r3, r3, #3
 800282e:	3332      	adds	r3, #50	@ 0x32
 8002830:	fba2 2303 	umull	r2, r3, r2, r3
 8002834:	095b      	lsrs	r3, r3, #5
 8002836:	005a      	lsls	r2, r3, #1
 8002838:	f402 72f8 	and.w	r2, r2, #496	@ 0x1f0
 800283c:	eb02 1201 	add.w	r2, r2, r1, lsl #4
 8002840:	f003 0307 	and.w	r3, r3, #7
 8002844:	6821      	ldr	r1, [r4, #0]
 8002846:	4413      	add	r3, r2
 8002848:	608b      	str	r3, [r1, #8]
 800284a:	e7d4      	b.n	80027f6 <UART_SetConfig+0xb2>
 800284c:	40011000 	.word	0x40011000
 8002850:	51eb851f 	.word	0x51eb851f

08002854 <HAL_UART_Init>:
 8002854:	b358      	cbz	r0, 80028ae <HAL_UART_Init+0x5a>
 8002856:	b510      	push	{r4, lr}
 8002858:	4604      	mov	r4, r0
 800285a:	f890 303d 	ldrb.w	r3, [r0, #61]	@ 0x3d
 800285e:	b30b      	cbz	r3, 80028a4 <HAL_UART_Init+0x50>
 8002860:	2324      	movs	r3, #36	@ 0x24
 8002862:	f884 303d 	strb.w	r3, [r4, #61]	@ 0x3d
 8002866:	6822      	ldr	r2, [r4, #0]
 8002868:	68d3      	ldr	r3, [r2, #12]
 800286a:	f423 5300 	bic.w	r3, r3, #8192	@ 0x2000
 800286e:	60d3      	str	r3, [r2, #12]
 8002870:	4620      	mov	r0, r4
 8002872:	f7ff ff67 	bl	8002744 <UART_SetConfig>
 8002876:	6822      	ldr	r2, [r4, #0]
 8002878:	6913      	ldr	r3, [r2, #16]
 800287a:	f423 4390 	bic.w	r3, r3, #18432	@ 0x4800
 800287e:	6113      	str	r3, [r2, #16]
 8002880:	6822      	ldr	r2, [r4, #0]
 8002882:	6953      	ldr	r3, [r2, #20]
 8002884:	f023 032a 	bic.w	r3, r3, #42	@ 0x2a
 8002888:	6153      	str	r3, [r2, #20]
 800288a:	6822      	ldr	r2, [r4, #0]
 800288c:	68d3      	ldr	r3, [r2, #12]
 800288e:	f443 5300 	orr.w	r3, r3, #8192	@ 0x2000
 8002892:	60d3      	str	r3, [r2, #12]
 8002894:	2000      	movs	r0, #0
 8002896:	6420      	str	r0, [r4, #64]	@ 0x40
 8002898:	2320      	movs	r3, #32
 800289a:	f884 303d 	strb.w	r3, [r4, #61]	@ 0x3d
 800289e:	f884 303e 	strb.w	r3, [r4, #62]	@ 0x3e
 80028a2:	bd10      	pop	{r4, pc}
 80028a4:	f880 303c 	strb.w	r3, [r0, #60]	@ 0x3c
 80028a8:	f7ff f80a 	bl	80018c0 <HAL_UART_MspInit>
 80028ac:	e7d8      	b.n	8002860 <HAL_UART_Init+0xc>
 80028ae:	2001      	movs	r0, #1
 80028b0:	4770      	bx	lr

080028b2 <UART_EndTransmit_IT>:
 80028b2:	b508      	push	{r3, lr}
 80028b4:	6801      	ldr	r1, [r0, #0]
 80028b6:	68ca      	ldr	r2, [r1, #12]
 80028b8:	f022 0240 	bic.w	r2, r2, #64	@ 0x40
 80028bc:	60ca      	str	r2, [r1, #12]
 80028be:	2220      	movs	r2, #32
 80028c0:	f880 203d 	strb.w	r2, [r0, #61]	@ 0x3d
 80028c4:	f7fe f98a 	bl	8000bdc <HAL_UART_TxCpltCallback>
 80028c8:	2000      	movs	r0, #0
 80028ca:	bd08      	pop	{r3, pc}

080028cc <UART_DMAAbortOnError>:
 80028cc:	b508      	push	{r3, lr}
 80028ce:	6b80      	ldr	r0, [r0, #56]	@ 0x38
 80028d0:	2300      	movs	r3, #0
 80028d2:	85c3      	strh	r3, [r0, #46]	@ 0x2e
 80028d4:	84c3      	strh	r3, [r0, #38]	@ 0x26
 80028d6:	f7fe f98d 	bl	8000bf4 <HAL_UART_ErrorCallback>
 80028da:	bd08      	pop	{r3, pc}

080028dc <HAL_UARTEx_RxEventCallback>:
 80028dc:	4770      	bx	lr

080028de <UART_Receive_IT>:
 80028de:	f890 303e 	ldrb.w	r3, [r0, #62]	@ 0x3e
 80028e2:	b2db      	uxtb	r3, r3
 80028e4:	2b22      	cmp	r3, #34	@ 0x22
 80028e6:	d167      	bne.n	80029b8 <UART_Receive_IT+0xda>
 80028e8:	6883      	ldr	r3, [r0, #8]
 80028ea:	f5b3 5f80 	cmp.w	r3, #4096	@ 0x1000
 80028ee:	d04d      	beq.n	800298c <UART_Receive_IT+0xae>
 80028f0:	6a82      	ldr	r2, [r0, #40]	@ 0x28
 80028f2:	f5b3 5f80 	cmp.w	r3, #4096	@ 0x1000
 80028f6:	d004      	beq.n	8002902 <UART_Receive_IT+0x24>
 80028f8:	2b00      	cmp	r3, #0
 80028fa:	d154      	bne.n	80029a6 <UART_Receive_IT+0xc8>
 80028fc:	6903      	ldr	r3, [r0, #16]
 80028fe:	2b00      	cmp	r3, #0
 8002900:	d151      	bne.n	80029a6 <UART_Receive_IT+0xc8>
 8002902:	6803      	ldr	r3, [r0, #0]
 8002904:	685b      	ldr	r3, [r3, #4]
 8002906:	7013      	strb	r3, [r2, #0]
 8002908:	6a83      	ldr	r3, [r0, #40]	@ 0x28
 800290a:	3301      	adds	r3, #1
 800290c:	6283      	str	r3, [r0, #40]	@ 0x28
 800290e:	8dc3      	ldrh	r3, [r0, #46]	@ 0x2e
 8002910:	b29b      	uxth	r3, r3
 8002912:	3b01      	subs	r3, #1
 8002914:	b29b      	uxth	r3, r3
 8002916:	85c3      	strh	r3, [r0, #46]	@ 0x2e
 8002918:	2b00      	cmp	r3, #0
 800291a:	d14f      	bne.n	80029bc <UART_Receive_IT+0xde>
 800291c:	b500      	push	{lr}
 800291e:	b083      	sub	sp, #12
 8002920:	6802      	ldr	r2, [r0, #0]
 8002922:	68d3      	ldr	r3, [r2, #12]
 8002924:	f023 0320 	bic.w	r3, r3, #32
 8002928:	60d3      	str	r3, [r2, #12]
 800292a:	6802      	ldr	r2, [r0, #0]
 800292c:	68d3      	ldr	r3, [r2, #12]
 800292e:	f423 7380 	bic.w	r3, r3, #256	@ 0x100
 8002932:	60d3      	str	r3, [r2, #12]
 8002934:	6802      	ldr	r2, [r0, #0]
 8002936:	6953      	ldr	r3, [r2, #20]
 8002938:	f023 0301 	bic.w	r3, r3, #1
 800293c:	6153      	str	r3, [r2, #20]
 800293e:	2320      	movs	r3, #32
 8002940:	f880 303e 	strb.w	r3, [r0, #62]	@ 0x3e
 8002944:	6b03      	ldr	r3, [r0, #48]	@ 0x30
 8002946:	2b01      	cmp	r3, #1
 8002948:	d133      	bne.n	80029b2 <UART_Receive_IT+0xd4>
 800294a:	2300      	movs	r3, #0
 800294c:	6303      	str	r3, [r0, #48]	@ 0x30
 800294e:	6802      	ldr	r2, [r0, #0]
 8002950:	f102 030c 	add.w	r3, r2, #12
 8002954:	e853 3f00 	ldrex	r3, [r3]
 8002958:	f023 0310 	bic.w	r3, r3, #16
 800295c:	320c      	adds	r2, #12
 800295e:	e842 3100 	strex	r1, r3, [r2]
 8002962:	2900      	cmp	r1, #0
 8002964:	d1f3      	bne.n	800294e <UART_Receive_IT+0x70>
 8002966:	6803      	ldr	r3, [r0, #0]
 8002968:	681a      	ldr	r2, [r3, #0]
 800296a:	f012 0f10 	tst.w	r2, #16
 800296e:	d006      	beq.n	800297e <UART_Receive_IT+0xa0>
 8002970:	2200      	movs	r2, #0
 8002972:	9201      	str	r2, [sp, #4]
 8002974:	681a      	ldr	r2, [r3, #0]
 8002976:	9201      	str	r2, [sp, #4]
 8002978:	685b      	ldr	r3, [r3, #4]
 800297a:	9301      	str	r3, [sp, #4]
 800297c:	9b01      	ldr	r3, [sp, #4]
 800297e:	8d81      	ldrh	r1, [r0, #44]	@ 0x2c
 8002980:	f7ff ffac 	bl	80028dc <HAL_UARTEx_RxEventCallback>
 8002984:	2000      	movs	r0, #0
 8002986:	b003      	add	sp, #12
 8002988:	f85d fb04 	ldr.w	pc, [sp], #4
 800298c:	6902      	ldr	r2, [r0, #16]
 800298e:	2a00      	cmp	r2, #0
 8002990:	d1ae      	bne.n	80028f0 <UART_Receive_IT+0x12>
 8002992:	6a82      	ldr	r2, [r0, #40]	@ 0x28
 8002994:	6803      	ldr	r3, [r0, #0]
 8002996:	685b      	ldr	r3, [r3, #4]
 8002998:	f3c3 0308 	ubfx	r3, r3, #0, #9
 800299c:	8013      	strh	r3, [r2, #0]
 800299e:	6a83      	ldr	r3, [r0, #40]	@ 0x28
 80029a0:	3302      	adds	r3, #2
 80029a2:	6283      	str	r3, [r0, #40]	@ 0x28
 80029a4:	e7b3      	b.n	800290e <UART_Receive_IT+0x30>
 80029a6:	6803      	ldr	r3, [r0, #0]
 80029a8:	685b      	ldr	r3, [r3, #4]
 80029aa:	f003 037f 	and.w	r3, r3, #127	@ 0x7f
 80029ae:	7013      	strb	r3, [r2, #0]
 80029b0:	e7aa      	b.n	8002908 <UART_Receive_IT+0x2a>
 80029b2:	f7fe f919 	bl	8000be8 <HAL_UART_RxCpltCallback>
 80029b6:	e7e5      	b.n	8002984 <UART_Receive_IT+0xa6>
 80029b8:	2002      	movs	r0, #2
 80029ba:	4770      	bx	lr
 80029bc:	2000      	movs	r0, #0
 80029be:	4770      	bx	lr

080029c0 <HAL_UART_IRQHandler>:
 80029c0:	b510      	push	{r4, lr}
 80029c2:	b082      	sub	sp, #8
 80029c4:	4604      	mov	r4, r0
 80029c6:	6802      	ldr	r2, [r0, #0]
 80029c8:	6813      	ldr	r3, [r2, #0]
 80029ca:	68d0      	ldr	r0, [r2, #12]
 80029cc:	6951      	ldr	r1, [r2, #20]
 80029ce:	f013 0f0f 	tst.w	r3, #15
 80029d2:	d109      	bne.n	80029e8 <HAL_UART_IRQHandler+0x28>
 80029d4:	f013 0f20 	tst.w	r3, #32
 80029d8:	d00c      	beq.n	80029f4 <HAL_UART_IRQHandler+0x34>
 80029da:	f010 0f20 	tst.w	r0, #32
 80029de:	d009      	beq.n	80029f4 <HAL_UART_IRQHandler+0x34>
 80029e0:	4620      	mov	r0, r4
 80029e2:	f7ff ff7c 	bl	80028de <UART_Receive_IT>
 80029e6:	e016      	b.n	8002a16 <HAL_UART_IRQHandler+0x56>
 80029e8:	f011 0101 	ands.w	r1, r1, #1
 80029ec:	d115      	bne.n	8002a1a <HAL_UART_IRQHandler+0x5a>
 80029ee:	f410 7f90 	tst.w	r0, #288	@ 0x120
 80029f2:	d112      	bne.n	8002a1a <HAL_UART_IRQHandler+0x5a>
 80029f4:	6b21      	ldr	r1, [r4, #48]	@ 0x30
 80029f6:	2901      	cmp	r1, #1
 80029f8:	d079      	beq.n	8002aee <HAL_UART_IRQHandler+0x12e>
 80029fa:	f013 0f80 	tst.w	r3, #128	@ 0x80
 80029fe:	d003      	beq.n	8002a08 <HAL_UART_IRQHandler+0x48>
 8002a00:	f010 0f80 	tst.w	r0, #128	@ 0x80
 8002a04:	f040 8110 	bne.w	8002c28 <HAL_UART_IRQHandler+0x268>
 8002a08:	f013 0f40 	tst.w	r3, #64	@ 0x40
 8002a0c:	d003      	beq.n	8002a16 <HAL_UART_IRQHandler+0x56>
 8002a0e:	f010 0f40 	tst.w	r0, #64	@ 0x40
 8002a12:	f040 810d 	bne.w	8002c30 <HAL_UART_IRQHandler+0x270>
 8002a16:	b002      	add	sp, #8
 8002a18:	bd10      	pop	{r4, pc}
 8002a1a:	f013 0f01 	tst.w	r3, #1
 8002a1e:	d006      	beq.n	8002a2e <HAL_UART_IRQHandler+0x6e>
 8002a20:	f410 7f80 	tst.w	r0, #256	@ 0x100
 8002a24:	d003      	beq.n	8002a2e <HAL_UART_IRQHandler+0x6e>
 8002a26:	6c22      	ldr	r2, [r4, #64]	@ 0x40
 8002a28:	f042 0201 	orr.w	r2, r2, #1
 8002a2c:	6422      	str	r2, [r4, #64]	@ 0x40
 8002a2e:	f013 0f04 	tst.w	r3, #4
 8002a32:	d004      	beq.n	8002a3e <HAL_UART_IRQHandler+0x7e>
 8002a34:	b119      	cbz	r1, 8002a3e <HAL_UART_IRQHandler+0x7e>
 8002a36:	6c22      	ldr	r2, [r4, #64]	@ 0x40
 8002a38:	f042 0202 	orr.w	r2, r2, #2
 8002a3c:	6422      	str	r2, [r4, #64]	@ 0x40
 8002a3e:	f013 0f02 	tst.w	r3, #2
 8002a42:	d004      	beq.n	8002a4e <HAL_UART_IRQHandler+0x8e>
 8002a44:	b119      	cbz	r1, 8002a4e <HAL_UART_IRQHandler+0x8e>
 8002a46:	6c22      	ldr	r2, [r4, #64]	@ 0x40
 8002a48:	f042 0204 	orr.w	r2, r2, #4
 8002a4c:	6422      	str	r2, [r4, #64]	@ 0x40
 8002a4e:	f013 0f08 	tst.w	r3, #8
 8002a52:	d007      	beq.n	8002a64 <HAL_UART_IRQHandler+0xa4>
 8002a54:	f010 0f20 	tst.w	r0, #32
 8002a58:	d100      	bne.n	8002a5c <HAL_UART_IRQHandler+0x9c>
 8002a5a:	b119      	cbz	r1, 8002a64 <HAL_UART_IRQHandler+0xa4>
 8002a5c:	6c22      	ldr	r2, [r4, #64]	@ 0x40
 8002a5e:	f042 0208 	orr.w	r2, r2, #8
 8002a62:	6422      	str	r2, [r4, #64]	@ 0x40
 8002a64:	6c22      	ldr	r2, [r4, #64]	@ 0x40
 8002a66:	2a00      	cmp	r2, #0
 8002a68:	d0d5      	beq.n	8002a16 <HAL_UART_IRQHandler+0x56>
 8002a6a:	f013 0f20 	tst.w	r3, #32
 8002a6e:	d002      	beq.n	8002a76 <HAL_UART_IRQHandler+0xb6>
 8002a70:	f010 0f20 	tst.w	r0, #32
 8002a74:	d129      	bne.n	8002aca <HAL_UART_IRQHandler+0x10a>
 8002a76:	6823      	ldr	r3, [r4, #0]
 8002a78:	695b      	ldr	r3, [r3, #20]
 8002a7a:	f003 0340 	and.w	r3, r3, #64	@ 0x40
 8002a7e:	6c22      	ldr	r2, [r4, #64]	@ 0x40
 8002a80:	f012 0f08 	tst.w	r2, #8
 8002a84:	d100      	bne.n	8002a88 <HAL_UART_IRQHandler+0xc8>
 8002a86:	b363      	cbz	r3, 8002ae2 <HAL_UART_IRQHandler+0x122>
 8002a88:	4620      	mov	r0, r4
 8002a8a:	f7ff fdfd 	bl	8002688 <UART_EndRxTransfer>
 8002a8e:	6823      	ldr	r3, [r4, #0]
 8002a90:	695b      	ldr	r3, [r3, #20]
 8002a92:	f013 0f40 	tst.w	r3, #64	@ 0x40
 8002a96:	d020      	beq.n	8002ada <HAL_UART_IRQHandler+0x11a>
 8002a98:	6822      	ldr	r2, [r4, #0]
 8002a9a:	f102 0314 	add.w	r3, r2, #20
 8002a9e:	e853 3f00 	ldrex	r3, [r3]
 8002aa2:	f023 0340 	bic.w	r3, r3, #64	@ 0x40
 8002aa6:	3214      	adds	r2, #20
 8002aa8:	e842 3100 	strex	r1, r3, [r2]
 8002aac:	2900      	cmp	r1, #0
 8002aae:	d1f3      	bne.n	8002a98 <HAL_UART_IRQHandler+0xd8>
 8002ab0:	6ba3      	ldr	r3, [r4, #56]	@ 0x38
 8002ab2:	b173      	cbz	r3, 8002ad2 <HAL_UART_IRQHandler+0x112>
 8002ab4:	4a60      	ldr	r2, [pc, #384]	@ (8002c38 <HAL_UART_IRQHandler+0x278>)
 8002ab6:	651a      	str	r2, [r3, #80]	@ 0x50
 8002ab8:	6ba0      	ldr	r0, [r4, #56]	@ 0x38
 8002aba:	f7fe fc36 	bl	800132a <HAL_DMA_Abort_IT>
 8002abe:	2800      	cmp	r0, #0
 8002ac0:	d0a9      	beq.n	8002a16 <HAL_UART_IRQHandler+0x56>
 8002ac2:	6ba0      	ldr	r0, [r4, #56]	@ 0x38
 8002ac4:	6d03      	ldr	r3, [r0, #80]	@ 0x50
 8002ac6:	4798      	blx	r3
 8002ac8:	e7a5      	b.n	8002a16 <HAL_UART_IRQHandler+0x56>
 8002aca:	4620      	mov	r0, r4
 8002acc:	f7ff ff07 	bl	80028de <UART_Receive_IT>
 8002ad0:	e7d1      	b.n	8002a76 <HAL_UART_IRQHandler+0xb6>
 8002ad2:	4620      	mov	r0, r4
 8002ad4:	f7fe f88e 	bl	8000bf4 <HAL_UART_ErrorCallback>
 8002ad8:	e79d      	b.n	8002a16 <HAL_UART_IRQHandler+0x56>
 8002ada:	4620      	mov	r0, r4
 8002adc:	f7fe f88a 	bl	8000bf4 <HAL_UART_ErrorCallback>
 8002ae0:	e799      	b.n	8002a16 <HAL_UART_IRQHandler+0x56>
 8002ae2:	4620      	mov	r0, r4
 8002ae4:	f7fe f886 	bl	8000bf4 <HAL_UART_ErrorCallback>
 8002ae8:	2300      	movs	r3, #0
 8002aea:	6423      	str	r3, [r4, #64]	@ 0x40
 8002aec:	e793      	b.n	8002a16 <HAL_UART_IRQHandler+0x56>
 8002aee:	f013 0f10 	tst.w	r3, #16
 8002af2:	d082      	beq.n	80029fa <HAL_UART_IRQHandler+0x3a>
 8002af4:	f010 0f10 	tst.w	r0, #16
 8002af8:	f43f af7f 	beq.w	80029fa <HAL_UART_IRQHandler+0x3a>
 8002afc:	2300      	movs	r3, #0
 8002afe:	9301      	str	r3, [sp, #4]
 8002b00:	6813      	ldr	r3, [r2, #0]
 8002b02:	9301      	str	r3, [sp, #4]
 8002b04:	6853      	ldr	r3, [r2, #4]
 8002b06:	9301      	str	r3, [sp, #4]
 8002b08:	9b01      	ldr	r3, [sp, #4]
 8002b0a:	6953      	ldr	r3, [r2, #20]
 8002b0c:	f013 0f40 	tst.w	r3, #64	@ 0x40
 8002b10:	d050      	beq.n	8002bb4 <HAL_UART_IRQHandler+0x1f4>
 8002b12:	6ba2      	ldr	r2, [r4, #56]	@ 0x38
 8002b14:	6813      	ldr	r3, [r2, #0]
 8002b16:	685b      	ldr	r3, [r3, #4]
 8002b18:	b29b      	uxth	r3, r3
 8002b1a:	2b00      	cmp	r3, #0
 8002b1c:	f43f af7b 	beq.w	8002a16 <HAL_UART_IRQHandler+0x56>
 8002b20:	8da1      	ldrh	r1, [r4, #44]	@ 0x2c
 8002b22:	4299      	cmp	r1, r3
 8002b24:	f67f af77 	bls.w	8002a16 <HAL_UART_IRQHandler+0x56>
 8002b28:	85e3      	strh	r3, [r4, #46]	@ 0x2e
 8002b2a:	69d3      	ldr	r3, [r2, #28]
 8002b2c:	f5b3 7f80 	cmp.w	r3, #256	@ 0x100
 8002b30:	d037      	beq.n	8002ba2 <HAL_UART_IRQHandler+0x1e2>
 8002b32:	6822      	ldr	r2, [r4, #0]
 8002b34:	f102 030c 	add.w	r3, r2, #12
 8002b38:	e853 3f00 	ldrex	r3, [r3]
 8002b3c:	f423 7380 	bic.w	r3, r3, #256	@ 0x100
 8002b40:	320c      	adds	r2, #12
 8002b42:	e842 3100 	strex	r1, r3, [r2]
 8002b46:	2900      	cmp	r1, #0
 8002b48:	d1f3      	bne.n	8002b32 <HAL_UART_IRQHandler+0x172>
 8002b4a:	6822      	ldr	r2, [r4, #0]
 8002b4c:	f102 0314 	add.w	r3, r2, #20
 8002b50:	e853 3f00 	ldrex	r3, [r3]
 8002b54:	f023 0301 	bic.w	r3, r3, #1
 8002b58:	3214      	adds	r2, #20
 8002b5a:	e842 3100 	strex	r1, r3, [r2]
 8002b5e:	2900      	cmp	r1, #0
 8002b60:	d1f3      	bne.n	8002b4a <HAL_UART_IRQHandler+0x18a>
 8002b62:	6822      	ldr	r2, [r4, #0]
 8002b64:	f102 0314 	add.w	r3, r2, #20
 8002b68:	e853 3f00 	ldrex	r3, [r3]
 8002b6c:	f023 0340 	bic.w	r3, r3, #64	@ 0x40
 8002b70:	3214      	adds	r2, #20
 8002b72:	e842 3100 	strex	r1, r3, [r2]
 8002b76:	2900      	cmp	r1, #0
 8002b78:	d1f3      	bne.n	8002b62 <HAL_UART_IRQHandler+0x1a2>
 8002b7a:	2320      	movs	r3, #32
 8002b7c:	f884 303e 	strb.w	r3, [r4, #62]	@ 0x3e
 8002b80:	2300      	movs	r3, #0
 8002b82:	6323      	str	r3, [r4, #48]	@ 0x30
 8002b84:	6822      	ldr	r2, [r4, #0]
 8002b86:	f102 030c 	add.w	r3, r2, #12
 8002b8a:	e853 3f00 	ldrex	r3, [r3]
 8002b8e:	f023 0310 	bic.w	r3, r3, #16
 8002b92:	320c      	adds	r2, #12
 8002b94:	e842 3100 	strex	r1, r3, [r2]
 8002b98:	2900      	cmp	r1, #0
 8002b9a:	d1f3      	bne.n	8002b84 <HAL_UART_IRQHandler+0x1c4>
 8002b9c:	6ba0      	ldr	r0, [r4, #56]	@ 0x38
 8002b9e:	f7fe fb7a 	bl	8001296 <HAL_DMA_Abort>
 8002ba2:	8da1      	ldrh	r1, [r4, #44]	@ 0x2c
 8002ba4:	8de3      	ldrh	r3, [r4, #46]	@ 0x2e
 8002ba6:	b29b      	uxth	r3, r3
 8002ba8:	1ac9      	subs	r1, r1, r3
 8002baa:	b289      	uxth	r1, r1
 8002bac:	4620      	mov	r0, r4
 8002bae:	f7ff fe95 	bl	80028dc <HAL_UARTEx_RxEventCallback>
 8002bb2:	e730      	b.n	8002a16 <HAL_UART_IRQHandler+0x56>
 8002bb4:	8da1      	ldrh	r1, [r4, #44]	@ 0x2c
 8002bb6:	8de3      	ldrh	r3, [r4, #46]	@ 0x2e
 8002bb8:	b29b      	uxth	r3, r3
 8002bba:	1ac9      	subs	r1, r1, r3
 8002bbc:	b289      	uxth	r1, r1
 8002bbe:	8de3      	ldrh	r3, [r4, #46]	@ 0x2e
 8002bc0:	b29b      	uxth	r3, r3
 8002bc2:	2b00      	cmp	r3, #0
 8002bc4:	f43f af27 	beq.w	8002a16 <HAL_UART_IRQHandler+0x56>
 8002bc8:	2900      	cmp	r1, #0
 8002bca:	f43f af24 	beq.w	8002a16 <HAL_UART_IRQHandler+0x56>
 8002bce:	6822      	ldr	r2, [r4, #0]
 8002bd0:	f102 030c 	add.w	r3, r2, #12
 8002bd4:	e853 3f00 	ldrex	r3, [r3]
 8002bd8:	f423 7390 	bic.w	r3, r3, #288	@ 0x120
 8002bdc:	320c      	adds	r2, #12
 8002bde:	e842 3000 	strex	r0, r3, [r2]
 8002be2:	2800      	cmp	r0, #0
 8002be4:	d1f3      	bne.n	8002bce <HAL_UART_IRQHandler+0x20e>
 8002be6:	6822      	ldr	r2, [r4, #0]
 8002be8:	f102 0314 	add.w	r3, r2, #20
 8002bec:	e853 3f00 	ldrex	r3, [r3]
 8002bf0:	f023 0301 	bic.w	r3, r3, #1
 8002bf4:	3214      	adds	r2, #20
 8002bf6:	e842 3000 	strex	r0, r3, [r2]
 8002bfa:	2800      	cmp	r0, #0
 8002bfc:	d1f3      	bne.n	8002be6 <HAL_UART_IRQHandler+0x226>
 8002bfe:	2320      	movs	r3, #32
 8002c00:	f884 303e 	strb.w	r3, [r4, #62]	@ 0x3e
 8002c04:	2300      	movs	r3, #0
 8002c06:	6323      	str	r3, [r4, #48]	@ 0x30
 8002c08:	6822      	ldr	r2, [r4, #0]
 8002c0a:	f102 030c 	add.w	r3, r2, #12
 8002c0e:	e853 3f00 	ldrex	r3, [r3]
 8002c12:	f023 0310 	bic.w	r3, r3, #16
 8002c16:	320c      	adds	r2, #12
 8002c18:	e842 3000 	strex	r0, r3, [r2]
 8002c1c:	2800      	cmp	r0, #0
 8002c1e:	d1f3      	bne.n	8002c08 <HAL_UART_IRQHandler+0x248>
 8002c20:	4620      	mov	r0, r4
 8002c22:	f7ff fe5b 	bl	80028dc <HAL_UARTEx_RxEventCallback>
 8002c26:	e6f6      	b.n	8002a16 <HAL_UART_IRQHandler+0x56>
 8002c28:	4620      	mov	r0, r4
 8002c2a:	f7ff fd5b 	bl	80026e4 <UART_Transmit_IT>
 8002c2e:	e6f2      	b.n	8002a16 <HAL_UART_IRQHandler+0x56>
 8002c30:	4620      	mov	r0, r4
 8002c32:	f7ff fe3e 	bl	80028b2 <UART_EndTransmit_IT>
 8002c36:	e6ee      	b.n	8002a16 <HAL_UART_IRQHandler+0x56>
 8002c38:	080028cd 	.word	0x080028cd

08002c3c <HAL_UART_GetState>:
 8002c3c:	f890 303d 	ldrb.w	r3, [r0, #61]	@ 0x3d
 8002c40:	f890 003e 	ldrb.w	r0, [r0, #62]	@ 0x3e
 8002c44:	4318      	orrs	r0, r3
 8002c46:	4770      	bx	lr

08002c48 <UART_Start_Receive_IT>:
 8002c48:	6281      	str	r1, [r0, #40]	@ 0x28
 8002c4a:	8582      	strh	r2, [r0, #44]	@ 0x2c
 8002c4c:	85c2      	strh	r2, [r0, #46]	@ 0x2e
 8002c4e:	2300      	movs	r3, #0
 8002c50:	6403      	str	r3, [r0, #64]	@ 0x40
 8002c52:	2222      	movs	r2, #34	@ 0x22
 8002c54:	f880 203e 	strb.w	r2, [r0, #62]	@ 0x3e
 8002c58:	f880 303c 	strb.w	r3, [r0, #60]	@ 0x3c
 8002c5c:	6903      	ldr	r3, [r0, #16]
 8002c5e:	b123      	cbz	r3, 8002c6a <UART_Start_Receive_IT+0x22>
 8002c60:	6802      	ldr	r2, [r0, #0]
 8002c62:	68d3      	ldr	r3, [r2, #12]
 8002c64:	f443 7380 	orr.w	r3, r3, #256	@ 0x100
 8002c68:	60d3      	str	r3, [r2, #12]
 8002c6a:	6802      	ldr	r2, [r0, #0]
 8002c6c:	6953      	ldr	r3, [r2, #20]
 8002c6e:	f043 0301 	orr.w	r3, r3, #1
 8002c72:	6153      	str	r3, [r2, #20]
 8002c74:	6802      	ldr	r2, [r0, #0]
 8002c76:	68d3      	ldr	r3, [r2, #12]
 8002c78:	f043 0320 	orr.w	r3, r3, #32
 8002c7c:	60d3      	str	r3, [r2, #12]
 8002c7e:	2000      	movs	r0, #0
 8002c80:	4770      	bx	lr

08002c82 <HAL_UART_Receive_IT>:
 8002c82:	b508      	push	{r3, lr}
 8002c84:	f890 303e 	ldrb.w	r3, [r0, #62]	@ 0x3e
 8002c88:	b2db      	uxtb	r3, r3
 8002c8a:	2b20      	cmp	r3, #32
 8002c8c:	d10d      	bne.n	8002caa <HAL_UART_Receive_IT+0x28>
 8002c8e:	b171      	cbz	r1, 8002cae <HAL_UART_Receive_IT+0x2c>
 8002c90:	b17a      	cbz	r2, 8002cb2 <HAL_UART_Receive_IT+0x30>
 8002c92:	f890 303c 	ldrb.w	r3, [r0, #60]	@ 0x3c
 8002c96:	2b01      	cmp	r3, #1
 8002c98:	d00d      	beq.n	8002cb6 <HAL_UART_Receive_IT+0x34>
 8002c9a:	2301      	movs	r3, #1
 8002c9c:	f880 303c 	strb.w	r3, [r0, #60]	@ 0x3c
 8002ca0:	2300      	movs	r3, #0
 8002ca2:	6303      	str	r3, [r0, #48]	@ 0x30
 8002ca4:	f7ff ffd0 	bl	8002c48 <UART_Start_Receive_IT>
 8002ca8:	e000      	b.n	8002cac <HAL_UART_Receive_IT+0x2a>
 8002caa:	2002      	movs	r0, #2
 8002cac:	bd08      	pop	{r3, pc}
 8002cae:	2001      	movs	r0, #1
 8002cb0:	e7fc      	b.n	8002cac <HAL_UART_Receive_IT+0x2a>
 8002cb2:	2001      	movs	r0, #1
 8002cb4:	e7fa      	b.n	8002cac <HAL_UART_Receive_IT+0x2a>
 8002cb6:	2002      	movs	r0, #2
 8002cb8:	e7f8      	b.n	8002cac <HAL_UART_Receive_IT+0x2a>

08002cba <NMI_Handler>:
 8002cba:	e7fe      	b.n	8002cba <NMI_Handler>

08002cbc <HardFault_Handler>:
 8002cbc:	e7fe      	b.n	8002cbc <HardFault_Handler>

08002cbe <MemManage_Handler>:
 8002cbe:	e7fe      	b.n	8002cbe <MemManage_Handler>

08002cc0 <BusFault_Handler>:
 8002cc0:	e7fe      	b.n	8002cc0 <BusFault_Handler>

08002cc2 <UsageFault_Handler>:
 8002cc2:	e7fe      	b.n	8002cc2 <UsageFault_Handler>

08002cc4 <SVC_Handler>:
 8002cc4:	4770      	bx	lr

08002cc6 <DebugMon_Handler>:
 8002cc6:	4770      	bx	lr

08002cc8 <PendSV_Handler>:
 8002cc8:	4770      	bx	lr

08002cca <SysTick_Handler>:
 8002cca:	b508      	push	{r3, lr}
 8002ccc:	f7fd ffea 	bl	8000ca4 <HAL_IncTick>
 8002cd0:	bd08      	pop	{r3, pc}
	...

08002cd4 <TIM2_IRQHandler>:
 8002cd4:	b508      	push	{r3, lr}
 8002cd6:	4802      	ldr	r0, [pc, #8]	@ (8002ce0 <TIM2_IRQHandler+0xc>)
 8002cd8:	f7ff fab5 	bl	8002246 <HAL_TIM_IRQHandler>
 8002cdc:	bd08      	pop	{r3, pc}
 8002cde:	bf00      	nop
 8002ce0:	20002078 	.word	0x20002078

08002ce4 <TIM6_DAC_IRQHandler>:
 8002ce4:	b508      	push	{r3, lr}
 8002ce6:	4802      	ldr	r0, [pc, #8]	@ (8002cf0 <TIM6_DAC_IRQHandler+0xc>)
 8002ce8:	f7fe f93e 	bl	8000f68 <HAL_DAC_IRQHandler>
 8002cec:	bd08      	pop	{r3, pc}
 8002cee:	bf00      	nop
 8002cf0:	20002120 	.word	0x20002120

08002cf4 <DMA1_Stream5_IRQHandler>:
 8002cf4:	b508      	push	{r3, lr}
 8002cf6:	4802      	ldr	r0, [pc, #8]	@ (8002d00 <DMA1_Stream5_IRQHandler+0xc>)
 8002cf8:	f7fe fb2a 	bl	8001350 <HAL_DMA_IRQHandler>
 8002cfc:	bd08      	pop	{r3, pc}
 8002cfe:	bf00      	nop
 8002d00:	200020c0 	.word	0x200020c0

08002d04 <DMA1_Stream6_IRQHandler>:
 8002d04:	b508      	push	{r3, lr}
 8002d06:	4802      	ldr	r0, [pc, #8]	@ (8002d10 <DMA1_Stream6_IRQHandler+0xc>)
 8002d08:	f7fe fb22 	bl	8001350 <HAL_DMA_IRQHandler>
 8002d0c:	bd08      	pop	{r3, pc}
 8002d0e:	bf00      	nop
 8002d10:	200020c0 	.word	0x200020c0

08002d14 <EXTI4_IRQHandler>:
 8002d14:	b508      	push	{r3, lr}
 8002d16:	2010      	movs	r0, #16
 8002d18:	f7fe fcfe 	bl	8001718 <HAL_GPIO_EXTI_IRQHandler>
 8002d1c:	bd08      	pop	{r3, pc}

08002d1e <EXTI9_5_IRQHandler>:
 8002d1e:	b508      	push	{r3, lr}
 8002d20:	2020      	movs	r0, #32
 8002d22:	f7fe fcf9 	bl	8001718 <HAL_GPIO_EXTI_IRQHandler>
 8002d26:	2040      	movs	r0, #64	@ 0x40
 8002d28:	f7fe fcf6 	bl	8001718 <HAL_GPIO_EXTI_IRQHandler>
 8002d2c:	bd08      	pop	{r3, pc}

08002d2e <EXTI15_10_IRQHandler>:
 8002d2e:	b508      	push	{r3, lr}
 8002d30:	f44f 5000 	mov.w	r0, #8192	@ 0x2000
 8002d34:	f7fe fcf0 	bl	8001718 <HAL_GPIO_EXTI_IRQHandler>
 8002d38:	bd08      	pop	{r3, pc}
	...

08002d3c <USART2_IRQHandler>:
 8002d3c:	b508      	push	{r3, lr}
 8002d3e:	4802      	ldr	r0, [pc, #8]	@ (8002d48 <USART2_IRQHandler+0xc>)
 8002d40:	f7ff fe3e 	bl	80029c0 <HAL_UART_IRQHandler>
 8002d44:	bd08      	pop	{r3, pc}
 8002d46:	bf00      	nop
 8002d48:	20002034 	.word	0x20002034

08002d4c <SystemInit>:
 8002d4c:	4a03      	ldr	r2, [pc, #12]	@ (8002d5c <SystemInit+0x10>)
 8002d4e:	f8d2 3088 	ldr.w	r3, [r2, #136]	@ 0x88
 8002d52:	f443 0370 	orr.w	r3, r3, #15728640	@ 0xf00000
 8002d56:	f8c2 3088 	str.w	r3, [r2, #136]	@ 0x88
 8002d5a:	4770      	bx	lr
 8002d5c:	e000ed00 	.word	0xe000ed00

08002d60 <Reset_Handler>:
 8002d60:	f8df d034 	ldr.w	sp, [pc, #52]	@ 8002d98 <LoopFillZerobss+0x12>
 8002d64:	480d      	ldr	r0, [pc, #52]	@ (8002d9c <LoopFillZerobss+0x16>)
 8002d66:	490e      	ldr	r1, [pc, #56]	@ (8002da0 <LoopFillZerobss+0x1a>)
 8002d68:	4a0e      	ldr	r2, [pc, #56]	@ (8002da4 <LoopFillZerobss+0x1e>)
 8002d6a:	2300      	movs	r3, #0
 8002d6c:	e002      	b.n	8002d74 <LoopCopyDataInit>

08002d6e <CopyDataInit>:
 8002d6e:	58d4      	ldr	r4, [r2, r3]
 8002d70:	50c4      	str	r4, [r0, r3]
 8002d72:	3304      	adds	r3, #4

08002d74 <LoopCopyDataInit>:
 8002d74:	18c4      	adds	r4, r0, r3
 8002d76:	428c      	cmp	r4, r1
 8002d78:	d3f9      	bcc.n	8002d6e <CopyDataInit>
 8002d7a:	4a0b      	ldr	r2, [pc, #44]	@ (8002da8 <LoopFillZerobss+0x22>)
 8002d7c:	4c0b      	ldr	r4, [pc, #44]	@ (8002dac <LoopFillZerobss+0x26>)
 8002d7e:	2300      	movs	r3, #0
 8002d80:	e001      	b.n	8002d86 <LoopFillZerobss>

08002d82 <FillZerobss>:
 8002d82:	6013      	str	r3, [r2, #0]
 8002d84:	3204      	adds	r2, #4

08002d86 <LoopFillZerobss>:
 8002d86:	42a2      	cmp	r2, r4
 8002d88:	d3fb      	bcc.n	8002d82 <FillZerobss>
 8002d8a:	f7ff ffdf 	bl	8002d4c <SystemInit>
 8002d8e:	f000 f811 	bl	8002db4 <__libc_init_array>
 8002d92:	f7fd fea9 	bl	8000ae8 <main>
 8002d96:	4770      	bx	lr
 8002d98:	20020000 	.word	0x20020000
 8002d9c:	20000000 	.word	0x20000000
 8002da0:	2000000c 	.word	0x2000000c
 8002da4:	08002e44 	.word	0x08002e44
 8002da8:	2000000c 	.word	0x2000000c
 8002dac:	20002138 	.word	0x20002138

08002db0 <ADC_IRQHandler>:
 8002db0:	e7fe      	b.n	8002db0 <ADC_IRQHandler>
	...

08002db4 <__libc_init_array>:
 8002db4:	b570      	push	{r4, r5, r6, lr}
 8002db6:	4d0d      	ldr	r5, [pc, #52]	@ (8002dec <__libc_init_array+0x38>)
 8002db8:	4c0d      	ldr	r4, [pc, #52]	@ (8002df0 <__libc_init_array+0x3c>)
 8002dba:	1b64      	subs	r4, r4, r5
 8002dbc:	10a4      	asrs	r4, r4, #2
 8002dbe:	2600      	movs	r6, #0
 8002dc0:	42a6      	cmp	r6, r4
 8002dc2:	d109      	bne.n	8002dd8 <__libc_init_array+0x24>
 8002dc4:	4d0b      	ldr	r5, [pc, #44]	@ (8002df4 <__libc_init_array+0x40>)
 8002dc6:	4c0c      	ldr	r4, [pc, #48]	@ (8002df8 <__libc_init_array+0x44>)
 8002dc8:	f000 f818 	bl	8002dfc <_init>
 8002dcc:	1b64      	subs	r4, r4, r5
 8002dce:	10a4      	asrs	r4, r4, #2
 8002dd0:	2600      	movs	r6, #0
 8002dd2:	42a6      	cmp	r6, r4
 8002dd4:	d105      	bne.n	8002de2 <__libc_init_array+0x2e>
 8002dd6:	bd70      	pop	{r4, r5, r6, pc}
 8002dd8:	f855 3b04 	ldr.w	r3, [r5], #4
 8002ddc:	4798      	blx	r3
 8002dde:	3601      	adds	r6, #1
 8002de0:	e7ee      	b.n	8002dc0 <__libc_init_array+0xc>
 8002de2:	f855 3b04 	ldr.w	r3, [r5], #4
 8002de6:	4798      	blx	r3
 8002de8:	3601      	adds	r6, #1
 8002dea:	e7f2      	b.n	8002dd2 <__libc_init_array+0x1e>
 8002dec:	08002e3c 	.word	0x08002e3c
 8002df0:	08002e3c 	.word	0x08002e3c
 8002df4:	08002e3c 	.word	0x08002e3c
 8002df8:	08002e40 	.word	0x08002e40

08002dfc <_init>:
 8002dfc:	b5f8      	push	{r3, r4, r5, r6, r7, lr}
 8002dfe:	bf00      	nop
 8002e00:	bcf8      	pop	{r3, r4, r5, r6, r7}
 8002e02:	bc08      	pop	{r3}
 8002e04:	469e      	mov	lr, r3
 8002e06:	4770      	bx	lr

08002e08 <_fini>:
 8002e08:	b5f8      	push	{r3, r4, r5, r6, r7, lr}
 8002e0a:	bf00      	nop
 8002e0c:	bcf8      	pop	{r3, r4, r5, r6, r7}
 8002e0e:	bc08      	pop	{r3}
 8002e10:	469e      	mov	lr, r3
 8002e12:	4770      	bx	lr
